id,player,from,to,exp,year,available,status,updated_at
barttorvik-2026-3667,A'Meir Williams,Louisiana Tech,,,2026,True,Available transfer,2026-07-11T12:09:26+00:00
barttorvik-2026-1254,A.B. Gilchrist,Western Oregon,,,2026,True,Available transfer,2026-07-11T12:09:26+00:00
barttorvik-2026-233,A.J. Baskerville,North Georgia,,,2026,True,Available transfer,2026-07-11T12:09:26+00:00
barttorvik-2026-2466,A.J. Neal,LIU,,,2026,True,Available transfer,2026-07-11T12:09:26+00:00
barttorvik-2026-2858,"A.J. Reed, Jr.",Northeastern St.,,,2026,True,Available transfer,2026-07-11T12:09:26+00:00
barttorvik-2026-2947,A.J. Rodriguez,Cornell,,,2026,True,Available transfer,2026-07-11T12:09:26+00:00
barttorvik-2026-3706,A.J. Wills,Hofstra,,,2026,True,Available transfer,2026-07-11T12:09:26+00:00
barttorvik-2026-470,AC Bryant,Jacksonville St.,,,2026,True,Available transfer,2026-07-11T12:09:26+00:00
barttorvik-2026-212,AJ Barnes,Southern,,,2026,True,Available transfer,2026-07-11T12:09:26+00:00
barttorvik-2026-1556,AJ Hopkins,Tennessee Martin,,,2026,True,Available transfer,2026-07-11T12:09:26+00:00
barttorvik-2026-1929,AJ LaBeau,Cornell,,,2026,True,Available transfer,2026-07-11T12:09:26+00:00
barttorvik-2026-2055,AJ Lopez,Richmond,,,2026,True,Available transfer,2026-07-11T12:09:26+00:00
barttorvik-2026-2894,AJ Riggs,Utah Valley,,,2026,True,Available transfer,2026-07-11T12:09:26+00:00
barttorvik-2026-2956,AJ Rohosy,Stanford,,,2026,True,Available transfer,2026-07-11T12:09:26+00:00
barttorvik-2026-1606,Aamir Hurst,Millersville,,,2026,True,Available transfer,2026-07-11T12:09:26+00:00
barttorvik-2026-1609,Abel Hutchinson,South Dakota School of Mines,,,2026,True,Available transfer,2026-07-11T12:09:26+00:00
barttorvik-2026-541,Abou Camara,Winston-Salem State,,,2026,True,Available transfer,2026-07-11T12:09:26+00:00
barttorvik-2026-1833,Abu Keita,Bemidji St.,,,2026,True,Available transfer,2026-07-11T12:09:26+00:00
barttorvik-2026-3564,Ace Watkins,Eckerd,,,2026,True,Available transfer,2026-07-11T12:09:26+00:00
barttorvik-2026-3204,Achile Spadone,Bucknell,,,2026,True,Available transfer,2026-07-11T12:09:26+00:00
barttorvik-2026-21,Achor Achor,Mississippi St.,,,2026,True,Available transfer,2026-07-11T12:09:26+00:00
barttorvik-2026-2175,Adam Massarsch,Western Colo.,,,2026,True,Available transfer,2026-07-11T12:09:26+00:00
barttorvik-2026-2318,Adam Miller,Gonzaga,,,2026,True,Available transfer,2026-07-11T12:09:26+00:00
barttorvik-2026-2498,"Adam Njie, Jr.",Dayton,,,2026,True,Available transfer,2026-07-11T12:09:26+00:00
barttorvik-2026-3498,Adam Váradi,Lubbock Christian,,,2026,True,Available transfer,2026-07-11T12:09:26+00:00
barttorvik-2026-136,Addison Archer,Northern Kentucky,,,2026,True,Available transfer,2026-07-11T12:09:26+00:00
barttorvik-2026-3364,Adonis Thomas,Coker,,,2026,True,Available transfer,2026-07-11T12:09:26+00:00
barttorvik-2026-2919,Adren Roberts,Barry,,,2026,True,Available transfer,2026-07-11T12:09:26+00:00
barttorvik-2026-3013,Adrian Samuels,American,,,2026,True,Available transfer,2026-07-11T12:09:26+00:00
barttorvik-2026-3476,Adrian Vazquez,Goldey-Beacom,,,2026,True,Available transfer,2026-07-11T12:09:26+00:00
barttorvik-2026-1967,Aeris Lawson,Saint Leo,,,2026,True,Available transfer,2026-07-11T12:09:26+00:00
barttorvik-2026-1981,Ahjany Lee,Houston Christian,,,2026,True,Available transfer,2026-07-11T12:09:26+00:00
barttorvik-2026-1451,Ahmad Harrison,Saint Francis,,,2026,True,Available transfer,2026-07-11T12:09:26+00:00
barttorvik-2026-1737,Ahmad Johnson,Arkansas Pine Bluff,,,2026,True,Available transfer,2026-07-11T12:09:26+00:00
barttorvik-2026-2459,Ahmadou Ndiaye,Gardner Webb,,,2026,True,Available transfer,2026-07-11T12:09:26+00:00
barttorvik-2026-3198,Ahmed Soumahoro,Columbus St.,,,2026,True,Available transfer,2026-07-11T12:09:26+00:00
barttorvik-2026-1364,Aidan Hadaway,Ohio,,,2026,True,Available transfer,2026-07-11T12:09:26+00:00
barttorvik-2026-1935,Aidan Lambert,Fort Valley St.,,,2026,True,Available transfer,2026-07-11T12:09:26+00:00
barttorvik-2026-2103,Aidan Mahaney,UC Santa Barbara,,,2026,True,Available transfer,2026-07-11T12:09:26+00:00
barttorvik-2026-2515,Aidan Noyes,Belmont,,,2026,True,Available transfer,2026-07-11T12:09:26+00:00
barttorvik-2026-2980,Aidan Rubio,Eastern Michigan,,,2026,True,Available transfer,2026-07-11T12:09:26+00:00
barttorvik-2026-3080,Aidan Shaw,Boston College,,,2026,True,Available transfer,2026-07-11T12:09:26+00:00
barttorvik-2026-1683,Ajani Jamison,Simon Fraser,,,2026,True,Available transfer,2026-07-11T12:09:26+00:00
barttorvik-2026-1321,Al Green,UNLV,,,2026,True,Available transfer,2026-07-11T12:09:26+00:00
barttorvik-2026-3465,Albert Vargas,Robert Morris,,,2026,True,Available transfer,2026-07-11T12:09:26+00:00
barttorvik-2026-132,Alden Applewhite,Georgia Southern,,,2026,True,Available transfer,2026-07-11T12:09:26+00:00
barttorvik-2026-2905,Alden Ritt,Davenport,,,2026,True,Available transfer,2026-07-11T12:09:26+00:00
barttorvik-2026-2851,Alejandro Redondo Cybak,Chestnut Hill,,,2026,True,Available transfer,2026-07-11T12:09:26+00:00
barttorvik-2026-3301,Aleks Szymczyk,Cal St. Northridge,,,2026,True,Available transfer,2026-07-11T12:09:26+00:00
barttorvik-2026-974,Alex Dvorak,Mary,,,2026,True,Available transfer,2026-07-11T12:09:26+00:00
barttorvik-2026-1043,Alex Engro,Army,,,2026,True,Available transfer,2026-07-11T12:09:26+00:00
barttorvik-2026-1089,Alex Farley,Ball St.,,,2026,True,Available transfer,2026-07-11T12:09:26+00:00
barttorvik-2026-1219,Alex Garcia,Tennessee St.,,,2026,True,Available transfer,2026-07-11T12:09:26+00:00
barttorvik-2026-1337,Alex Griggs,Slippery Rock,,,2026,True,Available transfer,2026-07-11T12:09:26+00:00
barttorvik-2026-1465,Alex Hawkins,Alcorn St.,,,2026,True,Available transfer,2026-07-11T12:09:26+00:00
barttorvik-2026-1497,Alex Henry,Walsh,,,2026,True,Available transfer,2026-07-11T12:09:26+00:00
barttorvik-2026-2334,Alex Mirhosseini,Arkansas Pine Bluff,,,2026,True,Available transfer,2026-07-11T12:09:26+00:00
barttorvik-2026-2350,Alex Molofeev,Louisiana Monroe,,,2026,True,Available transfer,2026-07-11T12:09:26+00:00
barttorvik-2026-3073,Alex Sessoms,Nova Southeastern,,,2026,True,Available transfer,2026-07-11T12:09:26+00:00
barttorvik-2026-3734,Alex Woodring,Sacred Heart,,,2026,True,Available transfer,2026-07-11T12:09:26+00:00
barttorvik-2026-3740,Alfred Worrell Jr.,Morgan St.,,,2026,True,Available transfer,2026-07-11T12:09:26+00:00
barttorvik-2026-33,Alijah Adem,Bowling Green,,,2026,True,Available transfer,2026-07-11T12:09:26+00:00
barttorvik-2026-772,Alijah Curry,Pittsburg State,,,2026,True,Available transfer,2026-07-11T12:09:26+00:00
barttorvik-2026-1313,Allen Graves,Santa Clara,,,2026,True,Available transfer,2026-07-11T12:09:26+00:00
barttorvik-2026-680,Alvin Cole,Spring Hill,,,2026,True,Available transfer,2026-07-11T12:09:26+00:00
barttorvik-2026-3201,Ama Sow,Tennessee Martin,,,2026,True,Available transfer,2026-07-11T12:09:26+00:00
barttorvik-2026-3023,Amaan Sandhu,Edinboro,,,2026,True,Available transfer,2026-07-11T12:09:26+00:00
barttorvik-2026-3026,Amaan Sanni,Spring Hill,,,2026,True,Available transfer,2026-07-11T12:09:26+00:00
barttorvik-2026-1568,Amar Hot,Fresno Pacific,,,2026,True,Available transfer,2026-07-11T12:09:26+00:00
barttorvik-2026-1804,Amar Kadić,Lincoln (MO),,,2026,True,Available transfer,2026-07-11T12:09:26+00:00
barttorvik-2026-1925,Amar Kuljuhovic,Missouri St.,,,2026,True,Available transfer,2026-07-11T12:09:26+00:00
barttorvik-2026-1658,Amare Jackson,Mary,,,2026,True,Available transfer,2026-07-11T12:09:26+00:00
barttorvik-2026-16,Amaree Abram,Tennessee,,,2026,True,Available transfer,2026-07-11T12:09:26+00:00
barttorvik-2026-3687,Amari Williams,Lake Erie,,,2026,True,Available transfer,2026-07-11T12:09:26+00:00
barttorvik-2026-2494,Amarion Nimmers,FIU,,,2026,True,Available transfer,2026-07-11T12:09:26+00:00
barttorvik-2026-2356,Amarri Monroe,Quinnipiac,,,2026,True,Available transfer,2026-07-11T12:09:26+00:00
barttorvik-2026-2152,Amar’e Marshall,St. Bonaventure,,,2026,True,Available transfer,2026-07-11T12:09:26+00:00
barttorvik-2026-601,Amir Chaney,Southeastern Louisiana,,,2026,True,Available transfer,2026-07-11T12:09:26+00:00
barttorvik-2026-768,Amir Cunningham,Millersville,,,2026,True,Available transfer,2026-07-11T12:09:26+00:00
barttorvik-2026-441,Anakin Brown,Jacksonville,,,2026,True,Available transfer,2026-07-11T12:09:26+00:00
barttorvik-2026-1445,Andre Harris,Western New Mexico,,,2026,True,Available transfer,2026-07-11T12:09:26+00:00
barttorvik-2026-2414,Andre Mulibea,Coastal Carolina,,,2026,True,Available transfer,2026-07-11T12:09:26+00:00
barttorvik-2026-3523,Andre Walker II,LeMoyne-Owen,,,2026,True,Available transfer,2026-07-11T12:09:26+00:00
barttorvik-2026-504,Andrell Burton Jr.,South Dakota St.,,,2026,True,Available transfer,2026-07-11T12:09:26+00:00
barttorvik-2026-52,Andrew Akuchie,Rice,,,2026,True,Available transfer,2026-07-11T12:09:26+00:00
barttorvik-2026-538,Andrew Camacho,Cal St. East Bay,,,2026,True,Available transfer,2026-07-11T12:09:26+00:00
barttorvik-2026-709,Andrew Cook,Eastern Washington,,,2026,True,Available transfer,2026-07-11T12:09:26+00:00
barttorvik-2026-1537,Andrew Holifield,Lamar,,,2026,True,Available transfer,2026-07-11T12:09:26+00:00
barttorvik-2026-1553,Andrew Hommes,Point Loma,,,2026,True,Available transfer,2026-07-11T12:09:26+00:00
barttorvik-2026-2324,Andrew Mills,Valdosta State,,,2026,True,Available transfer,2026-07-11T12:09:26+00:00
barttorvik-2026-2548,Andrew Okafor,Stony Brook,,,2026,True,Available transfer,2026-07-11T12:09:26+00:00
barttorvik-2026-2692,Andrew Pengel,Emporia St.,,,2026,True,Available transfer,2026-07-11T12:09:26+00:00
barttorvik-2026-3125,Andrew Sineway,West Florida,,,2026,True,Available transfer,2026-07-11T12:09:26+00:00
barttorvik-2026-475,Andrija Brzović,Southeastern Oklahoma State,,,2026,True,Available transfer,2026-07-11T12:09:26+00:00
barttorvik-2026-1391,Anfernee Hanna,Concord,,,2026,True,Available transfer,2026-07-11T12:09:26+00:00
barttorvik-2026-414,Angelo Brizzi,Buffalo,,,2026,True,Available transfer,2026-07-11T12:09:26+00:00
barttorvik-2026-129,Angok Anyang,Alabama A&M,,,2026,True,Available transfer,2026-07-11T12:09:26+00:00
barttorvik-2026-1206,Anias Futrell,Lindenwood,,,2026,True,Available transfer,2026-07-11T12:09:26+00:00
barttorvik-2026-2276,Anouar Mellouk,Morehead St.,,,2026,True,Available transfer,2026-07-11T12:09:26+00:00
barttorvik-2026-3575,"Antewan Webber, Jr.",Lander,,,2026,True,Available transfer,2026-07-11T12:09:26+00:00
barttorvik-2026-622,Anthony Chinn,Post,,,2026,True,Available transfer,2026-07-11T12:09:26+00:00
barttorvik-2026-789,Anthony Daley,St. Thomas Aquinas,,,2026,True,Available transfer,2026-07-11T12:09:26+00:00
barttorvik-2026-928,Anthony Doppler,North Dakota,,,2026,True,Available transfer,2026-07-11T12:09:26+00:00
barttorvik-2026-1685,Anthony Januzzi,Ashland,,,2026,True,Available transfer,2026-07-11T12:09:26+00:00
barttorvik-2026-1731,Anthony Johnson,Arizona St.,,,2026,True,Available transfer,2026-07-11T12:09:26+00:00
barttorvik-2026-1895,Anthony Knowles,Florida A&M,,,2026,True,Available transfer,2026-07-11T12:09:26+00:00
barttorvik-2026-2101,Anthony Magwood-Spann,Benedictine Mesa,,,2026,True,Available transfer,2026-07-11T12:09:26+00:00
barttorvik-2026-2163,Anthony Martinez,Monmouth,,,2026,True,Available transfer,2026-07-11T12:09:26+00:00
barttorvik-2026-2815,Anthony Purnell,West Chester,,,2026,True,Available transfer,2026-07-11T12:09:26+00:00
barttorvik-2026-2975,Anthony Roy,Oklahoma St.,,,2026,True,Available transfer,2026-07-11T12:09:26+00:00
barttorvik-2026-3751,Anthony Wrzeszcz,New Mexico St.,,,2026,True,Available transfer,2026-07-11T12:09:26+00:00
barttorvik-2026-3491,Antoni Vlogianitis,Marist,,,2026,True,Available transfer,2026-07-11T12:09:26+00:00
barttorvik-2026-1166,Antonio Foxwell,Christian Brothers,,,2026,True,Available transfer,2026-07-11T12:09:26+00:00
barttorvik-2026-2031,Antonio Lisenbee,Northwestern Oklahoma State,,,2026,True,Available transfer,2026-07-11T12:09:26+00:00
barttorvik-2026-3136,Antonio Sisk,Mississippi Valley St.,,,2026,True,Available transfer,2026-07-11T12:09:26+00:00
barttorvik-2026-2937,Antwan Robinson,Arkansas–Fort Smith,,,2026,True,Available transfer,2026-07-11T12:09:26+00:00
barttorvik-2026-1776,Antwann Jones,UNC Greensboro,,,2026,True,Available transfer,2026-07-11T12:09:26+00:00
barttorvik-2026-2176,Antwaun Massey,Western Illinois,,,2026,True,Available transfer,2026-07-11T12:09:26+00:00
barttorvik-2026-1548,Antwonne Holmes,Sul Ross St.,,,2026,True,Available transfer,2026-07-11T12:09:26+00:00
barttorvik-2026-2251,Archer McMenamin,Christian Brothers,,,2026,True,Available transfer,2026-07-11T12:09:26+00:00
barttorvik-2026-1858,Arlandus Keyes,Mount St. Mary's,,,2026,True,Available transfer,2026-07-11T12:09:26+00:00
barttorvik-2026-2950,Arnaldo Rodriguez,Goldey-Beacom,,,2026,True,Available transfer,2026-07-11T12:09:26+00:00
barttorvik-2026-2595,Arne Osojnik,Northern Arizona,,,2026,True,Available transfer,2026-07-11T12:09:26+00:00
barttorvik-2026-2912,Arthur Roaché,District of Columbia,,,2026,True,Available transfer,2026-07-11T12:09:26+00:00
barttorvik-2026-790,Arzhonte Dallas,Cameron,,,2026,True,Available transfer,2026-07-11T12:09:26+00:00
barttorvik-2026-3612,Asa White,Eastern Kentucky,,,2026,True,Available transfer,2026-07-11T12:09:26+00:00
barttorvik-2026-3737,Asher Woods,Tulane,,,2026,True,Available transfer,2026-07-11T12:09:26+00:00
barttorvik-2026-1875,Ashton King,Gardner Webb,,,2026,True,Available transfer,2026-07-11T12:09:26+00:00
barttorvik-2026-2797,Ashton Price,Arkansas–Monticello,,,2026,True,Available transfer,2026-07-11T12:09:26+00:00
barttorvik-2026-3676,Ashton Williams,Southern Wesleyan,,,2026,True,Available transfer,2026-07-11T12:09:26+00:00
barttorvik-2026-1767,Asim Jones,Quinnipiac,,,2026,True,Available transfer,2026-07-11T12:09:26+00:00
barttorvik-2026-112,Asjon Anderson,Alabama St.,,,2026,True,Available transfer,2026-07-11T12:09:26+00:00
barttorvik-2026-902,Assane Diop,San Diego,,,2026,True,Available transfer,2026-07-11T12:09:26+00:00
barttorvik-2026-3392,AuMauri Tillman,Francis Marion,,,2026,True,Available transfer,2026-07-11T12:09:26+00:00
barttorvik-2026-3787,Augustine Youssef,UT Arlington,,,2026,True,Available transfer,2026-07-11T12:09:26+00:00
barttorvik-2026-1104,Aurek Fenn,Frostburg St.,,,2026,True,Available transfer,2026-07-11T12:09:26+00:00
barttorvik-2026-1444,Aurrion Harris,Wayne State (NE),,,2026,True,Available transfer,2026-07-11T12:09:26+00:00
barttorvik-2026-17,Austin Abrams,Eastern New Mexico,,,2026,True,Available transfer,2026-07-11T12:09:26+00:00
barttorvik-2026-1747,Austin Johnson,Dominican,,,2026,True,Available transfer,2026-07-11T12:09:26+00:00
barttorvik-2026-2363,Austin Montgomery,Georgetown,,,2026,True,Available transfer,2026-07-11T12:09:26+00:00
barttorvik-2026-3483,Austin Vick,Lynn,,,2026,True,Available transfer,2026-07-11T12:09:26+00:00
barttorvik-2026-3614,Austin White,Florida Tech,,,2026,True,Available transfer,2026-07-11T12:09:26+00:00
barttorvik-2026-3659,Austin Williams,Elon,,,2026,True,Available transfer,2026-07-11T12:09:26+00:00
barttorvik-2026-1279,Ayden Goll,Wheeling,,,2026,True,Available transfer,2026-07-11T12:09:26+00:00
barttorvik-2026-3304,Ayodele Taiwo,Howard,,,2026,True,Available transfer,2026-07-11T12:09:26+00:00
barttorvik-2026-192,Ayomide Bamisile,Utah,,,2026,True,Available transfer,2026-07-11T12:09:26+00:00
barttorvik-2026-468,Ayuba Bryant Jr.,Temple,,,2026,True,Available transfer,2026-07-11T12:09:26+00:00
barttorvik-2026-460,"B.J. Brown, Jr.",West Alabama,,,2026,True,Available transfer,2026-07-11T12:09:26+00:00
barttorvik-2026-698,B.J. Comer,N.M. Highlands,,,2026,True,Available transfer,2026-07-11T12:09:26+00:00
barttorvik-2026-3735,B.J. Woodruff,Black Hills St.,,,2026,True,Available transfer,2026-07-11T12:09:26+00:00
barttorvik-2026-2316,Baba Miller,Cincinnati,,,2026,True,Available transfer,2026-07-11T12:09:26+00:00
barttorvik-2026-382,Baron Bracey,Southern Nazarene,,,2026,True,Available transfer,2026-07-11T12:09:26+00:00
barttorvik-2026-3107,Barron Silsby,Southwest Baptist,,,2026,True,Available transfer,2026-07-11T12:09:26+00:00
barttorvik-2026-1070,Barry Evans,VCU,,,2026,True,Available transfer,2026-07-11T12:09:26+00:00
barttorvik-2026-2443,Bashir N'Galang,Maine,,,2026,True,Available transfer,2026-07-11T12:09:26+00:00
barttorvik-2026-666,Bela Clobes,Southeastern Oklahoma State,,,2026,True,Available transfer,2026-07-11T12:09:26+00:00
barttorvik-2026-165,Ben Averitt,Central Oklahoma,,,2026,True,Available transfer,2026-07-11T12:09:26+00:00
barttorvik-2026-759,Ben Csernak,Florida Tech,,,2026,True,Available transfer,2026-07-11T12:09:26+00:00
barttorvik-2026-1079,Ben Ezeagu,Southern Indiana,,,2026,True,Available transfer,2026-07-11T12:09:26+00:00
barttorvik-2026-1490,Ben Henderson,Colorado Mesa,,,2026,True,Available transfer,2026-07-11T12:09:26+00:00
barttorvik-2026-2282,Ben Menker,Loyola MD,,,2026,True,Available transfer,2026-07-11T12:09:26+00:00
barttorvik-2026-2974,Ben Roy,Boston University,,,2026,True,Available transfer,2026-07-11T12:09:26+00:00
barttorvik-2026-3052,Ben Schwieger,Northern Iowa,,,2026,True,Available transfer,2026-07-11T12:09:26+00:00
barttorvik-2026-1357,Benjamin Guy,Daemen,,,2026,True,Available transfer,2026-07-11T12:09:26+00:00
barttorvik-2026-3721,Benjamin Winker,Cal St. Fullerton,,,2026,True,Available transfer,2026-07-11T12:09:26+00:00
barttorvik-2026-1235,Benny Gealer,Stanford,,,2026,True,Available transfer,2026-07-11T12:09:26+00:00
barttorvik-2026-3528,Bentley Waller,Cal St. Bakersfield,,,2026,True,Available transfer,2026-07-11T12:09:26+00:00
barttorvik-2026-336,Bernie Blunt,Mercyhurst,,,2026,True,Available transfer,2026-07-11T12:09:26+00:00
barttorvik-2026-3466,Bernie Varnesdeel,Davenport,,,2026,True,Available transfer,2026-07-11T12:09:26+00:00
barttorvik-2026-968,Billy Durkin,Lewis,,,2026,True,Available transfer,2026-07-11T12:09:26+00:00
barttorvik-2026-3171,Billy Smith,Chattanooga,,,2026,True,Available transfer,2026-07-11T12:09:26+00:00
barttorvik-2026-3368,Blair Thomas,American Int'l,,,2026,True,Available transfer,2026-07-11T12:09:26+00:00
barttorvik-2026-3380,Blair Thompson,Columbia,,,2026,True,Available transfer,2026-07-11T12:09:26+00:00
barttorvik-2026-249,Blaise Beauchamp,Missouri S&T,,,2026,True,Available transfer,2026-07-11T12:09:26+00:00
barttorvik-2026-785,Blake Daberkow,Idaho St.,,,2026,True,Available transfer,2026-07-11T12:09:26+00:00
barttorvik-2026-808,Blake Daugherty,Purdue Northwest,,,2026,True,Available transfer,2026-07-11T12:09:26+00:00
barttorvik-2026-1293,Blake Goodman,West Virginia State,,,2026,True,Available transfer,2026-07-11T12:09:26+00:00
barttorvik-2026-3716,Blake Wilson,Miles,,,2026,True,Available transfer,2026-07-11T12:09:26+00:00
barttorvik-2026-1226,Bobby Gardner,Virginia Union,,,2026,True,Available transfer,2026-07-11T12:09:26+00:00
barttorvik-2026-1408,Bobby Hardison,Palm Beach,,,2026,True,Available transfer,2026-07-11T12:09:26+00:00
barttorvik-2026-2261,Bobby McWard,Colorado Christian,,,2026,True,Available transfer,2026-07-11T12:09:26+00:00
barttorvik-2026-3144,Boden Skunberg,Illinois St.,,,2026,True,Available transfer,2026-07-11T12:09:26+00:00
barttorvik-2026-1924,Bol Kuir,Virginia Union,,,2026,True,Available transfer,2026-07-11T12:09:26+00:00
barttorvik-2026-1667,"Bonard Jackson, Jr.",Lincoln PA,,,2026,True,Available transfer,2026-07-11T12:09:26+00:00
barttorvik-2026-2618,Boston Painter,Westminster,,,2026,True,Available transfer,2026-07-11T12:09:26+00:00
barttorvik-2026-1824,Bouna Kebe,Delaware,,,2026,True,Available transfer,2026-07-11T12:09:26+00:00
barttorvik-2026-3423,Bourgeois Tshilobo,Weber St.,,,2026,True,Available transfer,2026-07-11T12:09:26+00:00
barttorvik-2026-1409,Bowen Hardman,Akron,,,2026,True,Available transfer,2026-07-11T12:09:26+00:00
barttorvik-2026-3205,Braden Sparks,Fairfield,,,2026,True,Available transfer,2026-07-11T12:09:26+00:00
barttorvik-2026-3731,Bradlee Wolf,Johnson C. Smith,,,2026,True,Available transfer,2026-07-11T12:09:26+00:00
barttorvik-2026-764,Brady Cummins,Colgate,,,2026,True,Available transfer,2026-07-11T12:09:26+00:00
barttorvik-2026-1405,Brady Hardewig,West Georgia,,,2026,True,Available transfer,2026-07-11T12:09:26+00:00
barttorvik-2026-2663,Brady Patterson,Eckerd,,,2026,True,Available transfer,2026-07-11T12:09:26+00:00
barttorvik-2026-1014,Bradyn Elder,Kennesaw St.,,,2026,True,Available transfer,2026-07-11T12:09:26+00:00
barttorvik-2026-1157,Bradyn Foster,Penn,,,2026,True,Available transfer,2026-07-11T12:09:26+00:00
barttorvik-2026-1583,Bradyn Hubbard,Abilene Christian,,,2026,True,Available transfer,2026-07-11T12:09:26+00:00
barttorvik-2026-510,Braelon Bush,Chicago St.,,,2026,True,Available transfer,2026-07-11T12:09:26+00:00
barttorvik-2026-3180,Bralyn Smith,Central Washington,,,2026,True,Available transfer,2026-07-11T12:09:26+00:00
barttorvik-2026-269,Brandon Benjamin,San Diego,,,2026,True,Available transfer,2026-07-11T12:09:26+00:00
barttorvik-2026-734,Brandon Coury,Seton Hill,,,2026,True,Available transfer,2026-07-11T12:09:26+00:00
barttorvik-2026-1412,Brandon Hardy,Southern,,,2026,True,Available transfer,2026-07-11T12:09:26+00:00
barttorvik-2026-1555,Brandon Hooks,Holy Family,,,2026,True,Available transfer,2026-07-11T12:09:26+00:00
barttorvik-2026-1751,Brandon Johnson,Savannah St.,,,2026,True,Available transfer,2026-07-11T12:09:26+00:00
barttorvik-2026-1987,Brandon Legris,Merrimack,,,2026,True,Available transfer,2026-07-11T12:09:26+00:00
barttorvik-2026-2018,Brandon Lieb,Illinois St.,,,2026,True,Available transfer,2026-07-11T12:09:26+00:00
barttorvik-2026-2074,Brandon Lucas,San Francisco St.,,,2026,True,Available transfer,2026-07-11T12:09:26+00:00
barttorvik-2026-2091,Brandon Maclin,DePaul,,,2026,True,Available transfer,2026-07-11T12:09:26+00:00
barttorvik-2026-2371,Brandon Moore,Southwest Baptist,,,2026,True,Available transfer,2026-07-11T12:09:26+00:00
barttorvik-2026-2381,Brandon Morgan,Hofstra,,,2026,True,Available transfer,2026-07-11T12:09:26+00:00
barttorvik-2026-2517,Brandon Null,Walsh,,,2026,True,Available transfer,2026-07-11T12:09:26+00:00
barttorvik-2026-2568,Brandon Oloumou,Middle Tennessee,,,2026,True,Available transfer,2026-07-11T12:09:26+00:00
barttorvik-2026-3060,Brandon Scott,Arkansas–Fort Smith,,,2026,True,Available transfer,2026-07-11T12:09:26+00:00
barttorvik-2026-3517,Brandon Walker,Mississippi St.,,,2026,True,Available transfer,2026-07-11T12:09:26+00:00
barttorvik-2026-1769,Braxton Jones,Southern Indiana,,,2026,True,Available transfer,2026-07-11T12:09:26+00:00
barttorvik-2026-3224,Braxton Stacker,Southeast Missouri St.,,,2026,True,Available transfer,2026-07-11T12:09:26+00:00
barttorvik-2026-1655,Brayden Jackson,St. Bonaventure,,,2026,True,Available transfer,2026-07-11T12:09:26+00:00
barttorvik-2026-2117,Brayden Maldonado,Seattle,,,2026,True,Available transfer,2026-07-11T12:09:26+00:00
barttorvik-2026-2571,Braydon Olson,Western Oregon,,,2026,True,Available transfer,2026-07-11T12:09:26+00:00
barttorvik-2026-377,Braylen Bowman,UNC Greensboro,,,2026,True,Available transfer,2026-07-11T12:09:26+00:00
barttorvik-2026-3353,Braylhan Thomas,Winthrop,,,2026,True,Available transfer,2026-07-11T12:09:26+00:00
barttorvik-2026-1662,Braylon Jackson,Claflin,,,2026,True,Available transfer,2026-07-11T12:09:26+00:00
barttorvik-2026-1732,Braylon Johnson,Grand Canyon,,,2026,True,Available transfer,2026-07-11T12:09:26+00:00
barttorvik-2026-3601,Braylon Wheeler,Elizabeth City St.,,,2026,True,Available transfer,2026-07-11T12:09:26+00:00
barttorvik-2026-3332,Brendan Terry,Southeast Missouri St.,,,2026,True,Available transfer,2026-07-11T12:09:26+00:00
barttorvik-2026-3765,Brendan Yarusso,Santa Clara,,,2026,True,Available transfer,2026-07-11T12:09:26+00:00
barttorvik-2026-610,Brennan Chatman,St. Thomas Aquinas,,,2026,True,Available transfer,2026-07-11T12:09:26+00:00
barttorvik-2026-3563,Brennan Watkins,Chattanooga,,,2026,True,Available transfer,2026-07-11T12:09:26+00:00
barttorvik-2026-2833,Brent Randleman,Lees-McRae,,,2026,True,Available transfer,2026-07-11T12:09:26+00:00
barttorvik-2026-1180,Brett Freeman,Virginia Tech,,,2026,True,Available transfer,2026-07-11T12:09:26+00:00
barttorvik-2026-2987,Brett Rumpel,Manhattan,,,2026,True,Available transfer,2026-07-11T12:09:26+00:00
barttorvik-2026-327,Brian Blanchet,Goldey-Beacom,,,2026,True,Available transfer,2026-07-11T12:09:26+00:00
barttorvik-2026-1436,Brian Harris,Spring Hill,,,2026,True,Available transfer,2026-07-11T12:09:26+00:00
barttorvik-2026-1887,Brian Kitenge,Arkansas Tech,,,2026,True,Available transfer,2026-07-11T12:09:26+00:00
barttorvik-2026-3317,Brian Taylor,East Tennessee St.,,,2026,True,Available transfer,2026-07-11T12:09:26+00:00
barttorvik-2026-1430,Brit Harris,FIU,,,2026,True,Available transfer,2026-07-11T12:09:26+00:00
barttorvik-2026-3694,Brock Williams,Tampa,,,2026,True,Available transfer,2026-07-11T12:09:26+00:00
barttorvik-2026-3727,Brock Wisne,Northern Colorado,,,2026,True,Available transfer,2026-07-11T12:09:26+00:00
barttorvik-2026-3237,Broden Steiner,Roosevelt,,,2026,True,Available transfer,2026-07-11T12:09:26+00:00
barttorvik-2026-1029,Broderick Ellis,Palm Beach,,,2026,True,Available transfer,2026-07-11T12:09:26+00:00
barttorvik-2026-2929,Brody Robinson,Oakland,,,2026,True,Available transfer,2026-07-11T12:09:26+00:00
barttorvik-2026-2596,Broek Ostrom,St. Bonaventure,,,2026,True,Available transfer,2026-07-11T12:09:26+00:00
barttorvik-2026-3481,Brooklyn Vick,North Carolina A&T,,,2026,True,Available transfer,2026-07-11T12:09:26+00:00
barttorvik-2026-2096,Brunel Madzou,Washington St.,,,2026,True,Available transfer,2026-07-11T12:09:26+00:00
barttorvik-2026-1660,Bryce Jackson,Tusculum,,,2026,True,Available transfer,2026-07-11T12:09:26+00:00
barttorvik-2026-498,Bryceson Burns,UT Permian Basin,,,2026,True,Available transfer,2026-07-11T12:09:26+00:00
barttorvik-2026-350,Brysen Bond,Sioux Falls,,,2026,True,Available transfer,2026-07-11T12:09:26+00:00
barttorvik-2026-479,Bryson Buckingham,Cincinnati,,,2026,True,Available transfer,2026-07-11T12:09:26+00:00
barttorvik-2026-840,Bryson Dawkins,Youngstown St.,,,2026,True,Available transfer,2026-07-11T12:09:26+00:00
barttorvik-2026-1276,Bryson Goldsmith,Texas A&M Kingsville,,,2026,True,Available transfer,2026-07-11T12:09:26+00:00
barttorvik-2026-1888,Bryson Kittrell,Goldey-Beacom,,,2026,True,Available transfer,2026-07-11T12:09:26+00:00
barttorvik-2026-2546,Bryson Ogletree,North Carolina A&T,,,2026,True,Available transfer,2026-07-11T12:09:26+00:00
barttorvik-2026-3182,Bryson Smith,Washburn,,,2026,True,Available transfer,2026-07-11T12:09:26+00:00
barttorvik-2026-2351,Bube Momah,Lehigh,,,2026,True,Available transfer,2026-07-11T12:09:26+00:00
barttorvik-2026-1730,Butta Johnson,Clemson,,,2026,True,Available transfer,2026-07-11T12:09:26+00:00
barttorvik-2026-125,C.J. Anthony,Iona,,,2026,True,Available transfer,2026-07-11T12:09:26+00:00
barttorvik-2026-357,C.J. Booker,Southeastern Louisiana,,,2026,True,Available transfer,2026-07-11T12:09:26+00:00
barttorvik-2026-1781,C.J. Jones,Georgia College,,,2026,True,Available transfer,2026-07-11T12:09:26+00:00
barttorvik-2026-2215,C.J. McCord,Elizabeth City St.,,,2026,True,Available transfer,2026-07-11T12:09:26+00:00
barttorvik-2026-2418,C.J. Mundell,Holy Family,,,2026,True,Available transfer,2026-07-11T12:09:26+00:00
barttorvik-2026-3472,C.J. Vaughn,Elizabeth City St.,,,2026,True,Available transfer,2026-07-11T12:09:26+00:00
barttorvik-2026-3761,C.J. Yao,Cameron,,,2026,True,Available transfer,2026-07-11T12:09:26+00:00
barttorvik-2026-1066,CJ Evans,UMKC,,,2026,True,Available transfer,2026-07-11T12:09:26+00:00
barttorvik-2026-1411,CJ Hardy,Cal St. Bakersfield,,,2026,True,Available transfer,2026-07-11T12:09:26+00:00
barttorvik-2026-3672,CJ Williams,Auburn,,,2026,True,Available transfer,2026-07-11T12:09:26+00:00
barttorvik-2026-3202,Ca'Darrius Sowell,Florida Tech,,,2026,True,Available transfer,2026-07-11T12:09:26+00:00
barttorvik-2026-2045,Cade Lomas,Georgia Southern,,,2026,True,Available transfer,2026-07-11T12:09:26+00:00
barttorvik-2026-3445,Cade Tyson,Minnesota,,,2026,True,Available transfer,2026-07-11T12:09:26+00:00
barttorvik-2026-1610,Caden Huttenlocker,Indiana St.,,,2026,True,Available transfer,2026-07-11T12:09:26+00:00
barttorvik-2026-1917,Caden Kreger,Lees-McRae,,,2026,True,Available transfer,2026-07-11T12:09:26+00:00
barttorvik-2026-3797,Caelan Zeilenga,Franklin Pierce,,,2026,True,Available transfer,2026-07-11T12:09:26+00:00
barttorvik-2026-369,Caiden Botts,Carson–Newman,,,2026,True,Available transfer,2026-07-11T12:09:26+00:00
barttorvik-2026-2633,Caileb Parham,N.M. Highlands,,,2026,True,Available transfer,2026-07-11T12:09:26+00:00
barttorvik-2026-2908,Cairo Rivera,St. Thomas Aquinas,,,2026,True,Available transfer,2026-07-11T12:09:26+00:00
barttorvik-2026-729,Cale Cosme,Lewis,,,2026,True,Available transfer,2026-07-11T12:09:26+00:00
barttorvik-2026-568,Caleb Carr,Texas A&M Kingsville,,,2026,True,Available transfer,2026-07-11T12:09:26+00:00
barttorvik-2026-744,Caleb Crawford,Maine,,,2026,True,Available transfer,2026-07-11T12:09:26+00:00
barttorvik-2026-1072,Caleb Evans,East Central,,,2026,True,Available transfer,2026-07-11T12:09:26+00:00
barttorvik-2026-1705,Caleb Jewell,Tiffin,,,2026,True,Available transfer,2026-07-11T12:09:26+00:00
barttorvik-2026-1735,Caleb Johnson,LIU,,,2026,True,Available transfer,2026-07-11T12:09:26+00:00
barttorvik-2026-1748,Caleb Johnson,Winona St.,,,2026,True,Available transfer,2026-07-11T12:09:26+00:00
barttorvik-2026-2207,Caleb McCarty,Cal St. Bakersfield,,,2026,True,Available transfer,2026-07-11T12:09:26+00:00
barttorvik-2026-2297,Caleb Middleton,Elon,,,2026,True,Available transfer,2026-07-11T12:09:26+00:00
barttorvik-2026-2693,Caleb Pennyfeather,Little Rock,,,2026,True,Available transfer,2026-07-11T12:09:26+00:00
barttorvik-2026-3011,Caleb Sampson,Post,,,2026,True,Available transfer,2026-07-11T12:09:26+00:00
barttorvik-2026-98,Cam Amboree,Southern,,,2026,True,Available transfer,2026-07-11T12:09:26+00:00
barttorvik-2026-634,Cam Christy,Winthrop,,,2026,True,Available transfer,2026-07-11T12:09:26+00:00
barttorvik-2026-751,Cam Crockett,Clarion,,,2026,True,Available transfer,2026-07-11T12:09:26+00:00
barttorvik-2026-1330,Cam Gregory,Campbell,,,2026,True,Available transfer,2026-07-11T12:09:26+00:00
barttorvik-2026-1367,Cam Haffner,Western Kentucky,,,2026,True,Available transfer,2026-07-11T12:09:26+00:00
barttorvik-2026-2125,Cam Malray,Montana St. Billings,,,2026,True,Available transfer,2026-07-11T12:09:26+00:00
barttorvik-2026-2388,Cam Morris III,East Tennessee St.,,,2026,True,Available transfer,2026-07-11T12:09:26+00:00
barttorvik-2026-2621,Cam Palesse,Alabama St.,,,2026,True,Available transfer,2026-07-11T12:09:26+00:00
barttorvik-2026-2698,Cam Perkins,USC Aiken,,,2026,True,Available transfer,2026-07-11T12:09:26+00:00
barttorvik-2026-2864,Cam Regnerus,Grand Valley State,,,2026,True,Available transfer,2026-07-11T12:09:26+00:00
barttorvik-2026-3386,Cam Thrower,Penn,,,2026,True,Available transfer,2026-07-11T12:09:26+00:00
barttorvik-2026-455,Cameron Brown,Biola,,,2026,True,Available transfer,2026-07-11T12:09:26+00:00
barttorvik-2026-647,Cameron Clark,South Carolina St.,,,2026,True,Available transfer,2026-07-11T12:09:26+00:00
barttorvik-2026-1082,Cameron Faas,Fresno St.,,,2026,True,Available transfer,2026-07-11T12:09:26+00:00
barttorvik-2026-1106,Cameron Fens,South Dakota,,,2026,True,Available transfer,2026-07-11T12:09:26+00:00
barttorvik-2026-2019,Cameron Liggins,Maryville (MO),,,2026,True,Available transfer,2026-07-11T12:09:26+00:00
barttorvik-2026-2285,Cameron Mercadel,Northern St.,,,2026,True,Available transfer,2026-07-11T12:09:26+00:00
barttorvik-2026-2657,Cameron Patterson,Texas Southern,,,2026,True,Available transfer,2026-07-11T12:09:26+00:00
barttorvik-2026-2739,Cameron Piggee,NJIT,,,2026,True,Available transfer,2026-07-11T12:09:26+00:00
barttorvik-2026-3120,Cameron Simpson,Texas St.,,,2026,True,Available transfer,2026-07-11T12:09:26+00:00
barttorvik-2026-3261,Cameron Stovall,Missouri S&T,,,2026,True,Available transfer,2026-07-11T12:09:26+00:00
barttorvik-2026-3441,Cameron Tweedy,Saint Francis,,,2026,True,Available transfer,2026-07-11T12:09:26+00:00
barttorvik-2026-3524,Cameron Walker,Chowan,,,2026,True,Available transfer,2026-07-11T12:09:26+00:00
barttorvik-2026-3501,Camp Wagner,Indiana St.,,,2026,True,Available transfer,2026-07-11T12:09:26+00:00
barttorvik-2026-799,Camren Daniels,North Carolina Central,,,2026,True,Available transfer,2026-07-11T12:09:26+00:00
barttorvik-2026-1600,Camren Hunter,Central Arkansas,,,2026,True,Available transfer,2026-07-11T12:09:26+00:00
barttorvik-2026-2961,Camren Roper,Sul Ross St.,,,2026,True,Available transfer,2026-07-11T12:09:26+00:00
barttorvik-2026-173,Cardell Bailey,Southern Indiana,,,2026,True,Available transfer,2026-07-11T12:09:26+00:00
barttorvik-2026-809,Carl Daughtery Jr.,UC Davis,,,2026,True,Available transfer,2026-07-11T12:09:26+00:00
barttorvik-2026-728,Carlos Coronado Jr.,Northern Illinois,,,2026,True,Available transfer,2026-07-11T12:09:26+00:00
barttorvik-2026-1426,Carlos Harris III,Illinois Chicago,,,2026,True,Available transfer,2026-07-11T12:09:26+00:00
barttorvik-2026-3779,Carlsheon Young,Pacific,,,2026,True,Available transfer,2026-07-11T12:09:26+00:00
barttorvik-2026-461,Carson Browne,Thomas More,,,2026,True,Available transfer,2026-07-11T12:09:26+00:00
barttorvik-2026-338,Carter Bobbitt,North Greenville,,,2026,True,Available transfer,2026-07-11T12:09:26+00:00
barttorvik-2026-2288,Carter Metz,Southern Ark.,,,2026,True,Available transfer,2026-07-11T12:09:26+00:00
barttorvik-2026-3590,Carter Wesson,Montevallo,,,2026,True,Available transfer,2026-07-11T12:09:26+00:00
barttorvik-2026-3232,Casey Steadmon,Hawaii Pacific,,,2026,True,Available transfer,2026-07-11T12:09:26+00:00
barttorvik-2026-605,Cayden Charles,St. Bonaventure,,,2026,True,Available transfer,2026-07-11T12:09:26+00:00
barttorvik-2026-2661,Cedric Patterson,Lees-McRae,,,2026,True,Available transfer,2026-07-11T12:09:26+00:00
barttorvik-2026-3314,Cedric Taylor III,Howard,,,2026,True,Available transfer,2026-07-11T12:09:26+00:00
barttorvik-2026-1476,Chae Haynes,Central Washington,,,2026,True,Available transfer,2026-07-11T12:09:26+00:00
barttorvik-2026-3240,Chance Stephens,Minnesota,,,2026,True,Available transfer,2026-07-11T12:09:26+00:00
barttorvik-2026-3607,Chancellor White,Northern Colorado,,,2026,True,Available transfer,2026-07-11T12:09:26+00:00
barttorvik-2026-2271,Chandler Meeks,Minnesota Crookston,,,2026,True,Available transfer,2026-07-11T12:09:26+00:00
barttorvik-2026-2567,Chandler Olokor,Barton,,,2026,True,Available transfer,2026-07-11T12:09:26+00:00
barttorvik-2026-2738,Chandler Pigge,Harvard,,,2026,True,Available transfer,2026-07-11T12:09:26+00:00
barttorvik-2026-2195,Chanel Mballa,Cal State San Marcos,,,2026,True,Available transfer,2026-07-11T12:09:26+00:00
barttorvik-2026-1569,Chang Hoth,Ferris State,,,2026,True,Available transfer,2026-07-11T12:09:26+00:00
barttorvik-2026-3621,Chappelle Whitney,Auburn Montgomery,,,2026,True,Available transfer,2026-07-11T12:09:26+00:00
barttorvik-2026-963,Charles Dunlap,Coastal Carolina,,,2026,True,Available transfer,2026-07-11T12:09:26+00:00
barttorvik-2026-2213,"Charles McClennahan, Jr.",Midwestern St.,,,2026,True,Available transfer,2026-07-11T12:09:26+00:00
barttorvik-2026-3327,Charles Temple,Arkansas–Monticello,,,2026,True,Available transfer,2026-07-11T12:09:26+00:00
barttorvik-2026-3436,Charles Turner,Grand Valley State,,,2026,True,Available transfer,2026-07-11T12:09:26+00:00
barttorvik-2026-881,Charlie Diamantis,Stonehill,,,2026,True,Available transfer,2026-07-11T12:09:26+00:00
barttorvik-2026-1237,Charlie Gehler,Biola,,,2026,True,Available transfer,2026-07-11T12:09:26+00:00
barttorvik-2026-1520,Charlie Hill,West Liberty,,,2026,True,Available transfer,2026-07-11T12:09:26+00:00
barttorvik-2026-1870,Charlie King,Tennessee Martin,,,2026,True,Available transfer,2026-07-11T12:09:26+00:00
barttorvik-2026-99,Charvez Ambrose,Middle Tennessee,,,2026,True,Available transfer,2026-07-11T12:09:26+00:00
barttorvik-2026-1839,Chas Kelley III,Georgia Tech,,,2026,True,Available transfer,2026-07-11T12:09:26+00:00
barttorvik-2026-77,Chase Allen,USC Aiken,,,2026,True,Available transfer,2026-07-11T12:09:26+00:00
barttorvik-2026-563,Chase Carlton,Erskine,,,2026,True,Available transfer,2026-07-11T12:09:26+00:00
barttorvik-2026-1923,Chase Kuiper,Wayne St. (MI),,,2026,True,Available transfer,2026-07-11T12:09:26+00:00
barttorvik-2026-2229,Chase McDuffie,Lees-McRae,,,2026,True,Available transfer,2026-07-11T12:09:26+00:00
barttorvik-2026-2473,Chase Nelson,American Int'l,,,2026,True,Available transfer,2026-07-11T12:09:26+00:00
barttorvik-2026-3273,Chase Sucharda,Central Oklahoma,,,2026,True,Available transfer,2026-07-11T12:09:26+00:00
barttorvik-2026-3655,Chase Williams,The Citadel,,,2026,True,Available transfer,2026-07-11T12:09:26+00:00
barttorvik-2026-3626,Chauncey Wiggins,Florida St.,,,2026,True,Available transfer,2026-07-11T12:09:26+00:00
barttorvik-2026-1433,Chaze Harris,South Alabama,,,2026,True,Available transfer,2026-07-11T12:09:26+00:00
barttorvik-2026-3200,Cheikh Sow,Idaho St.,,,2026,True,Available transfer,2026-07-11T12:09:26+00:00
barttorvik-2026-3572,Chendall Weaver,Texas,,,2026,True,Available transfer,2026-07-11T12:09:26+00:00
barttorvik-2026-1037,Chevalier Emery,Cleveland St.,,,2026,True,Available transfer,2026-07-11T12:09:26+00:00
barttorvik-2026-2553,Chisom Okpara,Stanford,,,2026,True,Available transfer,2026-07-11T12:09:26+00:00
barttorvik-2026-258,Chris Bell,California,,,2026,True,Available transfer,2026-07-11T12:09:26+00:00
barttorvik-2026-301,Chris Bibbs,Shorter,,,2026,True,Available transfer,2026-07-11T12:09:26+00:00
barttorvik-2026-565,Chris Carpenter,UT Tyler,,,2026,True,Available transfer,2026-07-11T12:09:26+00:00
barttorvik-2026-757,Chris Crudup,Lenoir-Rhyne,,,2026,True,Available transfer,2026-07-11T12:09:26+00:00
barttorvik-2026-1441,Chris Harris,Biola,,,2026,True,Available transfer,2026-07-11T12:09:26+00:00
barttorvik-2026-1540,Chris Holley,Chico State,,,2026,True,Available transfer,2026-07-11T12:09:26+00:00
barttorvik-2026-1926,Chris Kumu,Canisius,,,2026,True,Available transfer,2026-07-11T12:09:26+00:00
barttorvik-2026-2353,Chris Moncrief,Saint Francis,,,2026,True,Available transfer,2026-07-11T12:09:26+00:00
barttorvik-2026-2384,Chris Morgan,Coppin St.,,,2026,True,Available transfer,2026-07-11T12:09:26+00:00
barttorvik-2026-3396,Chris Tippins,Northwestern Oklahoma State,,,2026,True,Available transfer,2026-07-11T12:09:26+00:00
barttorvik-2026-632,Chrishawn Christmas,Stephen F. Austin,,,2026,True,Available transfer,2026-07-11T12:09:26+00:00
barttorvik-2026-107,Christian Ananaba,Mount Olive,,,2026,True,Available transfer,2026-07-11T12:09:26+00:00
barttorvik-2026-1167,Christian Foy,Mars Hill,,,2026,True,Available transfer,2026-07-11T12:09:26+00:00
barttorvik-2026-1495,Christian Henry,Fordham,,,2026,True,Available transfer,2026-07-11T12:09:26+00:00
barttorvik-2026-1563,Christian Horry,UCLA,,,2026,True,Available transfer,2026-07-11T12:09:26+00:00
barttorvik-2026-1585,Christian Hughes,Little Rock,,,2026,True,Available transfer,2026-07-11T12:09:26+00:00
barttorvik-2026-2185,Christian May,UNC Wilmington,,,2026,True,Available transfer,2026-07-11T12:09:26+00:00
barttorvik-2026-2374,Christian Moore,Indiana (PA),,,2026,True,Available transfer,2026-07-11T12:09:26+00:00
barttorvik-2026-2642,Christian Parks,Ouachita Baptist,,,2026,True,Available transfer,2026-07-11T12:09:26+00:00
barttorvik-2026-2886,Christian Richardson,Nebraska Omaha,,,2026,True,Available transfer,2026-07-11T12:09:26+00:00
barttorvik-2026-3360,Christian Thomas,Lamar,,,2026,True,Available transfer,2026-07-11T12:09:26+00:00
barttorvik-2026-3568,Christian Watson,Hampton,,,2026,True,Available transfer,2026-07-11T12:09:26+00:00
barttorvik-2026-3726,Christian Wise,San Jose St.,,,2026,True,Available transfer,2026-07-11T12:09:26+00:00
barttorvik-2026-3394,Christoph Tilly,Ohio St.,,,2026,True,Available transfer,2026-07-11T12:09:26+00:00
barttorvik-2026-450,Christopher Brown,Mount Olive,,,2026,True,Available transfer,2026-07-11T12:09:26+00:00
barttorvik-2026-2264,Christopher Meakin,Frostburg St.,,,2026,True,Available transfer,2026-07-11T12:09:26+00:00
barttorvik-2026-2448,Christopher Nana,Mercy,,,2026,True,Available transfer,2026-07-11T12:09:26+00:00
barttorvik-2026-1637,Chuks Isitua,Southern Utah,,,2026,True,Available transfer,2026-07-11T12:09:26+00:00
barttorvik-2026-864,Chuol Deng,Fort Lewis,,,2026,True,Available transfer,2026-07-11T12:09:26+00:00
barttorvik-2026-1074,"Ché Evans, Jr.",West Virginia State,,,2026,True,Available transfer,2026-07-11T12:09:26+00:00
barttorvik-2026-1647,Clayton Jackson,Lindenwood,,,2026,True,Available transfer,2026-07-11T12:09:26+00:00
barttorvik-2026-820,Cliff Davis,James Madison,,,2026,True,Available transfer,2026-07-11T12:09:26+00:00
barttorvik-2026-1976,Cody Lechlider,Missouri Southern,,,2026,True,Available transfer,2026-07-11T12:09:26+00:00
barttorvik-2026-3045,Cody Schmitz,Northern Michigan,,,2026,True,Available transfer,2026-07-11T12:09:26+00:00
barttorvik-2026-631,Colby Christiansen,Queens,,,2026,True,Available transfer,2026-07-11T12:09:26+00:00
barttorvik-2026-61,Cole Alexander,Fairleigh Dickinson,,,2026,True,Available transfer,2026-07-11T12:09:26+00:00
barttorvik-2026-2204,Cole McCabe,Rider,,,2026,True,Available transfer,2026-07-11T12:09:26+00:00
barttorvik-2026-2962,Cole Roque,Cal State San Marcos,,,2026,True,Available transfer,2026-07-11T12:09:26+00:00
barttorvik-2026-3616,Cole White,Benedictine Mesa,,,2026,True,Available transfer,2026-07-11T12:09:26+00:00
barttorvik-2026-1558,Coleman Hopson,American Int'l,,,2026,True,Available transfer,2026-07-11T12:09:26+00:00
barttorvik-2026-278,Coleton Benson,New Orleans,,,2026,True,Available transfer,2026-07-11T12:09:26+00:00
barttorvik-2026-167,Colin Ayers,Tennessee Tech,,,2026,True,Available transfer,2026-07-11T12:09:26+00:00
barttorvik-2026-803,Colin Darby,Cal St. Bakersfield,,,2026,True,Available transfer,2026-07-11T12:09:26+00:00
barttorvik-2026-1473,Colin Hayes,Westminster,,,2026,True,Available transfer,2026-07-11T12:09:26+00:00
barttorvik-2026-2244,Colin McKenzie,South Carolina St.,,,2026,True,Available transfer,2026-07-11T12:09:26+00:00
barttorvik-2026-55,Collin Albert,Lewis,,,2026,True,Available transfer,2026-07-11T12:09:26+00:00
barttorvik-2026-1211,Connor Gal,Temple,,,2026,True,Available transfer,2026-07-11T12:09:26+00:00
barttorvik-2026-2072,Connor Loy,Jacksonville St.,,,2026,True,Available transfer,2026-07-11T12:09:26+00:00
barttorvik-2026-2155,Connor Martin,Coastal Carolina,,,2026,True,Available transfer,2026-07-11T12:09:26+00:00
barttorvik-2026-2390,Connor Morris,UT Permian Basin,,,2026,True,Available transfer,2026-07-11T12:09:26+00:00
barttorvik-2026-2484,Connor Newton,Central Oklahoma,,,2026,True,Available transfer,2026-07-11T12:09:26+00:00
barttorvik-2026-2533,Connor O'Leary,Assumption,,,2026,True,Available transfer,2026-07-11T12:09:26+00:00
barttorvik-2026-2952,Connor Roffers,Winona St.,,,2026,True,Available transfer,2026-07-11T12:09:26+00:00
barttorvik-2026-2955,Connor Rogers,Pittsburg State,,,2026,True,Available transfer,2026-07-11T12:09:26+00:00
barttorvik-2026-3072,Connor Serven,Mercer,,,2026,True,Available transfer,2026-07-11T12:09:26+00:00
barttorvik-2026-3219,Connor Spratt,Point Park,,,2026,True,Available transfer,2026-07-11T12:09:26+00:00
barttorvik-2026-3292,Connor Swider,Youngstown St.,,,2026,True,Available transfer,2026-07-11T12:09:26+00:00
barttorvik-2026-246,Cooper Bean,Indiana St.,,,2026,True,Available transfer,2026-07-11T12:09:26+00:00
barttorvik-2026-1191,Cooper Frith,Regis CO,,,2026,True,Available transfer,2026-07-11T12:09:26+00:00
barttorvik-2026-1853,Cooper Kent,West Liberty,,,2026,True,Available transfer,2026-07-11T12:09:26+00:00
barttorvik-2026-2503,Cooper Noard,Cornell,,,2026,True,Available transfer,2026-07-11T12:09:26+00:00
barttorvik-2026-1601,Corey Hunter,Barry,,,2026,True,Available transfer,2026-07-11T12:09:26+00:00
barttorvik-2026-2311,Corey Miller,Monmouth,,,2026,True,Available transfer,2026-07-11T12:09:26+00:00
barttorvik-2026-3241,Corey Stephenson,FIU,,,2026,True,Available transfer,2026-07-11T12:09:26+00:00
barttorvik-2026-3558,Corey Washington,SMU,,,2026,True,Available transfer,2026-07-11T12:09:26+00:00
barttorvik-2026-1003,"Corsley Edwards, Jr.",Central Connecticut,,,2026,True,Available transfer,2026-07-11T12:09:26+00:00
barttorvik-2026-779,"Cory Curtis, Jr.",UMKC,,,2026,True,Available transfer,2026-07-11T12:09:26+00:00
barttorvik-2026-41,Courage Agbekpornu,LeMoyne-Owen,,,2026,True,Available transfer,2026-07-11T12:09:26+00:00
barttorvik-2026-833,Courtney Davis II,Bloomsburg,,,2026,True,Available transfer,2026-07-11T12:09:26+00:00
barttorvik-2026-1688,Craig Jarvis,Pitt.-Johnstown,,,2026,True,Available transfer,2026-07-11T12:09:26+00:00
barttorvik-2026-3702,Creed Williamson,Henderson St.,,,2026,True,Available transfer,2026-07-11T12:09:26+00:00
barttorvik-2026-1139,Crew Flowers,Ouachita Baptist,,,2026,True,Available transfer,2026-07-11T12:09:26+00:00
barttorvik-2026-574,Cris Carroll,Youngstown St.,,,2026,True,Available transfer,2026-07-11T12:09:26+00:00
barttorvik-2026-3030,Cristian Sanon,Claflin,,,2026,True,Available transfer,2026-07-11T12:09:26+00:00
barttorvik-2026-3705,Cristian Willis,Benedictine Mesa,,,2026,True,Available transfer,2026-07-11T12:09:26+00:00
barttorvik-2026-3048,Cullen Schreiner,Georgia Southern,,,2026,True,Available transfer,2026-07-11T12:09:26+00:00
barttorvik-2026-1663,Curtis Jackson,Davenport,,,2026,True,Available transfer,2026-07-11T12:09:26+00:00
barttorvik-2026-3652,Curtis Williams,Gardner Webb,,,2026,True,Available transfer,2026-07-11T12:09:26+00:00
barttorvik-2026-1452,Cyncier Harrison,Coker,,,2026,True,Available transfer,2026-07-11T12:09:26+00:00
barttorvik-2026-1175,Cyril Franklin Jr.,UC Davis,,,2026,True,Available transfer,2026-07-11T12:09:26+00:00
barttorvik-2026-3081,Cyrus Shaw,Newman,,,2026,True,Available transfer,2026-07-11T12:09:26+00:00
barttorvik-2026-2981,D'Necco Rucker,Lincoln (MO),,,2026,True,Available transfer,2026-07-11T12:09:26+00:00
barttorvik-2026-1894,D'Shay Knights Wright,South Carolina St.,,,2026,True,Available transfer,2026-07-11T12:09:26+00:00
barttorvik-2026-1692,D.J. Jefferson,Gardner Webb,,,2026,True,Available transfer,2026-07-11T12:09:26+00:00
barttorvik-2026-1791,D.J. Joseph,Sul Ross St.,,,2026,True,Available transfer,2026-07-11T12:09:26+00:00
barttorvik-2026-929,DJ Dormu,Tarleton St.,,,2026,True,Available transfer,2026-07-11T12:09:26+00:00
barttorvik-2026-2656,DJ Patrick,UNC Asheville,,,2026,True,Available transfer,2026-07-11T12:09:26+00:00
barttorvik-2026-3783,DaJaun Young,Edinboro,,,2026,True,Available transfer,2026-07-11T12:09:26+00:00
barttorvik-2026-238,DaJuan Bates,Chicago St.,,,2026,True,Available transfer,2026-07-11T12:09:26+00:00
barttorvik-2026-2222,DaVaughn McCrumb,Cal State San Marcos,,,2026,True,Available transfer,2026-07-11T12:09:26+00:00
barttorvik-2026-2770,Dacory Porter,Delta St.,,,2026,True,Available transfer,2026-07-11T12:09:26+00:00
barttorvik-2026-2983,Daeshun Ruffin,Jackson St.,,,2026,True,Available transfer,2026-07-11T12:09:26+00:00
barttorvik-2026-2330,Dailon Minor,Bethune Cookman,,,2026,True,Available transfer,2026-07-11T12:09:26+00:00
barttorvik-2026-3358,Dakari Thomas,Chicago St.,,,2026,True,Available transfer,2026-07-11T12:09:26+00:00
barttorvik-2026-553,Dakota Candler,Evansville,,,2026,True,Available transfer,2026-07-11T12:09:26+00:00
barttorvik-2026-1196,Dalen Fuller,Northeastern St.,,,2026,True,Available transfer,2026-07-11T12:09:26+00:00
barttorvik-2026-1783,Dallas Jones,Anderson,,,2026,True,Available transfer,2026-07-11T12:09:26+00:00
barttorvik-2026-1845,Dallas Kendall,Lincoln Memorial,,,2026,True,Available transfer,2026-07-11T12:09:26+00:00
barttorvik-2026-395,Dalyn Brandon,Southern Miss,,,2026,True,Available transfer,2026-07-11T12:09:26+00:00
barttorvik-2026-1217,Damian Garcia,East Texas A&M,,,2026,True,Available transfer,2026-07-11T12:09:26+00:00
barttorvik-2026-2193,Damien Mayo Jr.,Southern Illinois,,,2026,True,Available transfer,2026-07-11T12:09:26+00:00
barttorvik-2026-3496,Damjan Vukčević,Tusculum,,,2026,True,Available transfer,2026-07-11T12:09:26+00:00
barttorvik-2026-1142,Damon Folds,Malone,,,2026,True,Available transfer,2026-07-11T12:09:26+00:00
barttorvik-2026-2488,Damon Nicholas Jr.,Sam Houston St.,,,2026,True,Available transfer,2026-07-11T12:09:26+00:00
barttorvik-2026-3262,Damon Strand,La Salle,,,2026,True,Available transfer,2026-07-11T12:09:26+00:00
barttorvik-2026-1246,Dan Gherezgher,Northern Kentucky,,,2026,True,Available transfer,2026-07-11T12:09:26+00:00
barttorvik-2026-3140,Dan Skillings Jr.,Baylor,,,2026,True,Available transfer,2026-07-11T12:09:26+00:00
barttorvik-2026-1820,Danas Kazakevicius,Howard,,,2026,True,Available transfer,2026-07-11T12:09:26+00:00
barttorvik-2026-43,Daniel Agu,Lees-McRae,,,2026,True,Available transfer,2026-07-11T12:09:26+00:00
barttorvik-2026-51,Daniel Akoue,Bryant,,,2026,True,Available transfer,2026-07-11T12:09:26+00:00
barttorvik-2026-508,Daniel Burton,West Liberty,,,2026,True,Available transfer,2026-07-11T12:09:26+00:00
barttorvik-2026-1006,Daniel Egbuniwe,St. Bonaventure,,,2026,True,Available transfer,2026-07-11T12:09:26+00:00
barttorvik-2026-1120,Daniel Figueira,Dallas Baptist,,,2026,True,Available transfer,2026-07-11T12:09:26+00:00
barttorvik-2026-1349,Daniel Guetta,Oklahoma St.,,,2026,True,Available transfer,2026-07-11T12:09:26+00:00
barttorvik-2026-1489,Daniel Henderson,Harding,,,2026,True,Available transfer,2026-07-11T12:09:26+00:00
barttorvik-2026-2141,Daniel Marcellinus,Campbell,,,2026,True,Available transfer,2026-07-11T12:09:26+00:00
barttorvik-2026-2189,Daniel Mayfield,Mississippi Valley St.,,,2026,True,Available transfer,2026-07-11T12:09:26+00:00
barttorvik-2026-2194,Daniel Mbaeteka,Shaw,,,2026,True,Available transfer,2026-07-11T12:09:26+00:00
barttorvik-2026-2971,Daniel Rouzan,Bethune Cookman,,,2026,True,Available transfer,2026-07-11T12:09:26+00:00
barttorvik-2026-3362,Daniel Thomas,UNC Asheville,,,2026,True,Available transfer,2026-07-11T12:09:26+00:00
barttorvik-2026-3794,Daniel Zatsepin,Chicago St.,,,2026,True,Available transfer,2026-07-11T12:09:26+00:00
barttorvik-2026-944,Danilo Dozic,Pepperdine,,,2026,True,Available transfer,2026-07-11T12:09:26+00:00
barttorvik-2026-855,Danny Delgardo III,Fort Valley St.,,,2026,True,Available transfer,2026-07-11T12:09:26+00:00
barttorvik-2026-1842,Danny Kelly,Purdue Fort Wayne,,,2026,True,Available transfer,2026-07-11T12:09:26+00:00
barttorvik-2026-1949,Danny Lans,Christian Brothers,,,2026,True,Available transfer,2026-07-11T12:09:26+00:00
barttorvik-2026-2428,Danny Murray,Siena,,,2026,True,Available transfer,2026-07-11T12:09:26+00:00
barttorvik-2026-2564,Dante Oliver,North Florida,,,2026,True,Available transfer,2026-07-11T12:09:26+00:00
barttorvik-2026-1877,DarKaun King,North Alabama,,,2026,True,Available transfer,2026-07-11T12:09:26+00:00
barttorvik-2026-15,Darius Abraham,Shaw,,,2026,True,Available transfer,2026-07-11T12:09:26+00:00
barttorvik-2026-391,Darius Brady,Angelo St.,,,2026,True,Available transfer,2026-07-11T12:09:26+00:00
barttorvik-2026-3093,Darius Sherman,Goldey-Beacom,,,2026,True,Available transfer,2026-07-11T12:09:26+00:00
barttorvik-2026-1073,Darnell Evans,Clark Atlanta,,,2026,True,Available transfer,2026-07-11T12:09:26+00:00
barttorvik-2026-3561,Darrell Washington,Pittsburg State,,,2026,True,Available transfer,2026-07-11T12:09:26+00:00
barttorvik-2026-285,Darrien Berrios Rivera,Mansfield,,,2026,True,Available transfer,2026-07-11T12:09:26+00:00
barttorvik-2026-3664,Darrion Williams,N.C. State,,,2026,True,Available transfer,2026-07-11T12:09:26+00:00
barttorvik-2026-918,David Dixon,Duquesne,,,2026,True,Available transfer,2026-07-11T12:09:26+00:00
barttorvik-2026-1121,David Filipovas,Cal St. East Bay,,,2026,True,Available transfer,2026-07-11T12:09:26+00:00
barttorvik-2026-1251,David Giddens,Cleveland St.,,,2026,True,Available transfer,2026-07-11T12:09:26+00:00
barttorvik-2026-1302,David Gorianskii,Carson–Newman,,,2026,True,Available transfer,2026-07-11T12:09:26+00:00
barttorvik-2026-1619,David Idada,Southeast Missouri St.,,,2026,True,Available transfer,2026-07-11T12:09:26+00:00
barttorvik-2026-2099,David Mager,Pepperdine,,,2026,True,Available transfer,2026-07-11T12:09:26+00:00
barttorvik-2026-2575,David Onanina,Bethune Cookman,,,2026,True,Available transfer,2026-07-11T12:09:26+00:00
barttorvik-2026-2582,David Oriaku,Texas A&M Kingsville,,,2026,True,Available transfer,2026-07-11T12:09:26+00:00
barttorvik-2026-2607,David Oyona Ibandzo,Okla. Christian,,,2026,True,Available transfer,2026-07-11T12:09:26+00:00
barttorvik-2026-3039,David Scariano II,Point Loma,,,2026,True,Available transfer,2026-07-11T12:09:26+00:00
barttorvik-2026-3084,David Shelia,Western Colo.,,,2026,True,Available transfer,2026-07-11T12:09:26+00:00
barttorvik-2026-3325,David Teele,Queens (NY),,,2026,True,Available transfer,2026-07-11T12:09:26+00:00
barttorvik-2026-3686,David Williams,Miles,,,2026,True,Available transfer,2026-07-11T12:09:26+00:00
barttorvik-2026-767,Davion Cunningham,Morehead St.,,,2026,True,Available transfer,2026-07-11T12:09:26+00:00
barttorvik-2026-516,Davyon Butler,Midwestern St.,,,2026,True,Available transfer,2026-07-11T12:09:26+00:00
barttorvik-2026-842,Day Day Thomas,Cincinnati,,,2026,True,Available transfer,2026-07-11T12:09:26+00:00
barttorvik-2026-3562,Day Waters,Millersville,,,2026,True,Available transfer,2026-07-11T12:09:26+00:00
barttorvik-2026-2761,Dayon Polk,Army,,,2026,True,Available transfer,2026-07-11T12:09:26+00:00
barttorvik-2026-3066,DeAndrae Seeden,Lock Haven,,,2026,True,Available transfer,2026-07-11T12:09:26+00:00
barttorvik-2026-2015,DeMarreya Lewis-Cooper,Cal Poly Pomona,,,2026,True,Available transfer,2026-07-11T12:09:26+00:00
barttorvik-2026-2682,DeVyn Paz,Angelo St.,,,2026,True,Available transfer,2026-07-11T12:09:26+00:00
barttorvik-2026-3038,Deavion Scales,Kentucky St.,,,2026,True,Available transfer,2026-07-11T12:09:26+00:00
barttorvik-2026-1547,Delkedric Holmes,Mississippi Valley St.,,,2026,True,Available transfer,2026-07-11T12:09:26+00:00
barttorvik-2026-121,Demar Anderson,UNC Pembroke,,,2026,True,Available transfer,2026-07-11T12:09:26+00:00
barttorvik-2026-2727,Demetris Phillips,Mo.-St. Louis,,,2026,True,Available transfer,2026-07-11T12:09:26+00:00
barttorvik-2026-1248,Demetrius Gibson,Columbus St.,,,2026,True,Available transfer,2026-07-11T12:09:26+00:00
barttorvik-2026-1865,Denaj Kimber,Tusculum,,,2026,True,Available transfer,2026-07-11T12:09:26+00:00
barttorvik-2026-157,Dennis Asoro,Arkansas Pine Bluff,,,2026,True,Available transfer,2026-07-11T12:09:26+00:00
barttorvik-2026-3679,Deonte Williams,Georgia Southwestern,,,2026,True,Available transfer,2026-07-11T12:09:26+00:00
barttorvik-2026-40,Deraje Agbaosi,Cal State Los Angeles,,,2026,True,Available transfer,2026-07-11T12:09:26+00:00
barttorvik-2026-856,"Derek Delgardo, Jr.",Fort Valley St.,,,2026,True,Available transfer,2026-07-11T12:09:26+00:00
barttorvik-2026-1007,Derek Eide,N.M. Highlands,,,2026,True,Available transfer,2026-07-11T12:09:26+00:00
barttorvik-2026-2052,Derek Long,Mercy,,,2026,True,Available transfer,2026-07-11T12:09:26+00:00
barttorvik-2026-3121,Derek Simpson,Saint Joseph's,,,2026,True,Available transfer,2026-07-11T12:09:26+00:00
barttorvik-2026-749,Deshawne Crim,Central Missouri,,,2026,True,Available transfer,2026-07-11T12:09:26+00:00
barttorvik-2026-655,Desmond Claude,Washington,,,2026,True,Available transfer,2026-07-11T12:09:26+00:00
barttorvik-2026-272,Deuce Benjamin,Minot St.,,,2026,True,Available transfer,2026-07-11T12:09:26+00:00
barttorvik-2026-3665,Devean Williams,Rider,,,2026,True,Available transfer,2026-07-11T12:09:26+00:00
barttorvik-2026-155,Devin Askew,Villanova,,,2026,True,Available transfer,2026-07-11T12:09:26+00:00
barttorvik-2026-206,Devin Barksdale,Auburn Montgomery,,,2026,True,Available transfer,2026-07-11T12:09:26+00:00
barttorvik-2026-262,Devin Belle,Wayne St. (MI),,,2026,True,Available transfer,2026-07-11T12:09:26+00:00
barttorvik-2026-703,Devin Conley,Emporia St.,,,2026,True,Available transfer,2026-07-11T12:09:26+00:00
barttorvik-2026-776,Devin Curtis,Southern Indiana,,,2026,True,Available transfer,2026-07-11T12:09:26+00:00
barttorvik-2026-1527,Devin Hines,North Florida,,,2026,True,Available transfer,2026-07-11T12:09:26+00:00
barttorvik-2026-3355,Devin Thomas,Maryland Eastern Shore,,,2026,True,Available transfer,2026-07-11T12:09:26+00:00
barttorvik-2026-3520,Devin Walker,Newman,,,2026,True,Available transfer,2026-07-11T12:09:26+00:00
barttorvik-2026-209,Devon Barnes,Ball St.,,,2026,True,Available transfer,2026-07-11T12:09:26+00:00
barttorvik-2026-1028,Devon Ellis,Norfolk St.,,,2026,True,Available transfer,2026-07-11T12:09:26+00:00
barttorvik-2026-1388,Devon Hancock,Ouachita Baptist,,,2026,True,Available transfer,2026-07-11T12:09:26+00:00
barttorvik-2026-1955,"Devon Lassiter, Jr.",Elizabeth City St.,,,2026,True,Available transfer,2026-07-11T12:09:26+00:00
barttorvik-2026-1177,Devyn Franklin,Grambling St.,,,2026,True,Available transfer,2026-07-11T12:09:26+00:00
barttorvik-2026-1905,Deyan Kolev,Jackson St.,,,2026,True,Available transfer,2026-07-11T12:09:26+00:00
barttorvik-2026-2697,Dez'Mond Perkins,Clayton St.,,,2026,True,Available transfer,2026-07-11T12:09:26+00:00
barttorvik-2026-2329,Dezayne Mingo,Charlotte,,,2026,True,Available transfer,2026-07-11T12:09:26+00:00
barttorvik-2026-3251,Diarmid Stewart,Mansfield,,,2026,True,Available transfer,2026-07-11T12:09:26+00:00
barttorvik-2026-2118,Didier Maleng,Denver,,,2026,True,Available transfer,2026-07-11T12:09:26+00:00
barttorvik-2026-3143,Dimitrios Sklavenitis,Seton Hill,,,2026,True,Available transfer,2026-07-11T12:09:26+00:00
barttorvik-2026-290,Domanic Betancourt,Nicholls St.,,,2026,True,Available transfer,2026-07-11T12:09:26+00:00
barttorvik-2026-558,Dominic Capriotti,Pacific,,,2026,True,Available transfer,2026-07-11T12:09:26+00:00
barttorvik-2026-699,Dominic Commisso,Saint Leo,,,2026,True,Available transfer,2026-07-11T12:09:26+00:00
barttorvik-2026-1431,Dominick Harris,Loyola Chicago,,,2026,True,Available transfer,2026-07-11T12:09:26+00:00
barttorvik-2026-2472,Dominick Nelson,Iowa St.,,,2026,True,Available transfer,2026-07-11T12:09:26+00:00
barttorvik-2026-2424,Dominique Murphy Jr,Bellarmine,,,2026,True,Available transfer,2026-07-11T12:09:26+00:00
barttorvik-2026-512,Dominykas Butka,Campbell,,,2026,True,Available transfer,2026-07-11T12:09:26+00:00
barttorvik-2026-3437,"Domonic Turner, Jr.",Pittsburg State,,,2026,True,Available transfer,2026-07-11T12:09:26+00:00
barttorvik-2026-927,Don Don Ferguson,Augustana,,,2026,True,Available transfer,2026-07-11T12:09:26+00:00
barttorvik-2026-668,Donald Coats,Pittsburg State,,,2026,True,Available transfer,2026-07-11T12:09:26+00:00
barttorvik-2026-3618,"Donald Whitehead, Jr.",UNC Greensboro,,,2026,True,Available transfer,2026-07-11T12:09:26+00:00
barttorvik-2026-3786,Donaven Younger,UIS,,,2026,True,Available transfer,2026-07-11T12:09:26+00:00
barttorvik-2026-2026,Donjae’ Lindsey,Stanislaus St.,,,2026,True,Available transfer,2026-07-11T12:09:26+00:00
barttorvik-2026-3769,Donny Yeager,Oakland,,,2026,True,Available transfer,2026-07-11T12:09:26+00:00
barttorvik-2026-447,Donovan Brown,Massachusetts,,,2026,True,Available transfer,2026-07-11T12:09:26+00:00
barttorvik-2026-1518,Donovan Hill,Saint Leo,,,2026,True,Available transfer,2026-07-11T12:09:26+00:00
barttorvik-2026-2051,Donovan Long,Felician,,,2026,True,Available transfer,2026-07-11T12:09:26+00:00
barttorvik-2026-2539,Donovan Oday,Northern Kentucky,,,2026,True,Available transfer,2026-07-11T12:09:26+00:00
barttorvik-2026-3031,Donovan Santoro,St. Edward's,,,2026,True,Available transfer,2026-07-11T12:09:26+00:00
barttorvik-2026-1560,Dontae Horne,Prairie View A&M,,,2026,True,Available transfer,2026-07-11T12:09:26+00:00
barttorvik-2026-2790,Dontae Prescott,Queens (NY),,,2026,True,Available transfer,2026-07-11T12:09:26+00:00
barttorvik-2026-3525,Dontae Walker,N.M. Highlands,,,2026,True,Available transfer,2026-07-11T12:09:26+00:00
barttorvik-2026-170,Donte Bacchus,North Alabama,,,2026,True,Available transfer,2026-07-11T12:09:26+00:00
barttorvik-2026-1504,Donte Hickman,Claflin,,,2026,True,Available transfer,2026-07-11T12:09:26+00:00
barttorvik-2026-3623,Donte Whymns,Benedictine Mesa,,,2026,True,Available transfer,2026-07-11T12:09:26+00:00
barttorvik-2026-1700,Dontrell Jenkins,Davis & Elkins,,,2026,True,Available transfer,2026-07-11T12:09:26+00:00
barttorvik-2026-2186,Donyae May,Arkansas Tech,,,2026,True,Available transfer,2026-07-11T12:09:26+00:00
barttorvik-2026-1686,Dorian Janvier,Coker,,,2026,True,Available transfer,2026-07-11T12:09:26+00:00
barttorvik-2026-1750,Dorien Johnson,Erskine,,,2026,True,Available transfer,2026-07-11T12:09:26+00:00
barttorvik-2026-3781,Doug Young,Prairie View A&M,,,2026,True,Available transfer,2026-07-11T12:09:26+00:00
barttorvik-2026-2742,Draven Pilson,Lincoln PA,,,2026,True,Available transfer,2026-07-11T12:09:26+00:00
barttorvik-2026-2504,Dre Nobles,Hawaii Hilo,,,2026,True,Available transfer,2026-07-11T12:09:26+00:00
barttorvik-2026-138,Drew Ardouin,Cal Poly Humboldt,,,2026,True,Available transfer,2026-07-11T12:09:26+00:00
barttorvik-2026-224,Drew Barrie,Michigan Tech,,,2026,True,Available transfer,2026-07-11T12:09:26+00:00
barttorvik-2026-1131,Drew Fisher,Lewis,,,2026,True,Available transfer,2026-07-11T12:09:26+00:00
barttorvik-2026-1584,Drew Huffman,Kent St.,,,2026,True,Available transfer,2026-07-11T12:09:26+00:00
barttorvik-2026-1809,Drew Kania,Brown,,,2026,True,Available transfer,2026-07-11T12:09:26+00:00
barttorvik-2026-1951,Drew Larson,Niagara,,,2026,True,Available transfer,2026-07-11T12:09:26+00:00
barttorvik-2026-2427,Drew Murphy,Northern Michigan,,,2026,True,Available transfer,2026-07-11T12:09:26+00:00
barttorvik-2026-2774,Duane Posey,Texas Southern,,,2026,True,Available transfer,2026-07-11T12:09:26+00:00
barttorvik-2026-403,Duke Brennan,Villanova,,,2026,True,Available transfer,2026-07-11T12:09:26+00:00
barttorvik-2026-145,Dylan Arnett,North Texas,,,2026,True,Available transfer,2026-07-11T12:09:26+00:00
barttorvik-2026-554,Dylan Canoville,Lander,,,2026,True,Available transfer,2026-07-11T12:09:26+00:00
barttorvik-2026-1773,Dylan Jones,Southern Utah,,,2026,True,Available transfer,2026-07-11T12:09:26+00:00
barttorvik-2026-2012,Dylan Lewis,USC Beaufort,,,2026,True,Available transfer,2026-07-11T12:09:26+00:00
barttorvik-2026-2814,Dylan Purnell,Cal St. Bakersfield,,,2026,True,Available transfer,2026-07-11T12:09:26+00:00
barttorvik-2026-3177,Dylan Smith,Davenport,,,2026,True,Available transfer,2026-07-11T12:09:26+00:00
barttorvik-2026-3732,Dylan Wolle,Young Harris,,,2026,True,Available transfer,2026-07-11T12:09:26+00:00
barttorvik-2026-1594,DáJion Humphrey,Samford,,,2026,True,Available transfer,2026-07-11T12:09:26+00:00
barttorvik-2026-402,E.J. Breland,Pittsburg State,,,2026,True,Available transfer,2026-07-11T12:09:26+00:00
barttorvik-2026-474,E.J. Bryson,Azusa Pacific,,,2026,True,Available transfer,2026-07-11T12:09:26+00:00
barttorvik-2026-2183,E.J. Matthews-Spratley,Millersville,,,2026,True,Available transfer,2026-07-11T12:09:26+00:00
barttorvik-2026-2467,EJ Neal,USC,,,2026,True,Available transfer,2026-07-11T12:09:26+00:00
barttorvik-2026-2422,Eddie Munyak,LIU,,,2026,True,Available transfer,2026-07-11T12:09:26+00:00
barttorvik-2026-2164,Eemil Martinez,Texas A&M,,,2026,True,Available transfer,2026-07-11T12:09:26+00:00
barttorvik-2026-3302,Efe Tahmaz,Mississippi Col.,,,2026,True,Available transfer,2026-07-11T12:09:26+00:00
barttorvik-2026-2067,Eian Lowe,Lamar,,,2026,True,Available transfer,2026-07-11T12:09:26+00:00
barttorvik-2026-3083,Elem Shelby,Arkansas–Monticello,,,2026,True,Available transfer,2026-07-11T12:09:26+00:00
barttorvik-2026-3337,Elhadji Thiam,Auburn Montgomery,,,2026,True,Available transfer,2026-07-11T12:09:26+00:00
barttorvik-2026-1850,Eli Kennedy,Southwest Baptist,,,2026,True,Available transfer,2026-07-11T12:09:26+00:00
barttorvik-2026-3256,Eli Stokes,Emporia St.,,,2026,True,Available transfer,2026-07-11T12:09:26+00:00
barttorvik-2026-1948,Elija Langston,Ferris State,,,2026,True,Available transfer,2026-07-11T12:09:26+00:00
barttorvik-2026-177,Elijah Bailey,Okla. Christian,,,2026,True,Available transfer,2026-07-11T12:09:26+00:00
barttorvik-2026-392,Elijah Bragg,Northwestern Oklahoma State,,,2026,True,Available transfer,2026-07-11T12:09:26+00:00
barttorvik-2026-1002,Elijah Edwards,Cal State San Bernardino,,,2026,True,Available transfer,2026-07-11T12:09:26+00:00
barttorvik-2026-1056,Elijah Espinosa,Mount St. Mary's,,,2026,True,Available transfer,2026-07-11T12:09:26+00:00
barttorvik-2026-1130,Elijah Fisher,Seton Hall,,,2026,True,Available transfer,2026-07-11T12:09:26+00:00
barttorvik-2026-1849,Elijah Kennedy,Hampton,,,2026,True,Available transfer,2026-07-11T12:09:26+00:00
barttorvik-2026-2011,Elijah Lewis,Lane,,,2026,True,Available transfer,2026-07-11T12:09:26+00:00
barttorvik-2026-2104,Elijah Mahi,Santa Clara,,,2026,True,Available transfer,2026-07-11T12:09:26+00:00
barttorvik-2026-2121,Elijah Malone,Colorado,,,2026,True,Available transfer,2026-07-11T12:09:26+00:00
barttorvik-2026-3061,Elijah Scranton,Virginia Union,,,2026,True,Available transfer,2026-07-11T12:09:26+00:00
barttorvik-2026-3427,Elijah Tucker,Longwood,,,2026,True,Available transfer,2026-07-11T12:09:26+00:00
barttorvik-2026-452,Elisha Brown,Goldey-Beacom,,,2026,True,Available transfer,2026-07-11T12:09:26+00:00
barttorvik-2026-1678,Elmore James,Ball St.,,,2026,True,Available transfer,2026-07-11T12:09:26+00:00
barttorvik-2026-1962,Eman Lawal,Salem,,,2026,True,Available transfer,2026-07-11T12:09:26+00:00
barttorvik-2026-1779,Emarquis Jones,Goldey-Beacom,,,2026,True,Available transfer,2026-07-11T12:09:26+00:00
barttorvik-2026-2580,Emeka Opurum,Auburn,,,2026,True,Available transfer,2026-07-11T12:09:26+00:00
barttorvik-2026-1799,Emerson Juhasz,Lubbock Christian,,,2026,True,Available transfer,2026-07-11T12:09:26+00:00
barttorvik-2026-536,Emmanuel Callas,San Diego,,,2026,True,Available transfer,2026-07-11T12:09:26+00:00
barttorvik-2026-1682,Emmanuel James,Lincoln Memorial,,,2026,True,Available transfer,2026-07-11T12:09:26+00:00
barttorvik-2026-1916,Emmanuel Koveos,Georgia St.,,,2026,True,Available transfer,2026-07-11T12:09:26+00:00
barttorvik-2026-2544,Emmanuel Ogbole,Rutgers,,,2026,True,Available transfer,2026-07-11T12:09:26+00:00
barttorvik-2026-2552,Emmanuel Okorafor,Wichita St.,,,2026,True,Available transfer,2026-07-11T12:09:26+00:00
barttorvik-2026-3238,Emmanuel Stephen,UNLV,,,2026,True,Available transfer,2026-07-11T12:09:26+00:00
barttorvik-2026-3448,Emmanuel Ugbo,Washington St.,,,2026,True,Available transfer,2026-07-11T12:09:26+00:00
barttorvik-2026-374,Enire Bowens,Slippery Rock,,,2026,True,Available transfer,2026-07-11T12:09:26+00:00
barttorvik-2026-1112,Enmanuel Ferreras,Franklin Pierce,,,2026,True,Available transfer,2026-07-11T12:09:26+00:00
barttorvik-2026-1806,Enoch Kalambay,Campbell,,,2026,True,Available transfer,2026-07-11T12:09:26+00:00
barttorvik-2026-696,Enzo Combs,North Georgia,,,2026,True,Available transfer,2026-07-11T12:09:26+00:00
barttorvik-2026-1813,Eren Karakaya,San Jose St.,,,2026,True,Available transfer,2026-07-11T12:09:26+00:00
barttorvik-2026-183,Eric Baldassarre,West Georgia,,,2026,True,Available transfer,2026-07-11T12:09:26+00:00
barttorvik-2026-1299,"Eric Gordon, Jr.",Chowan,,,2026,True,Available transfer,2026-07-11T12:09:26+00:00
barttorvik-2026-1363,Eric Hackett,Maryville (MO),,,2026,True,Available transfer,2026-07-11T12:09:26+00:00
barttorvik-2026-673,Erick Coffey,Livingstone,,,2026,True,Available transfer,2026-07-11T12:09:26+00:00
barttorvik-2026-2788,Erik Pratt,Stony Brook,,,2026,True,Available transfer,2026-07-11T12:09:26+00:00
barttorvik-2026-1744,Ernest Johnson II,Bluefield St.,,,2026,True,Available transfer,2026-07-11T12:09:26+00:00
barttorvik-2026-3446,Ernest Udeh Jr.,Miami FL,,,2026,True,Available transfer,2026-07-11T12:09:26+00:00
barttorvik-2026-82,Ernesto Almonte,Young Harris,,,2026,True,Available transfer,2026-07-11T12:09:26+00:00
barttorvik-2026-2135,Esteban Mann,Incarnate Word,,,2026,True,Available transfer,2026-07-11T12:09:26+00:00
barttorvik-2026-2190,Ethan Maynard,East Stroudsburg,,,2026,True,Available transfer,2026-07-11T12:09:26+00:00
barttorvik-2026-2555,Ethan Okwuosa,Boston University,,,2026,True,Available transfer,2026-07-11T12:09:26+00:00
barttorvik-2026-2750,Ethan Pires,Valdosta State,,,2026,True,Available transfer,2026-07-11T12:09:26+00:00
barttorvik-2026-2776,Ethan Potter,Utah Tech,,,2026,True,Available transfer,2026-07-11T12:09:26+00:00
barttorvik-2026-2922,Ethan Robertson,Pace,,,2026,True,Available transfer,2026-07-11T12:09:26+00:00
barttorvik-2026-2991,Ethan Russell,Chadron St.,,,2026,True,Available transfer,2026-07-11T12:09:26+00:00
barttorvik-2026-371,Ethane Bourgade,Bryant,,,2026,True,Available transfer,2026-07-11T12:09:26+00:00
barttorvik-2026-2719,Evan Phelps,East Texas A&M,,,2026,True,Available transfer,2026-07-11T12:09:26+00:00
barttorvik-2026-3116,Evan Simon,UIS,,,2026,True,Available transfer,2026-07-11T12:09:26+00:00
barttorvik-2026-3813,Evan van der Plas,Canisius,,,2026,True,Available transfer,2026-07-11T12:09:26+00:00
barttorvik-2026-218,"Evans Barning, Jr.",West Virginia,,,2026,True,Available transfer,2026-07-11T12:09:26+00:00
barttorvik-2026-784,Fabio Da Rocha,Hawaii Hilo,,,2026,True,Available transfer,2026-07-11T12:09:26+00:00
barttorvik-2026-3007,Fabrice Salvant,Franklin Pierce,,,2026,True,Available transfer,2026-07-11T12:09:26+00:00
barttorvik-2026-2284,Faheim Meran,LIU,,,2026,True,Available transfer,2026-07-11T12:09:26+00:00
barttorvik-2026-1350,Fallou Gueye,Sacred Heart,,,2026,True,Available transfer,2026-07-11T12:09:26+00:00
barttorvik-2026-1612,Fatih Hüyük,Ky. Wesleyan,,,2026,True,Available transfer,2026-07-11T12:09:26+00:00
barttorvik-2026-2053,Federico Longo,St. Thomas Aquinas,,,2026,True,Available transfer,2026-07-11T12:09:26+00:00
barttorvik-2026-3810,Fedor Zugic,Creighton,,,2026,True,Available transfer,2026-07-11T12:09:26+00:00
barttorvik-2026-2559,Femi Olaniyan,Southern,,,2026,True,Available transfer,2026-07-11T12:09:26+00:00
barttorvik-2026-361,Filip Borovicanin,Xavier,,,2026,True,Available transfer,2026-07-11T12:09:26+00:00
barttorvik-2026-397,Filip Brankovic,UT Rio Grande Valley,,,2026,True,Available transfer,2026-07-11T12:09:26+00:00
barttorvik-2026-2708,Filip Petkovski,Tennessee Martin,,,2026,True,Available transfer,2026-07-11T12:09:26+00:00
barttorvik-2026-2822,Filip Radaković,Tennessee Martin,,,2026,True,Available transfer,2026-07-11T12:09:26+00:00
barttorvik-2026-443,Fischer Brown,Western Carolina,,,2026,True,Available transfer,2026-07-11T12:09:26+00:00
barttorvik-2026-2556,Francis Okwuosah,Western Illinois,,,2026,True,Available transfer,2026-07-11T12:09:26+00:00
barttorvik-2026-1838,Frank Keller,Missouri Western,,,2026,True,Available transfer,2026-07-11T12:09:26+00:00
barttorvik-2026-2341,Frank Mitchell,St. Bonaventure,,,2026,True,Available transfer,2026-07-11T12:09:26+00:00
barttorvik-2026-689,Frankie Collins,Vanderbilt,,,2026,True,Available transfer,2026-07-11T12:09:26+00:00
barttorvik-2026-2676,Fred Payne,Boston College,,,2026,True,Available transfer,2026-07-11T12:09:26+00:00
barttorvik-2026-719,Freddie Cooper,St. Mary's (TX),,,2026,True,Available transfer,2026-07-11T12:09:26+00:00
barttorvik-2026-2273,Frederiks Meinarts,Lynn,,,2026,True,Available transfer,2026-07-11T12:09:26+00:00
barttorvik-2026-1881,Fredrick King,Murray St.,,,2026,True,Available transfer,2026-07-11T12:09:26+00:00
barttorvik-2026-664,Gabe Clemmons,Maryville (MO),,,2026,True,Available transfer,2026-07-11T12:09:26+00:00
barttorvik-2026-1462,Gabe Hatler,Montana St. Billings,,,2026,True,Available transfer,2026-07-11T12:09:26+00:00
barttorvik-2026-3135,Gabe Sisk,East Tennessee St.,,,2026,True,Available transfer,2026-07-11T12:09:26+00:00
barttorvik-2026-3248,Gabe Stewart,IU Indy,,,2026,True,Available transfer,2026-07-11T12:09:26+00:00
barttorvik-2026-626,Gai Chol,Mississippi St.,,,2026,True,Available transfer,2026-07-11T12:09:26+00:00
barttorvik-2026-404,Garrett Brennan,Loyola MD,,,2026,True,Available transfer,2026-07-11T12:09:26+00:00
barttorvik-2026-3216,Garrett Spielman,Wyoming,,,2026,True,Available transfer,2026-07-11T12:09:26+00:00
barttorvik-2026-486,Gavin Bullock,Lees-McRae,,,2026,True,Available transfer,2026-07-11T12:09:26+00:00
barttorvik-2026-580,Gavin Carter,Colorado Colorado Springs,,,2026,True,Available transfer,2026-07-11T12:09:26+00:00
barttorvik-2026-836,Gavin Davis,Cal State San Bernardino,,,2026,True,Available transfer,2026-07-11T12:09:26+00:00
barttorvik-2026-2690,Gavin Pendergast,LIU,,,2026,True,Available transfer,2026-07-11T12:09:26+00:00
barttorvik-2026-3582,Gavin Welch,Lake Erie,,,2026,True,Available transfer,2026-07-11T12:09:26+00:00
barttorvik-2026-2572,Gbenga Olubi,North Carolina Central,,,2026,True,Available transfer,2026-07-11T12:09:26+00:00
barttorvik-2026-3220,Geoff Sprouse,American,,,2026,True,Available transfer,2026-07-11T12:09:26+00:00
barttorvik-2026-244,George Beale Jr.,UCF,,,2026,True,Available transfer,2026-07-11T12:09:26+00:00
barttorvik-2026-2131,George Mangas,Fairmont St.,,,2026,True,Available transfer,2026-07-11T12:09:26+00:00
barttorvik-2026-2151,George Marshall,Morehead St.,,,2026,True,Available transfer,2026-07-11T12:09:26+00:00
barttorvik-2026-2995,George Sabatini,Bloomsburg,,,2026,True,Available transfer,2026-07-11T12:09:26+00:00
barttorvik-2026-1035,Giovanni Emejuru,East Carolina,,,2026,True,Available transfer,2026-07-11T12:09:26+00:00
barttorvik-2026-1051,Godswill Erheriene,Seton Hall,,,2026,True,Available transfer,2026-07-11T12:09:26+00:00
barttorvik-2026-156,Grant Asman,Lipscomb,,,2026,True,Available transfer,2026-07-11T12:09:26+00:00
barttorvik-2026-1187,Grant Fridley,McKendree,,,2026,True,Available transfer,2026-07-11T12:09:26+00:00
barttorvik-2026-1855,Grant Kepley,Montana,,,2026,True,Available transfer,2026-07-11T12:09:26+00:00
barttorvik-2026-1207,Grayson Gaddis,Montana St.,,,2026,True,Available transfer,2026-07-11T12:09:26+00:00
barttorvik-2026-1886,Grayson Kirk,Claflin,,,2026,True,Available transfer,2026-07-11T12:09:26+00:00
barttorvik-2026-3666,Greedy Williams,UNC Wilmington,,,2026,True,Available transfer,2026-07-11T12:09:26+00:00
barttorvik-2026-1298,Greg Gordon,LIU,,,2026,True,Available transfer,2026-07-11T12:09:26+00:00
barttorvik-2026-2279,"Gregory Melvin, Jr.",Kentucky St.,,,2026,True,Available transfer,2026-07-11T12:09:26+00:00
barttorvik-2026-1231,Grey Garrison,Henderson St.,,,2026,True,Available transfer,2026-07-11T12:09:26+00:00
barttorvik-2026-3537,Guido Wanschelbaum,South Dakota School of Mines,,,2026,True,Available transfer,2026-07-11T12:09:26+00:00
barttorvik-2026-885,Guillermo Diaz Graham,San Francisco,,,2026,True,Available transfer,2026-07-11T12:09:26+00:00
barttorvik-2026-1604,Gus Hurlburt,Northwestern,,,2026,True,Available transfer,2026-07-11T12:09:26+00:00
barttorvik-2026-84,Hadi Alshami,Roberts Wesleyan,,,2026,True,Available transfer,2026-07-11T12:09:26+00:00
barttorvik-2026-2791,Hagan Preston,Tennessee Tech,,,2026,True,Available transfer,2026-07-11T12:09:26+00:00
barttorvik-2026-2404,Hamad Mousa,Cal Poly,,,2026,True,Available transfer,2026-07-11T12:09:26+00:00
barttorvik-2026-376,Hamahrie Bowers,Roosevelt,,,2026,True,Available transfer,2026-07-11T12:09:26+00:00
barttorvik-2026-2560,Hamed Olayinka,FIU,,,2026,True,Available transfer,2026-07-11T12:09:26+00:00
barttorvik-2026-3409,Handy Toussaint III,Bradley,,,2026,True,Available transfer,2026-07-11T12:09:26+00:00
barttorvik-2026-2951,Hank Roesch,Pitt.-Johnstown,,,2026,True,Available transfer,2026-07-11T12:09:26+00:00
barttorvik-2026-1045,Hansel Enmanuel,Austin Peay,,,2026,True,Available transfer,2026-07-11T12:09:26+00:00
barttorvik-2026-3738,Harold Woods,Incarnate Word,,,2026,True,Available transfer,2026-07-11T12:09:26+00:00
barttorvik-2026-801,Harris Dar,Stephen F. Austin,,,2026,True,Available transfer,2026-07-11T12:09:26+00:00
barttorvik-2026-2027,Harrison Linkous,Fairmont St.,,,2026,True,Available transfer,2026-07-11T12:09:26+00:00
barttorvik-2026-25,Harry Adam,Molloy,,,2026,True,Available transfer,2026-07-11T12:09:26+00:00
barttorvik-2026-1239,Harry Geng,Saint Michael's,,,2026,True,Available transfer,2026-07-11T12:09:26+00:00
barttorvik-2026-2970,Harry Rouhliadeff,Hawaii,,,2026,True,Available transfer,2026-07-11T12:09:26+00:00
barttorvik-2026-3808,Harun Zrno,Rutgers,,,2026,True,Available transfer,2026-07-11T12:09:26+00:00
barttorvik-2026-3617,Harvey White,Colorado Mesa,,,2026,True,Available transfer,2026-07-11T12:09:26+00:00
barttorvik-2026-2907,Hasani Rivera,Georgia Southwestern,,,2026,True,Available transfer,2026-07-11T12:09:26+00:00
barttorvik-2026-150,Hashem Asadallah,Georgetown,,,2026,True,Available transfer,2026-07-11T12:09:26+00:00
barttorvik-2026-255,Hassan Belkhaddar,West Virginia State,,,2026,True,Available transfer,2026-07-11T12:09:26+00:00
barttorvik-2026-2696,Hassan Perkins,Coppin St.,,,2026,True,Available transfer,2026-07-11T12:09:26+00:00
barttorvik-2026-6,Hayden Abdullah,West Liberty,,,2026,True,Available transfer,2026-07-11T12:09:26+00:00
barttorvik-2026-3330,Heath Tenner,UT Tyler,,,2026,True,Available transfer,2026-07-11T12:09:26+00:00
barttorvik-2026-35,Henri Adiassa,Lehigh,,,2026,True,Available transfer,2026-07-11T12:09:26+00:00
barttorvik-2026-2283,Henri Mennander,Queens (NY),,,2026,True,Available transfer,2026-07-11T12:09:26+00:00
barttorvik-2026-3016,Henry Sandberg,Seattle Pacific,,,2026,True,Available transfer,2026-07-11T12:09:26+00:00
barttorvik-2026-65,Hiram Alexander,Goldey-Beacom,,,2026,True,Available transfer,2026-07-11T12:09:26+00:00
barttorvik-2026-1318,Hobert Grayson IV,Mississippi,,,2026,True,Available transfer,2026-07-11T12:09:26+00:00
barttorvik-2026-1671,"Horaces Jacques, Jr.",Claflin,,,2026,True,Available transfer,2026-07-11T12:09:26+00:00
barttorvik-2026-1137,Howie Fleming Jr.,UNLV,,,2026,True,Available transfer,2026-07-11T12:09:26+00:00
barttorvik-2026-761,Huascar Cuevas,Wagner,,,2026,True,Available transfer,2026-07-11T12:09:26+00:00
barttorvik-2026-2028,Hudson Linsenmeyer,East Central,,,2026,True,Available transfer,2026-07-11T12:09:26+00:00
barttorvik-2026-3762,Hudson Yarbrough,Southern Wesleyan,,,2026,True,Available transfer,2026-07-11T12:09:26+00:00
barttorvik-2026-2181,Hugo Maton,UNC Asheville,,,2026,True,Available transfer,2026-07-11T12:09:26+00:00
barttorvik-2026-3057,Ian Scott,Indiana St.,,,2026,True,Available transfer,2026-07-11T12:09:26+00:00
barttorvik-2026-2486,Iaroslav Niagu,Jacksonville St.,,,2026,True,Available transfer,2026-07-11T12:09:26+00:00
barttorvik-2026-2558,Ibrahim Olajuwon,FIU,,,2026,True,Available transfer,2026-07-11T12:09:26+00:00
barttorvik-2026-3431,Ibrahim Turay,California (PA),,,2026,True,Available transfer,2026-07-11T12:09:26+00:00
barttorvik-2026-1222,Ignacio García,Lubbock Christian,,,2026,True,Available transfer,2026-07-11T12:09:26+00:00
barttorvik-2026-1861,Iman Kheirati,Christian Brothers,,,2026,True,Available transfer,2026-07-11T12:09:26+00:00
barttorvik-2026-2006,Immanuel Lewis,Long Beach St.,,,2026,True,Available transfer,2026-07-11T12:09:26+00:00
barttorvik-2026-575,Inslee Carroll,West Alabama,,,2026,True,Available transfer,2026-07-11T12:09:26+00:00
barttorvik-2026-3108,Isa Silva,San Francisco,,,2026,True,Available transfer,2026-07-11T12:09:26+00:00
barttorvik-2026-618,Isaac Cherry,Malone,,,2026,True,Available transfer,2026-07-11T12:09:26+00:00
barttorvik-2026-1004,Isaak Eenhuis,Bemidji St.,,,2026,True,Available transfer,2026-07-11T12:09:26+00:00
barttorvik-2026-182,Isaiah Baker,West Va. Wesleyan,,,2026,True,Available transfer,2026-07-11T12:09:26+00:00
barttorvik-2026-210,Isaiah Barnes,Valparaiso,,,2026,True,Available transfer,2026-07-11T12:09:26+00:00
barttorvik-2026-408,Isaiah Brickner,Idaho,,,2026,True,Available transfer,2026-07-11T12:09:26+00:00
barttorvik-2026-416,Isaiah Broady,Western New Mexico,,,2026,True,Available transfer,2026-07-11T12:09:26+00:00
barttorvik-2026-419,Isaiah Bronson,Sacramento St.,,,2026,True,Available transfer,2026-07-11T12:09:26+00:00
barttorvik-2026-567,Isaiah Carr,Drake,,,2026,True,Available transfer,2026-07-11T12:09:26+00:00
barttorvik-2026-572,Isaiah Carrillo,Abilene Christian,,,2026,True,Available transfer,2026-07-11T12:09:26+00:00
barttorvik-2026-835,Isaiah Davis,Barton,,,2026,True,Available transfer,2026-07-11T12:09:26+00:00
barttorvik-2026-1333,Isaiah Griffin,Saint Anselm,,,2026,True,Available transfer,2026-07-11T12:09:26+00:00
barttorvik-2026-1784,Isaiah Jones,Miles,,,2026,True,Available transfer,2026-07-11T12:09:26+00:00
barttorvik-2026-2000,Isaiah Lewis,Long Beach St.,,,2026,True,Available transfer,2026-07-11T12:09:26+00:00
barttorvik-2026-2250,Isaiah McLemore,Cameron,,,2026,True,Available transfer,2026-07-11T12:09:26+00:00
barttorvik-2026-2600,Isaiah Otyaluk,Drury,,,2026,True,Available transfer,2026-07-11T12:09:26+00:00
barttorvik-2026-2828,Isaiah Ramey,Alabama A&M,,,2026,True,Available transfer,2026-07-11T12:09:26+00:00
barttorvik-2026-2835,Isaiah Randolph,Chadron St.,,,2026,True,Available transfer,2026-07-11T12:09:26+00:00
barttorvik-2026-3193,Isaiah Sonntag,Seattle Pacific,,,2026,True,Available transfer,2026-07-11T12:09:26+00:00
barttorvik-2026-3550,Isaiah Washington,Northern Illinois,,,2026,True,Available transfer,2026-07-11T12:09:26+00:00
barttorvik-2026-3713,Isaiah Wilson,Winthrop,,,2026,True,Available transfer,2026-07-11T12:09:26+00:00
barttorvik-2026-848,Isajah Deburgo,Lees-McRae,,,2026,True,Available transfer,2026-07-11T12:09:26+00:00
barttorvik-2026-2603,Isayah Owens,Coker,,,2026,True,Available transfer,2026-07-11T12:09:26+00:00
barttorvik-2026-906,Ismael Diouf,Northern Iowa,,,2026,True,Available transfer,2026-07-11T12:09:26+00:00
barttorvik-2026-1361,Ismail Habib,Southern Indiana,,,2026,True,Available transfer,2026-07-11T12:09:26+00:00
barttorvik-2026-1455,Israel Hart,Southern Miss,,,2026,True,Available transfer,2026-07-11T12:09:26+00:00
barttorvik-2026-1702,Israel Jenrette,North Alabama,,,2026,True,Available transfer,2026-07-11T12:09:26+00:00
barttorvik-2026-3767,Israel Yaw,Campbell,,,2026,True,Available transfer,2026-07-11T12:09:26+00:00
barttorvik-2026-3218,Ivan Spirov,Cleveland St.,,,2026,True,Available transfer,2026-07-11T12:09:26+00:00
barttorvik-2026-3773,Ivan Yhomby,Daemen,,,2026,True,Available transfer,2026-07-11T12:09:26+00:00
barttorvik-2026-2343,J.J. Mitchell,Cal St. Dominguez Hills,,,2026,True,Available transfer,2026-07-11T12:09:26+00:00
barttorvik-2026-3534,J.J. Walton,St. Mary's (TX),,,2026,True,Available transfer,2026-07-11T12:09:26+00:00
barttorvik-2026-220,J.P. Baron,Lynn,,,2026,True,Available transfer,2026-07-11T12:09:26+00:00
barttorvik-2026-2890,J.P. Ricks,UNC Pembroke,,,2026,True,Available transfer,2026-07-11T12:09:26+00:00
barttorvik-2026-1989,J.R. Leonard,Stetson,,,2026,True,Available transfer,2026-07-11T12:09:26+00:00
barttorvik-2026-3294,J3 Swindell,Tusculum,,,2026,True,Available transfer,2026-07-11T12:09:26+00:00
barttorvik-2026-422,JC Brooks,Tennessee St.,,,2026,True,Available transfer,2026-07-11T12:09:26+00:00
barttorvik-2026-2874,JJ Rembert,McNeese St.,,,2026,True,Available transfer,2026-07-11T12:09:26+00:00
barttorvik-2026-3315,JJ Taylor,Northern Illinois,,,2026,True,Available transfer,2026-07-11T12:09:26+00:00
barttorvik-2026-3611,JJ White,Baylor,,,2026,True,Available transfer,2026-07-11T12:09:26+00:00
barttorvik-2026-945,JP Dragas,IU Indy,,,2026,True,Available transfer,2026-07-11T12:09:26+00:00
barttorvik-2026-1522,Ja'Bryant Hill,Nebraska Kearney,,,2026,True,Available transfer,2026-07-11T12:09:26+00:00
barttorvik-2026-3703,Ja'Quavis Williford,Oregon St.,,,2026,True,Available transfer,2026-07-11T12:09:26+00:00
barttorvik-2026-3383,Ja'Quez Thornton,N.M. Highlands,,,2026,True,Available transfer,2026-07-11T12:09:26+00:00
barttorvik-2026-3675,JaMonte Williams,Central St. (OH),,,2026,True,Available transfer,2026-07-11T12:09:26+00:00
barttorvik-2026-2721,"Jabari Phillip, Jr.",Christian Brothers,,,2026,True,Available transfer,2026-07-11T12:09:26+00:00
barttorvik-2026-551,Jace Canaba,Sul Ross St.,,,2026,True,Available transfer,2026-07-11T12:09:26+00:00
barttorvik-2026-3680,Jace Williams,Mars Hill,,,2026,True,Available transfer,2026-07-11T12:09:26+00:00
barttorvik-2026-426,Jack Browder,Carson–Newman,,,2026,True,Available transfer,2026-07-11T12:09:26+00:00
barttorvik-2026-550,Jack Campion,SIU Edwardsville,,,2026,True,Available transfer,2026-07-11T12:09:26+00:00
barttorvik-2026-579,Jack Carter,Lees-McRae,,,2026,True,Available transfer,2026-07-11T12:09:26+00:00
barttorvik-2026-1724,Jack Johnson,Florida Atlantic,,,2026,True,Available transfer,2026-07-11T12:09:26+00:00
barttorvik-2026-2704,Jack Perry,Pittsburg State,,,2026,True,Available transfer,2026-07-11T12:09:26+00:00
barttorvik-2026-3433,Jack Turner,Oral Roberts,,,2026,True,Available transfer,2026-07-11T12:09:26+00:00
barttorvik-2026-3530,Jack Walter,The Citadel,,,2026,True,Available transfer,2026-07-11T12:09:26+00:00
barttorvik-2026-248,Jackson Beauchamp,Jamestown,,,2026,True,Available transfer,2026-07-11T12:09:26+00:00
barttorvik-2026-706,Jackson Connor,Lewis,,,2026,True,Available transfer,2026-07-11T12:09:26+00:00
barttorvik-2026-1097,Jackson Fazande,UTSA,,,2026,True,Available transfer,2026-07-11T12:09:26+00:00
barttorvik-2026-1208,Jackson Gaffney,Rollins,,,2026,True,Available transfer,2026-07-11T12:09:26+00:00
barttorvik-2026-1472,Jackson Hayes,Winona St.,,,2026,True,Available transfer,2026-07-11T12:09:26+00:00
barttorvik-2026-1496,Jackson Henry,Mansfield,,,2026,True,Available transfer,2026-07-11T12:09:26+00:00
barttorvik-2026-1829,Jackson Keil,Coastal Carolina,,,2026,True,Available transfer,2026-07-11T12:09:26+00:00
barttorvik-2026-2201,Jackson McAdams,Metro State,,,2026,True,Available transfer,2026-07-11T12:09:26+00:00
barttorvik-2026-2669,Jackson Paveletzke,Ohio,,,2026,True,Available transfer,2026-07-11T12:09:26+00:00
barttorvik-2026-2918,Jackson Roberts,USC Aiken,,,2026,True,Available transfer,2026-07-11T12:09:26+00:00
barttorvik-2026-3442,Jackson Twombly,Delta St.,,,2026,True,Available transfer,2026-07-11T12:09:26+00:00
barttorvik-2026-260,Jacob Bell,UT Tyler,,,2026,True,Available transfer,2026-07-11T12:09:26+00:00
barttorvik-2026-748,Jacob Crews,Missouri,,,2026,True,Available transfer,2026-07-11T12:09:26+00:00
barttorvik-2026-2547,Jacob Ognacevic,Washington,,,2026,True,Available transfer,2026-07-11T12:09:26+00:00
barttorvik-2026-3102,Jacquez Shuler,Allen,,,2026,True,Available transfer,2026-07-11T12:09:26+00:00
barttorvik-2026-179,Jaden Baker,Wagner,,,2026,True,Available transfer,2026-07-11T12:09:26+00:00
barttorvik-2026-239,Jaden Battle,Roberts Wesleyan,,,2026,True,Available transfer,2026-07-11T12:09:26+00:00
barttorvik-2026-520,Jaden Byers,Northwest Nazarene,,,2026,True,Available transfer,2026-07-11T12:09:26+00:00
barttorvik-2026-695,Jaden Colzie,Jefferson,,,2026,True,Available transfer,2026-07-11T12:09:26+00:00
barttorvik-2026-1288,Jaden Goodall,San Jose St.,,,2026,True,Available transfer,2026-07-11T12:09:26+00:00
barttorvik-2026-1434,Jaden Harris,Kennesaw St.,,,2026,True,Available transfer,2026-07-11T12:09:26+00:00
barttorvik-2026-1551,Jaden Holt,West Tex. A&M,,,2026,True,Available transfer,2026-07-11T12:09:26+00:00
barttorvik-2026-1707,Jaden Jinks,Tarleton St.,,,2026,True,Available transfer,2026-07-11T12:09:26+00:00
barttorvik-2026-1718,Jaden Johnson,Maryland Eastern Shore,,,2026,True,Available transfer,2026-07-11T12:09:26+00:00
barttorvik-2026-1798,Jaden Juarez,Cameron,,,2026,True,Available transfer,2026-07-11T12:09:26+00:00
barttorvik-2026-1817,Jaden Karuletwa,Arkansas,,,2026,True,Available transfer,2026-07-11T12:09:26+00:00
barttorvik-2026-2688,Jaden Pena,Queens (NY),,,2026,True,Available transfer,2026-07-11T12:09:26+00:00
barttorvik-2026-710,Jadon Cool,Chadron St.,,,2026,True,Available transfer,2026-07-11T12:09:26+00:00
barttorvik-2026-1592,Jadyn Humber,Goldey-Beacom,,,2026,True,Available transfer,2026-07-11T12:09:26+00:00
barttorvik-2026-2430,Jadyn Murray,Purdue Northwest,,,2026,True,Available transfer,2026-07-11T12:09:26+00:00
barttorvik-2026-3095,Jadyn Shider,Clark Atlanta,,,2026,True,Available transfer,2026-07-11T12:09:26+00:00
barttorvik-2026-3359,Jaehshon Thomas,Drake,,,2026,True,Available transfer,2026-07-11T12:09:26+00:00
barttorvik-2026-1172,Jagger Francom,Trevecca Nazarene,,,2026,True,Available transfer,2026-07-11T12:09:26+00:00
barttorvik-2026-2526,Jaheim Nyam,Bryant,,,2026,True,Available transfer,2026-07-11T12:09:26+00:00
barttorvik-2026-2645,Jahki Parrinello,Truman St.,,,2026,True,Available transfer,2026-07-11T12:09:26+00:00
barttorvik-2026-294,Jahlil Bethea,Southern Connecticut St.,,,2026,True,Available transfer,2026-07-11T12:09:26+00:00
barttorvik-2026-2128,Jahlil Manago,Missouri Western,,,2026,True,Available transfer,2026-07-11T12:09:26+00:00
barttorvik-2026-407,Jahmire Brewer,Lincoln PA,,,2026,True,Available transfer,2026-07-11T12:09:26+00:00
barttorvik-2026-3282,Jahni Summers,Sacramento St.,,,2026,True,Available transfer,2026-07-11T12:09:26+00:00
barttorvik-2026-1792,Jahshawne Joseph,Southern New Hampshire,,,2026,True,Available transfer,2026-07-11T12:09:26+00:00
barttorvik-2026-623,Jai Chisolm,Cal St. Northridge,,,2026,True,Available transfer,2026-07-11T12:09:26+00:00
barttorvik-2026-678,Jaiden Cole,Towson,,,2026,True,Available transfer,2026-07-11T12:09:26+00:00
barttorvik-2026-1111,Jaiden Feroah,Southern Utah,,,2026,True,Available transfer,2026-07-11T12:09:26+00:00
barttorvik-2026-1453,Jaiden Harrison,Daemen,,,2026,True,Available transfer,2026-07-11T12:09:26+00:00
barttorvik-2026-1984,Jaiden Lee,Lane,,,2026,True,Available transfer,2026-07-11T12:09:26+00:00
barttorvik-2026-2234,Jaiden McGhee,Bowie St.,,,2026,True,Available transfer,2026-07-11T12:09:26+00:00
barttorvik-2026-3382,Jaiden Thompson,Winston-Salem State,,,2026,True,Available transfer,2026-07-11T12:09:26+00:00
barttorvik-2026-2030,Jaidon Lipscomb,Cleveland St.,,,2026,True,Available transfer,2026-07-11T12:09:26+00:00
barttorvik-2026-3591,Jaidyn West,Fairmont St.,,,2026,True,Available transfer,2026-07-11T12:09:26+00:00
barttorvik-2026-252,Jailen Bedford,Virginia Tech,,,2026,True,Available transfer,2026-07-11T12:09:26+00:00
barttorvik-2026-1743,Jailin Johnson,Malone,,,2026,True,Available transfer,2026-07-11T12:09:26+00:00
barttorvik-2026-181,Jake Baker,East Carolina,,,2026,True,Available transfer,2026-07-11T12:09:26+00:00
barttorvik-2026-994,Jake Edwards,Western Illinois,,,2026,True,Available transfer,2026-07-11T12:09:26+00:00
barttorvik-2026-1403,Jake Harbatkin,Stony Brook,,,2026,True,Available transfer,2026-07-11T12:09:26+00:00
barttorvik-2026-1483,Jake Heidbreder,Fresno St.,,,2026,True,Available transfer,2026-07-11T12:09:26+00:00
barttorvik-2026-3076,Jake Shapiro,Tulane,,,2026,True,Available transfer,2026-07-11T12:09:26+00:00
barttorvik-2026-3260,Jake Stout,UMBC,,,2026,True,Available transfer,2026-07-11T12:09:26+00:00
barttorvik-2026-326,Jakob Blakley,Le Moyne,,,2026,True,Available transfer,2026-07-11T12:09:26+00:00
barttorvik-2026-2609,Jalai O’Keith,Alaska Anchorage,,,2026,True,Available transfer,2026-07-11T12:09:26+00:00
barttorvik-2026-160,Jalen Atkins,Biola,,,2026,True,Available transfer,2026-07-11T12:09:26+00:00
barttorvik-2026-370,Jalen Bouknight,Lindenwood,,,2026,True,Available transfer,2026-07-11T12:09:26+00:00
barttorvik-2026-383,Jalen Bradberry,District of Columbia,,,2026,True,Available transfer,2026-07-11T12:09:26+00:00
barttorvik-2026-766,Jalen Cunningham,UNLV,,,2026,True,Available transfer,2026-07-11T12:09:26+00:00
barttorvik-2026-954,Jalen Duff,Franklin Pierce,,,2026,True,Available transfer,2026-07-11T12:09:26+00:00
barttorvik-2026-1152,Jalen Forrest,Southeastern Louisiana,,,2026,True,Available transfer,2026-07-11T12:09:26+00:00
barttorvik-2026-1385,Jalen Hampton,Arkansas St.,,,2026,True,Available transfer,2026-07-11T12:09:26+00:00
barttorvik-2026-1471,Jalen Hayes,South Dakota,,,2026,True,Available transfer,2026-07-11T12:09:26+00:00
barttorvik-2026-2437,Jalen Myers,Hawaii,,,2026,True,Available transfer,2026-07-11T12:09:26+00:00
barttorvik-2026-2821,Jalen Quinn,Drake,,,2026,True,Available transfer,2026-07-11T12:09:26+00:00
barttorvik-2026-2938,Jalen Robinson,Goldey-Beacom,,,2026,True,Available transfer,2026-07-11T12:09:26+00:00
barttorvik-2026-3308,Jalen Tatum,Jackson St.,,,2026,True,Available transfer,2026-07-11T12:09:26+00:00
barttorvik-2026-3557,Jalen Washington,Vanderbilt,,,2026,True,Available transfer,2026-07-11T12:09:26+00:00
barttorvik-2026-2879,Jalin Rice,Nicholls St.,,,2026,True,Available transfer,2026-07-11T12:09:26+00:00
barttorvik-2026-1048,Jamal Entezami,Hawaii Hilo,,,2026,True,Available transfer,2026-07-11T12:09:26+00:00
barttorvik-2026-1507,"Jamal Hicks,  Jr.",St. Thomas Aquinas,,,2026,True,Available transfer,2026-07-11T12:09:26+00:00
barttorvik-2026-1176,Jamar Franklin,Jacksonville St.,,,2026,True,Available transfer,2026-07-11T12:09:26+00:00
barttorvik-2026-1212,Jamari Gamble,Salem,,,2026,True,Available transfer,2026-07-11T12:09:26+00:00
barttorvik-2026-1964,Jamarques Lawrence,Nebraska,,,2026,True,Available transfer,2026-07-11T12:09:26+00:00
barttorvik-2026-235,James Bass,Tennessee Martin,,,2026,True,Available transfer,2026-07-11T12:09:26+00:00
barttorvik-2026-499,James Burries,Southern Nazarene,,,2026,True,Available transfer,2026-07-11T12:09:26+00:00
barttorvik-2026-717,James Cooper,Georgia St.,,,2026,True,Available transfer,2026-07-11T12:09:26+00:00
barttorvik-2026-1491,"James Henderson, Jr.",Spring Hill,,,2026,True,Available transfer,2026-07-11T12:09:26+00:00
barttorvik-2026-2036,James Livingston,Texas A&M Kingsville,,,2026,True,Available transfer,2026-07-11T12:09:26+00:00
barttorvik-2026-2206,James McCallum,Western New Mexico,,,2026,True,Available transfer,2026-07-11T12:09:26+00:00
barttorvik-2026-1664,Jamian Jackson,Benedictine Mesa,,,2026,True,Available transfer,2026-07-11T12:09:26+00:00
barttorvik-2026-3253,Jamichael Stillwell,UCF,,,2026,True,Available transfer,2026-07-11T12:09:26+00:00
barttorvik-2026-3221,Jamieke Spruill,Tusculum,,,2026,True,Available transfer,2026-07-11T12:09:26+00:00
barttorvik-2026-58,Jamil Aleem,Clayton St.,,,2026,True,Available transfer,2026-07-11T12:09:26+00:00
barttorvik-2026-2435,Jamil Muttilib,Grambling St.,,,2026,True,Available transfer,2026-07-11T12:09:26+00:00
barttorvik-2026-2257,Jamir McNeil,Rider,,,2026,True,Available transfer,2026-07-11T12:09:26+00:00
barttorvik-2026-2666,Jamyier Patton,Tex. A&M Int'l,,,2026,True,Available transfer,2026-07-11T12:09:26+00:00
barttorvik-2026-3352,Jannoy Thomas,Prairie View A&M,,,2026,True,Available transfer,2026-07-11T12:09:26+00:00
barttorvik-2026-2431,Jaqai Murray,Angelo St.,,,2026,True,Available transfer,2026-07-11T12:09:26+00:00
barttorvik-2026-3056,Jaquan Scott,Arkansas Pine Bluff,,,2026,True,Available transfer,2026-07-11T12:09:26+00:00
barttorvik-2026-2389,Jaquel Morris,Norfolk St.,,,2026,True,Available transfer,2026-07-11T12:09:26+00:00
barttorvik-2026-1953,Jared Lary,Detroit Mercy,,,2026,True,Available transfer,2026-07-11T12:09:26+00:00
barttorvik-2026-2239,Jared McGregor,BYU,,,2026,True,Available transfer,2026-07-11T12:09:26+00:00
barttorvik-2026-1373,Jarred Hall,Middle Tennessee,,,2026,True,Available transfer,2026-07-11T12:09:26+00:00
barttorvik-2026-2064,Jarrell Love,Lane,,,2026,True,Available transfer,2026-07-11T12:09:26+00:00
barttorvik-2026-472,Jarrett Bryant,Westmont,,,2026,True,Available transfer,2026-07-11T12:09:26+00:00
barttorvik-2026-3744,Jarvis Wright,Morehead St.,,,2026,True,Available transfer,2026-07-11T12:09:26+00:00
barttorvik-2026-151,Jason Asemota,Boston College,,,2026,True,Available transfer,2026-07-11T12:09:26+00:00
barttorvik-2026-651,Jason Clark,Okla. Christian,,,2026,True,Available transfer,2026-07-11T12:09:26+00:00
barttorvik-2026-996,Jason Edwards,Providence,,,2026,True,Available transfer,2026-07-11T12:09:26+00:00
barttorvik-2026-1523,Jason Hilliard,UMKC,,,2026,True,Available transfer,2026-07-11T12:09:26+00:00
barttorvik-2026-1983,Jason Lee,South Dakota School of Mines,,,2026,True,Available transfer,2026-07-11T12:09:26+00:00
barttorvik-2026-3096,Jason Shields,Holy Family,,,2026,True,Available transfer,2026-07-11T12:09:26+00:00
barttorvik-2026-1140,Jasper Floyd,West Virginia,,,2026,True,Available transfer,2026-07-11T12:09:26+00:00
barttorvik-2026-3514,Jasteven Walker,Alabama St.,,,2026,True,Available transfer,2026-07-11T12:09:26+00:00
barttorvik-2026-1257,Javier Gilgeous-Glasgow,Troy,,,2026,True,Available transfer,2026-07-11T12:09:26+00:00
barttorvik-2026-2599,Javion Otten,Grand Valley State,,,2026,True,Available transfer,2026-07-11T12:09:26+00:00
barttorvik-2026-276,Javon Bennett,Dayton,,,2026,True,Available transfer,2026-07-11T12:09:26+00:00
barttorvik-2026-1656,Javon Jackson,Murray St.,,,2026,True,Available transfer,2026-07-11T12:09:26+00:00
barttorvik-2026-2477,Javonne Nesbit,Okla. Christian,,,2026,True,Available transfer,2026-07-11T12:09:26+00:00
barttorvik-2026-545,Javontae Campbell,Bowling Green,,,2026,True,Available transfer,2026-07-11T12:09:26+00:00
barttorvik-2026-1943,Javonte Landy,Savannah St.,,,2026,True,Available transfer,2026-07-11T12:09:26+00:00
barttorvik-2026-2049,Javonte Long,Frostburg St.,,,2026,True,Available transfer,2026-07-11T12:09:26+00:00
barttorvik-2026-3374,Javoy Thompson,Maryland Eastern Shore,,,2026,True,Available transfer,2026-07-11T12:09:26+00:00
barttorvik-2026-3717,Jax Wilson,Harding,,,2026,True,Available transfer,2026-07-11T12:09:26+00:00
barttorvik-2026-1022,Jaxon Ellingsworth,Arkansas St.,,,2026,True,Available transfer,2026-07-11T12:09:26+00:00
barttorvik-2026-2875,Jay Reynolds,Southeast Missouri St.,,,2026,True,Available transfer,2026-07-11T12:09:26+00:00
barttorvik-2026-870,Jayce Depron,Southern,,,2026,True,Available transfer,2026-07-11T12:09:26+00:00
barttorvik-2026-3393,Jayce Tillman,Southern Ark.,,,2026,True,Available transfer,2026-07-11T12:09:26+00:00
barttorvik-2026-406,Jayden Brewer,Western Michigan,,,2026,True,Available transfer,2026-07-11T12:09:26+00:00
barttorvik-2026-739,Jayden Cox,Western New Mexico,,,2026,True,Available transfer,2026-07-11T12:09:26+00:00
barttorvik-2026-841,Jayden Dawson,Kansas,,,2026,True,Available transfer,2026-07-11T12:09:26+00:00
barttorvik-2026-1049,Jayden Epps,Mississippi St.,,,2026,True,Available transfer,2026-07-11T12:09:26+00:00
barttorvik-2026-1213,Jayden Gambrell,Lamar,,,2026,True,Available transfer,2026-07-11T12:09:26+00:00
barttorvik-2026-2735,Jayden Pierre,TCU,,,2026,True,Available transfer,2026-07-11T12:09:26+00:00
barttorvik-2026-3046,Jayden Schoen,Newman,,,2026,True,Available transfer,2026-07-11T12:09:26+00:00
barttorvik-2026-3185,Jayden Smoot,UT Arlington,,,2026,True,Available transfer,2026-07-11T12:09:26+00:00
barttorvik-2026-3186,Jayden Socka,Morgan St.,,,2026,True,Available transfer,2026-07-11T12:09:26+00:00
barttorvik-2026-283,Jaylen Bernikow,Millersville,,,2026,True,Available transfer,2026-07-11T12:09:26+00:00
barttorvik-2026-1789,Jaylen Jordon,Jacksonville,,,2026,True,Available transfer,2026-07-11T12:09:26+00:00
barttorvik-2026-3064,Jaylen Searles,Nicholls St.,,,2026,True,Available transfer,2026-07-11T12:09:26+00:00
barttorvik-2026-3271,Jaylen Subject,West Virginia State,,,2026,True,Available transfer,2026-07-11T12:09:26+00:00
barttorvik-2026-3755,Jaylen Wysinger,Texas Southern,,,2026,True,Available transfer,2026-07-11T12:09:26+00:00
barttorvik-2026-1487,Jaylin Henderson,Portland St.,,,2026,True,Available transfer,2026-07-11T12:09:26+00:00
barttorvik-2026-1723,Jaylon Johnson,Radford,,,2026,True,Available transfer,2026-07-11T12:09:26+00:00
barttorvik-2026-2337,Jayme Mitchell Jr.,Jackson St.,,,2026,True,Available transfer,2026-07-11T12:09:26+00:00
barttorvik-2026-1438,Jayson Harris,Virginia St.,,,2026,True,Available transfer,2026-07-11T12:09:26+00:00
barttorvik-2026-2382,Jayson Morgan,Furman,,,2026,True,Available transfer,2026-07-11T12:09:26+00:00
barttorvik-2026-2667,Jean Paul El Shamee,Cameron,,,2026,True,Available transfer,2026-07-11T12:09:26+00:00
barttorvik-2026-2365,Jed Moor,Erskine,,,2026,True,Available transfer,2026-07-11T12:09:26+00:00
barttorvik-2026-843,Jefferson De La Cruz Monegro,Cal St. Fullerton,,,2026,True,Available transfer,2026-07-11T12:09:26+00:00
barttorvik-2026-2468,Jefferson Neary,Black Hills St.,,,2026,True,Available transfer,2026-07-11T12:09:26+00:00
barttorvik-2026-49,Jeffrey Akintolu,NJIT,,,2026,True,Available transfer,2026-07-11T12:09:26+00:00
barttorvik-2026-1785,Jemeh Jones,Anderson,,,2026,True,Available transfer,2026-07-11T12:09:26+00:00
barttorvik-2026-1521,JerMontae Hill,Morehouse,,,2026,True,Available transfer,2026-07-11T12:09:26+00:00
barttorvik-2026-693,Jerald Colonel,Stephen F. Austin,,,2026,True,Available transfer,2026-07-11T12:09:26+00:00
barttorvik-2026-1689,Jerell Jean-Baptiste,West Va. Wesleyan,,,2026,True,Available transfer,2026-07-11T12:09:26+00:00
barttorvik-2026-471,Jeremee Bryant,Johnson C. Smith,,,2026,True,Available transfer,2026-07-11T12:09:26+00:00
barttorvik-2026-227,Jeremiah Barze,Clayton St.,,,2026,True,Available transfer,2026-07-11T12:09:26+00:00
barttorvik-2026-2527,Jeremiah Nyarko,Sacramento St.,,,2026,True,Available transfer,2026-07-11T12:09:26+00:00
barttorvik-2026-3670,Jeremiah Williams,Georgetown,,,2026,True,Available transfer,2026-07-11T12:09:26+00:00
barttorvik-2026-279,Jeremias Berchal,King,,,2026,True,Available transfer,2026-07-11T12:09:26+00:00
barttorvik-2026-869,Jeremy Dent-Smith,Stanford,,,2026,True,Available transfer,2026-07-11T12:09:26+00:00
barttorvik-2026-1027,Jeremy Ellis,Alcorn St.,,,2026,True,Available transfer,2026-07-11T12:09:26+00:00
barttorvik-2026-2373,Jeremy Moore,Southwest Baptist,,,2026,True,Available transfer,2026-07-11T12:09:26+00:00
barttorvik-2026-190,Jermaine Ballisager Webb,Portland,,,2026,True,Available transfer,2026-07-11T12:09:26+00:00
barttorvik-2026-3656,Jerome Williams,Longwood,,,2026,True,Available transfer,2026-07-11T12:09:26+00:00
barttorvik-2026-2913,Jerrell Roberson II,UMass Lowell,,,2026,True,Available transfer,2026-07-11T12:09:26+00:00
barttorvik-2026-999,Jesse Edwards,Georgia Southwestern,,,2026,True,Available transfer,2026-07-11T12:09:26+00:00
barttorvik-2026-2736,Jessiah Pierre-Johnson,Johnson C. Smith,,,2026,True,Available transfer,2026-07-11T12:09:26+00:00
barttorvik-2026-263,Jeven Beltran,Western New Mexico,,,2026,True,Available transfer,2026-07-11T12:09:26+00:00
barttorvik-2026-2419,Jevin Muniz,Colorado St.,,,2026,True,Available transfer,2026-07-11T12:09:26+00:00
barttorvik-2026-3280,Jevin Sullivan,Southwest Baptist,,,2026,True,Available transfer,2026-07-11T12:09:26+00:00
barttorvik-2026-2769,Jevon Porter,Missouri,,,2026,True,Available transfer,2026-07-11T12:09:26+00:00
barttorvik-2026-1944,Jimel Lane,Grambling St.,,,2026,True,Available transfer,2026-07-11T12:09:26+00:00
barttorvik-2026-1197,JoJo Fullwood,UNC Wilmington,,,2026,True,Available transfer,2026-07-11T12:09:26+00:00
barttorvik-2026-134,Joaquim ArauzMoore,Gonzaga,,,2026,True,Available transfer,2026-07-11T12:09:26+00:00
barttorvik-2026-97,Joel Amaro,Alaska Anchorage,,,2026,True,Available transfer,2026-07-11T12:09:26+00:00
barttorvik-2026-3209,Joel Speckman II,Black Hills St.,,,2026,True,Available transfer,2026-07-11T12:09:26+00:00
barttorvik-2026-2216,Joevonn McCottry,Winona St.,,,2026,True,Available transfer,2026-07-11T12:09:26+00:00
barttorvik-2026-528,Joey Cabana,Ferris State,,,2026,True,Available transfer,2026-07-11T12:09:26+00:00
barttorvik-2026-3369,Joey Thomas,Clayton St.,,,2026,True,Available transfer,2026-07-11T12:09:26+00:00
barttorvik-2026-201,John Barbee,UT Tyler,,,2026,True,Available transfer,2026-07-11T12:09:26+00:00
barttorvik-2026-203,John Bardelli,Tiffin,,,2026,True,Available transfer,2026-07-11T12:09:26+00:00
barttorvik-2026-633,John Christofilis,Seattle,,,2026,True,Available transfer,2026-07-11T12:09:26+00:00
barttorvik-2026-663,John Clemmons,Delaware St.,,,2026,True,Available transfer,2026-07-11T12:09:26+00:00
barttorvik-2026-2219,John McCrear,Lewis,,,2026,True,Available transfer,2026-07-11T12:09:26+00:00
barttorvik-2026-2347,John Mobley,Edinboro,,,2026,True,Available transfer,2026-07-11T12:09:26+00:00
barttorvik-2026-2957,John Roland,Lynn,,,2026,True,Available transfer,2026-07-11T12:09:26+00:00
barttorvik-2026-2965,John Rose III,Concord,,,2026,True,Available transfer,2026-07-11T12:09:26+00:00
barttorvik-2026-3190,John Solomon,Cal St. Dominguez Hills,,,2026,True,Available transfer,2026-07-11T12:09:26+00:00
barttorvik-2026-1965,Johnathan Lawson,Little Rock,,,2026,True,Available transfer,2026-07-11T12:09:26+00:00
barttorvik-2026-2629,Johnny Papadakos,Winona St.,,,2026,True,Available transfer,2026-07-11T12:09:26+00:00
barttorvik-2026-2178,Johny Mathiang,Tusculum,,,2026,True,Available transfer,2026-07-11T12:09:26+00:00
barttorvik-2026-2425,Jojo Murphy,Seattle,,,2026,True,Available transfer,2026-07-11T12:09:26+00:00
barttorvik-2026-1275,Jomo Goings,LIU,,,2026,True,Available transfer,2026-07-11T12:09:26+00:00
barttorvik-2026-398,Jon Brantley,Wayne St. (MI),,,2026,True,Available transfer,2026-07-11T12:09:26+00:00
barttorvik-2026-1297,Jonah Goorin,USC,,,2026,True,Available transfer,2026-07-11T12:09:26+00:00
barttorvik-2026-3475,Jonah Vaysbakh,Coker,,,2026,True,Available transfer,2026-07-11T12:09:26+00:00
barttorvik-2026-966,Jonathan Dunn,North Carolina Central,,,2026,True,Available transfer,2026-07-11T12:09:26+00:00
barttorvik-2026-2513,Jonathan Noudjihidi,UC Davis,,,2026,True,Available transfer,2026-07-11T12:09:26+00:00
barttorvik-2026-1629,Jonny Ingalls,Northern Michigan,,,2026,True,Available transfer,2026-07-11T12:09:26+00:00
barttorvik-2026-1001,Jordan Edwards,Ashland,,,2026,True,Available transfer,2026-07-11T12:09:26+00:00
barttorvik-2026-1128,Jordan Fisher,Ohio,,,2026,True,Available transfer,2026-07-11T12:09:26+00:00
barttorvik-2026-1300,Jordan Gorecki,Texas Southern,,,2026,True,Available transfer,2026-07-11T12:09:26+00:00
barttorvik-2026-1502,Jordan Hernandez,UTEP,,,2026,True,Available transfer,2026-07-11T12:09:26+00:00
barttorvik-2026-1736,Jordan Johnson,Bethune Cookman,,,2026,True,Available transfer,2026-07-11T12:09:26+00:00
barttorvik-2026-1936,Jordan Lambert,Virginia St.,,,2026,True,Available transfer,2026-07-11T12:09:26+00:00
barttorvik-2026-1975,Jordan Leaks,Norfolk St.,,,2026,True,Available transfer,2026-07-11T12:09:26+00:00
barttorvik-2026-2344,Jordan Mitchell,Columbus St.,,,2026,True,Available transfer,2026-07-11T12:09:26+00:00
barttorvik-2026-2345,Jordan Mitchell,Cameron,,,2026,True,Available transfer,2026-07-11T12:09:26+00:00
barttorvik-2026-2662,Jordan Patterson,Lees-McRae,,,2026,True,Available transfer,2026-07-11T12:09:26+00:00
barttorvik-2026-2766,Jordan Pope,Texas,,,2026,True,Available transfer,2026-07-11T12:09:26+00:00
barttorvik-2026-3181,Jordan Smith,Flagler,,,2026,True,Available transfer,2026-07-11T12:09:26+00:00
barttorvik-2026-482,Jordayn Buhrle,Northwestern Oklahoma State,,,2026,True,Available transfer,2026-07-11T12:09:26+00:00
barttorvik-2026-2753,Jorden Pittman,UAB,,,2026,True,Available transfer,2026-07-11T12:09:26+00:00
barttorvik-2026-225,Joseph Barrio,Cal St. Northridge,,,2026,True,Available transfer,2026-07-11T12:09:26+00:00
barttorvik-2026-2744,Joseph Pinion,South Florida,,,2026,True,Available transfer,2026-07-11T12:09:26+00:00
barttorvik-2026-3354,Joseph Thomas,Little Rock,,,2026,True,Available transfer,2026-07-11T12:09:26+00:00
barttorvik-2026-1091,Josh Farmer,Texas Southern,,,2026,True,Available transfer,2026-07-11T12:09:26+00:00
barttorvik-2026-1198,Josh Fulton,Bucknell,,,2026,True,Available transfer,2026-07-11T12:09:26+00:00
barttorvik-2026-1459,Josh Haskell,Daemen,,,2026,True,Available transfer,2026-07-11T12:09:26+00:00
barttorvik-2026-1469,Josh Hayes,Utah,,,2026,True,Available transfer,2026-07-11T12:09:26+00:00
barttorvik-2026-1513,Josh Hill,Robert Morris,,,2026,True,Available transfer,2026-07-11T12:09:26+00:00
barttorvik-2026-1526,Josh Hines,Green Bay,,,2026,True,Available transfer,2026-07-11T12:09:26+00:00
barttorvik-2026-2021,Josh Linder,North Greenville,,,2026,True,Available transfer,2026-07-11T12:09:26+00:00
barttorvik-2026-2294,Josh Michigan,St. Thomas Aquinas,,,2026,True,Available transfer,2026-07-11T12:09:26+00:00
barttorvik-2026-2856,Josh Reed,Penn St.,,,2026,True,Available transfer,2026-07-11T12:09:26+00:00
barttorvik-2026-2869,Josh Reid,Colorado Christian,,,2026,True,Available transfer,2026-07-11T12:09:26+00:00
barttorvik-2026-2906,Josh Rivera,Seton Hall,,,2026,True,Available transfer,2026-07-11T12:09:26+00:00
barttorvik-2026-3239,Josh Stephen,James Madison,,,2026,True,Available transfer,2026-07-11T12:09:26+00:00
barttorvik-2026-3541,Josh Ward,Cal St. Fullerton,,,2026,True,Available transfer,2026-07-11T12:09:26+00:00
barttorvik-2026-531,Joshua Caine,Virginia Union,,,2026,True,Available transfer,2026-07-11T12:09:26+00:00
barttorvik-2026-2531,Joshua O'Garro,Cal St. Northridge,,,2026,True,Available transfer,2026-07-11T12:09:26+00:00
barttorvik-2026-2543,Joshua Ofori,Biola,,,2026,True,Available transfer,2026-07-11T12:09:26+00:00
barttorvik-2026-3593,Joshua West,Hawaii Pacific,,,2026,True,Available transfer,2026-07-11T12:09:26+00:00
barttorvik-2026-819,Josiah Davis,Cal St. Northridge,,,2026,True,Available transfer,2026-07-11T12:09:26+00:00
barttorvik-2026-1170,Josiah Francis,Fairleigh Dickinson,,,2026,True,Available transfer,2026-07-11T12:09:26+00:00
barttorvik-2026-1407,Josiah Harding,USC Aiken,,,2026,True,Available transfer,2026-07-11T12:09:26+00:00
barttorvik-2026-1968,Josiah Lawson,Morehouse,,,2026,True,Available transfer,2026-07-11T12:09:26+00:00
barttorvik-2026-2888,Josiah Rickards,Concord,,,2026,True,Available transfer,2026-07-11T12:09:26+00:00
barttorvik-2026-1816,Joul Karram,Utah Valley,,,2026,True,Available transfer,2026-07-11T12:09:26+00:00
barttorvik-2026-1643,Jovan Ićitović,Arizona St.,,,2026,True,Available transfer,2026-07-11T12:09:26+00:00
barttorvik-2026-1795,Jovan Jovanović,Chadron St.,,,2026,True,Available transfer,2026-07-11T12:09:26+00:00
barttorvik-2026-2686,Juan Pedro Rodriguez,Mars Hill,,,2026,True,Available transfer,2026-07-11T12:09:26+00:00
barttorvik-2026-1303,Juanse Gorosito,San Diego,,,2026,True,Available transfer,2026-07-11T12:09:26+00:00
barttorvik-2026-2144,Julian Margrave,Nebraska Omaha,,,2026,True,Available transfer,2026-07-11T12:09:26+00:00
barttorvik-2026-2237,Julian McGowan,Allen,,,2026,True,Available transfer,2026-07-11T12:09:26+00:00
barttorvik-2026-2378,Julian Mora,Seattle Pacific,,,2026,True,Available transfer,2026-07-11T12:09:26+00:00
barttorvik-2026-2998,Julian Sadler,Jefferson,,,2026,True,Available transfer,2026-07-11T12:09:26+00:00
barttorvik-2026-3689,Julian Williams,Goldey-Beacom,,,2026,True,Available transfer,2026-07-11T12:09:26+00:00
barttorvik-2026-202,Julien Barclay,Sul Ross St.,,,2026,True,Available transfer,2026-07-11T12:09:26+00:00
barttorvik-2026-3199,Julien Soumaoro,Western Carolina,,,2026,True,Available transfer,2026-07-11T12:09:26+00:00
barttorvik-2026-2359,Julio Montes II,Hawaii Hilo,,,2026,True,Available transfer,2026-07-11T12:09:26+00:00
barttorvik-2026-3671,Justice Williams,Western Michigan,,,2026,True,Available transfer,2026-07-11T12:09:26+00:00
barttorvik-2026-19,Justin Abson,Georgia,,,2026,True,Available transfer,2026-07-11T12:09:26+00:00
barttorvik-2026-72,Justin Allen,Green Bay,,,2026,True,Available transfer,2026-07-11T12:09:26+00:00
barttorvik-2026-92,Justin Amadi,Mount St. Mary's,,,2026,True,Available transfer,2026-07-11T12:09:26+00:00
barttorvik-2026-154,Justin Asi,Ferris State,,,2026,True,Available transfer,2026-07-11T12:09:26+00:00
barttorvik-2026-413,Justin Britt,St. Mary's (TX),,,2026,True,Available transfer,2026-07-11T12:09:26+00:00
barttorvik-2026-955,Justin Duff,Truman St.,,,2026,True,Available transfer,2026-07-11T12:09:26+00:00
barttorvik-2026-998,Justin Edwards,North Carolina Central,,,2026,True,Available transfer,2026-07-11T12:09:26+00:00
barttorvik-2026-1340,Justin Grimes,UNC Pembroke,,,2026,True,Available transfer,2026-07-11T12:09:26+00:00
barttorvik-2026-1466,Justin Hawkins,Niagara,,,2026,True,Available transfer,2026-07-11T12:09:26+00:00
barttorvik-2026-2089,Justin Mack,Emporia St.,,,2026,True,Available transfer,2026-07-11T12:09:26+00:00
barttorvik-2026-2416,Justin Mullins,Northwestern,,,2026,True,Available transfer,2026-07-11T12:09:26+00:00
barttorvik-2026-2510,Justin Norris,Northwestern Oklahoma State,,,2026,True,Available transfer,2026-07-11T12:09:26+00:00
barttorvik-2026-2613,Justin Page,Niagara,,,2026,True,Available transfer,2026-07-11T12:09:26+00:00
barttorvik-2026-2943,Justin Rochelin,Pacific,,,2026,True,Available transfer,2026-07-11T12:09:26+00:00
barttorvik-2026-3361,Justin Thomas,Bowling Green,,,2026,True,Available transfer,2026-07-11T12:09:26+00:00
barttorvik-2026-118,K.J. Anderson,West Alabama,,,2026,True,Available transfer,2026-07-11T12:09:26+00:00
barttorvik-2026-2138,K.J. Manuel,Texas A&M Kingsville,,,2026,True,Available transfer,2026-07-11T12:09:26+00:00
barttorvik-2026-847,KJ Debrick,North Carolina A&T,,,2026,True,Available transfer,2026-07-11T12:09:26+00:00
barttorvik-2026-2214,KJ McClurg,Longwood,,,2026,True,Available transfer,2026-07-11T12:09:26+00:00
barttorvik-2026-3290,KJ Swain,Saint Francis,,,2026,True,Available transfer,2026-07-11T12:09:26+00:00
barttorvik-2026-3763,Kaan Yarkut,Oregon St.,,,2026,True,Available transfer,2026-07-11T12:09:26+00:00
barttorvik-2026-3422,Kabeya Tshibangu,Niagara,,,2026,True,Available transfer,2026-07-11T12:09:26+00:00
barttorvik-2026-1802,Kabine Kaba,MSU Moorhead,,,2026,True,Available transfer,2026-07-11T12:09:26+00:00
barttorvik-2026-2795,Kadden Price,Newman,,,2026,True,Available transfer,2026-07-11T12:09:26+00:00
barttorvik-2026-1534,Kaden Holdbrook,Denver,,,2026,True,Available transfer,2026-07-11T12:09:26+00:00
barttorvik-2026-213,Kahlif Barnes,Mount Olive,,,2026,True,Available transfer,2026-07-11T12:09:26+00:00
barttorvik-2026-3208,Kai Spears,Marshall,,,2026,True,Available transfer,2026-07-11T12:09:26+00:00
barttorvik-2026-1633,Kaia Isaac,Tarleton St.,,,2026,True,Available transfer,2026-07-11T12:09:26+00:00
barttorvik-2026-2490,Kailon Nicholls,Angelo St.,,,2026,True,Available transfer,2026-07-11T12:09:26+00:00
barttorvik-2026-196,Kaleb Banks,DePaul,,,2026,True,Available transfer,2026-07-11T12:09:26+00:00
barttorvik-2026-405,Kaleb Brewer,McNeese St.,,,2026,True,Available transfer,2026-07-11T12:09:26+00:00
barttorvik-2026-3559,Kaleb Washington,Florida A&M,,,2026,True,Available transfer,2026-07-11T12:09:26+00:00
barttorvik-2026-2664,Kallai Patton,New Mexico,,,2026,True,Available transfer,2026-07-11T12:09:26+00:00
barttorvik-2026-593,Kalvin Catchings,Saint Michael's,,,2026,True,Available transfer,2026-07-11T12:09:26+00:00
barttorvik-2026-1942,Kamari Lands,Middle Tennessee,,,2026,True,Available transfer,2026-07-11T12:09:26+00:00
barttorvik-2026-2583,Kamrin Oriol,North Florida,,,2026,True,Available transfer,2026-07-11T12:09:26+00:00
barttorvik-2026-1770,Kanye Jones,USC Upstate,,,2026,True,Available transfer,2026-07-11T12:09:26+00:00
barttorvik-2026-1934,Kap Laila,Colorado Mesa,,,2026,True,Available transfer,2026-07-11T12:09:26+00:00
barttorvik-2026-1904,Karan Kolappa,Cal St. Fullerton,,,2026,True,Available transfer,2026-07-11T12:09:26+00:00
barttorvik-2026-20,Kareem Aburashed,Central Michigan,,,2026,True,Available transfer,2026-07-11T12:09:26+00:00
barttorvik-2026-2977,Kareem Rozier,Winthrop,,,2026,True,Available transfer,2026-07-11T12:09:26+00:00
barttorvik-2026-2765,Karl Poom,Northern Arizona,,,2026,True,Available transfer,2026-07-11T12:09:26+00:00
barttorvik-2026-379,Karon Boyd,Wichita St.,,,2026,True,Available transfer,2026-07-11T12:09:26+00:00
barttorvik-2026-306,Karris Bilal,Louisiana,,,2026,True,Available transfer,2026-07-11T12:09:26+00:00
barttorvik-2026-919,Karyiek Dixon,Western Illinois,,,2026,True,Available transfer,2026-07-11T12:09:26+00:00
barttorvik-2026-1146,Kasai Fontanez,Savannah St.,,,2026,True,Available transfer,2026-07-11T12:09:26+00:00
barttorvik-2026-2809,Kasean Pryor,Louisville,,,2026,True,Available transfer,2026-07-11T12:09:26+00:00
barttorvik-2026-1307,Kasheem Grady II,UMKC,,,2026,True,Available transfer,2026-07-11T12:09:26+00:00
barttorvik-2026-2210,Kavion McClain,Monmouth,,,2026,True,Available transfer,2026-07-11T12:09:26+00:00
barttorvik-2026-3127,Kawar Singh,Molloy,,,2026,True,Available transfer,2026-07-11T12:09:26+00:00
barttorvik-2026-3250,Kazell Stewart,Southern Connecticut St.,,,2026,True,Available transfer,2026-07-11T12:09:26+00:00
barttorvik-2026-459,"KeShawn Brown, Jr.",Georgia Southwestern,,,2026,True,Available transfer,2026-07-11T12:09:26+00:00
barttorvik-2026-2497,Kebba Njie,Notre Dame,,,2026,True,Available transfer,2026-07-11T12:09:26+00:00
barttorvik-2026-339,Kedar Bodie,North Alabama,,,2026,True,Available transfer,2026-07-11T12:09:26+00:00
barttorvik-2026-501,Keegan Burroughs,Middle Georgia,,,2026,True,Available transfer,2026-07-11T12:09:26+00:00
barttorvik-2026-2972,Keegan Rowell,Louisiana Tech,,,2026,True,Available transfer,2026-07-11T12:09:26+00:00
barttorvik-2026-449,Keiren Brown,Westminster,,,2026,True,Available transfer,2026-07-11T12:09:26+00:00
barttorvik-2026-1598,Keiveon Hunt,Jackson St.,,,2026,True,Available transfer,2026-07-11T12:09:26+00:00
barttorvik-2026-3175,Kelen Smith,Cameron,,,2026,True,Available transfer,2026-07-11T12:09:26+00:00
barttorvik-2026-1974,Kellen Leake,Malone,,,2026,True,Available transfer,2026-07-11T12:09:26+00:00
barttorvik-2026-2033,Kellen Little,Winona St.,,,2026,True,Available transfer,2026-07-11T12:09:26+00:00
barttorvik-2026-1236,Kelson Gebbers,Portland,,,2026,True,Available transfer,2026-07-11T12:09:26+00:00
barttorvik-2026-685,Kelton Coleman,Mary,,,2026,True,Available transfer,2026-07-11T12:09:26+00:00
barttorvik-2026-3006,Ken Sallee,Concord,,,2026,True,Available transfer,2026-07-11T12:09:26+00:00
barttorvik-2026-1738,Kendale Johnson,Albany St. (GA),,,2026,True,Available transfer,2026-07-11T12:09:26+00:00
barttorvik-2026-334,Kendall Blue,Nebraska,,,2026,True,Available transfer,2026-07-11T12:09:26+00:00
barttorvik-2026-831,Kendall Davis,Coker,,,2026,True,Available transfer,2026-07-11T12:09:26+00:00
barttorvik-2026-3318,Kendall Taylor,Charleston,,,2026,True,Available transfer,2026-07-11T12:09:26+00:00
barttorvik-2026-2687,Kendon Peebles,Clarion,,,2026,True,Available transfer,2026-07-11T12:09:26+00:00
barttorvik-2026-1252,Kendrick Gilbert,Nebraska Kearney,,,2026,True,Available transfer,2026-07-11T12:09:26+00:00
barttorvik-2026-3753,Kennard Wyche,Virginia Union,,,2026,True,Available transfer,2026-07-11T12:09:26+00:00
barttorvik-2026-497,Kenny Burns III,Northwestern Oklahoma State,,,2026,True,Available transfer,2026-07-11T12:09:26+00:00
barttorvik-2026-1286,Kenny Gonzalez,Mary,,,2026,True,Available transfer,2026-07-11T12:09:26+00:00
barttorvik-2026-2505,Kenny Noland,Columbia,,,2026,True,Available transfer,2026-07-11T12:09:26+00:00
barttorvik-2026-3478,Kenny Vera,Lees-McRae,,,2026,True,Available transfer,2026-07-11T12:09:26+00:00
barttorvik-2026-1882,Kent King,Chaminade,,,2026,True,Available transfer,2026-07-11T12:09:26+00:00
barttorvik-2026-1255,Kenyon Giles,Wichita St.,,,2026,True,Available transfer,2026-07-11T12:09:26+00:00
barttorvik-2026-581,Keonjay Carter,Roberts Wesleyan,,,2026,True,Available transfer,2026-07-11T12:09:26+00:00
barttorvik-2026-1908,Kerem Konan,Creighton,,,2026,True,Available transfer,2026-07-11T12:09:26+00:00
barttorvik-2026-2800,Kerwin Prince,Slippery Rock,,,2026,True,Available transfer,2026-07-11T12:09:26+00:00
barttorvik-2026-3098,Kesean Shillingford,Lincoln PA,,,2026,True,Available transfer,2026-07-11T12:09:26+00:00
barttorvik-2026-2798,Kevaughn Price,USC Beaufort,,,2026,True,Available transfer,2026-07-11T12:09:26+00:00
barttorvik-2026-144,Kevin Armstrong II,California,,,2026,True,Available transfer,2026-07-11T12:09:26+00:00
barttorvik-2026-564,Kevin Carney,Loyola Marymount,,,2026,True,Available transfer,2026-07-11T12:09:26+00:00
barttorvik-2026-1903,Kevin Kogbara,Chico State,,,2026,True,Available transfer,2026-07-11T12:09:26+00:00
barttorvik-2026-2683,Kevin Pazmino,Nicholls St.,,,2026,True,Available transfer,2026-07-11T12:09:26+00:00
barttorvik-2026-725,Kevon Corley,District of Columbia,,,2026,True,Available transfer,2026-07-11T12:09:26+00:00
barttorvik-2026-3801,Kevon Zilaee,Sul Ross St.,,,2026,True,Available transfer,2026-07-11T12:09:26+00:00
barttorvik-2026-3319,Kevonne Taylor,Saginaw Valley,,,2026,True,Available transfer,2026-07-11T12:09:26+00:00
barttorvik-2026-933,Keylon Dorsey,Western New Mexico,,,2026,True,Available transfer,2026-07-11T12:09:26+00:00
barttorvik-2026-2008,Keyontae Lewis,Norfolk St.,,,2026,True,Available transfer,2026-07-11T12:09:26+00:00
barttorvik-2026-1372,Keyshawn Hall,Auburn,,,2026,True,Available transfer,2026-07-11T12:09:26+00:00
barttorvik-2026-1566,Khali Horton,Coppin St.,,,2026,True,Available transfer,2026-07-11T12:09:26+00:00
barttorvik-2026-1240,Khalil Genwright,Tuskegee,,,2026,True,Available transfer,2026-07-11T12:09:26+00:00
barttorvik-2026-1324,Khalil Green,Georgia College,,,2026,True,Available transfer,2026-07-11T12:09:26+00:00
barttorvik-2026-3587,Khamani Wertz,Concord,,,2026,True,Available transfer,2026-07-11T12:09:26+00:00
barttorvik-2026-2935,Khasen Robinson,Little Rock,,,2026,True,Available transfer,2026-07-11T12:09:26+00:00
barttorvik-2026-1557,Khimani Hopkinson,Lincoln PA,,,2026,True,Available transfer,2026-07-11T12:09:26+00:00
barttorvik-2026-937,Khirus Doucet,Fort Valley St.,,,2026,True,Available transfer,2026-07-11T12:09:26+00:00
barttorvik-2026-587,Khouri Carvey,North Carolina Central,,,2026,True,Available transfer,2026-07-11T12:09:26+00:00
barttorvik-2026-1624,King Ijeoma,Canisius,,,2026,True,Available transfer,2026-07-11T12:09:26+00:00
barttorvik-2026-3518,King Walker,North Alabama,,,2026,True,Available transfer,2026-07-11T12:09:26+00:00
barttorvik-2026-2794,Kingston Price,Fordham,,,2026,True,Available transfer,2026-07-11T12:09:26+00:00
barttorvik-2026-2565,Kiran Oliver,Arkansas Tech,,,2026,True,Available transfer,2026-07-11T12:09:26+00:00
barttorvik-2026-101,Klairus Amir,Campbell,,,2026,True,Available transfer,2026-07-11T12:09:26+00:00
barttorvik-2026-582,Knowledge Carter,Tex. A&M Int'l,,,2026,True,Available transfer,2026-07-11T12:09:26+00:00
barttorvik-2026-650,Kobe Clark,Maryville (MO),,,2026,True,Available transfer,2026-07-11T12:09:26+00:00
barttorvik-2026-2050,Kobe Long,Holy Family,,,2026,True,Available transfer,2026-07-11T12:09:26+00:00
barttorvik-2026-1740,Kodi Johnson,Bloomsburg,,,2026,True,Available transfer,2026-07-11T12:09:26+00:00
barttorvik-2026-637,Kody Clancy,Ball St.,,,2026,True,Available transfer,2026-07-11T12:09:26+00:00
barttorvik-2026-1185,Kody Frey,Fairleigh Dickinson,,,2026,True,Available transfer,2026-07-11T12:09:26+00:00
barttorvik-2026-3650,Kody Williams,Hampton,,,2026,True,Available transfer,2026-07-11T12:09:26+00:00
barttorvik-2026-972,Kohlman Dutton,CSU Pueblo,,,2026,True,Available transfer,2026-07-11T12:09:26+00:00
barttorvik-2026-1933,Konstantinos Lagos,Florida Tech,,,2026,True,Available transfer,2026-07-11T12:09:26+00:00
barttorvik-2026-920,Korbin Dixon,Emory & Henry,,,2026,True,Available transfer,2026-07-11T12:09:26+00:00
barttorvik-2026-832,Kory Davis,Coker,,,2026,True,Available transfer,2026-07-11T12:09:26+00:00
barttorvik-2026-1830,Kris Keinys,Pacific,,,2026,True,Available transfer,2026-07-11T12:09:26+00:00
barttorvik-2026-1883,Kris King,Chaminade,,,2026,True,Available transfer,2026-07-11T12:09:26+00:00
barttorvik-2026-162,Krishen Atwal,Middle Georgia,,,2026,True,Available transfer,2026-07-11T12:09:26+00:00
barttorvik-2026-3306,Kwame Tanic,Georgia St.,,,2026,True,Available transfer,2026-07-11T12:09:26+00:00
barttorvik-2026-2755,Kwynsie Pittsnogle,Lees-McRae,,,2026,True,Available transfer,2026-07-11T12:09:26+00:00
barttorvik-2026-2624,Ky Panda-Massey,St. Thomas Aquinas,,,2026,True,Available transfer,2026-07-11T12:09:26+00:00
barttorvik-2026-889,Kye Dickson,UT Rio Grande Valley,,,2026,True,Available transfer,2026-07-11T12:09:26+00:00
barttorvik-2026-273,Kyle Benjamin,Millersville,,,2026,True,Available transfer,2026-07-11T12:09:26+00:00
barttorvik-2026-444,Kyle Brown,Arkansas Pine Bluff,,,2026,True,Available transfer,2026-07-11T12:09:26+00:00
barttorvik-2026-561,Kyle Carlesimo,Colgate,,,2026,True,Available transfer,2026-07-11T12:09:26+00:00
barttorvik-2026-990,Kyle Edison,Southeastern Louisiana,,,2026,True,Available transfer,2026-07-11T12:09:26+00:00
barttorvik-2026-1575,Kyle Houston,LeMoyne-Owen,,,2026,True,Available transfer,2026-07-11T12:09:26+00:00
barttorvik-2026-2810,Kyle Pulliam,William & Mary,,,2026,True,Available transfer,2026-07-11T12:09:26+00:00
barttorvik-2026-3041,Kyle Scharbrough,William Jewell,,,2026,True,Available transfer,2026-07-11T12:09:26+00:00
barttorvik-2026-1322,Kylin Green,Houston Christian,,,2026,True,Available transfer,2026-07-11T12:09:26+00:00
barttorvik-2026-2840,Kyran Ratliff,Louisiana,,,2026,True,Available transfer,2026-07-11T12:09:26+00:00
barttorvik-2026-3583,LJ Wells,Northern Kentucky,,,2026,True,Available transfer,2026-07-11T12:09:26+00:00
barttorvik-2026-2754,LaDricus Pittman,LeMoyne-Owen,,,2026,True,Available transfer,2026-07-11T12:09:26+00:00
barttorvik-2026-526,LaQuan Byrd,Mansfield,,,2026,True,Available transfer,2026-07-11T12:09:26+00:00
barttorvik-2026-1437,LaVonte Harris,Ky. Wesleyan,,,2026,True,Available transfer,2026-07-11T12:09:26+00:00
barttorvik-2026-2514,Ladislav Novák,Davis & Elkins,,,2026,True,Available transfer,2026-07-11T12:09:26+00:00
barttorvik-2026-1102,Ladontae Felton,East Carolina,,,2026,True,Available transfer,2026-07-11T12:09:26+00:00
barttorvik-2026-1777,Lajae Jones,Florida St.,,,2026,True,Available transfer,2026-07-11T12:09:26+00:00
barttorvik-2026-3560,Lamar Washington,Georgia Tech,,,2026,True,Available transfer,2026-07-11T12:09:26+00:00
barttorvik-2026-2487,Lamine Niang,Tennessee Martin,,,2026,True,Available transfer,2026-07-11T12:09:26+00:00
barttorvik-2026-1645,Lamont Jackson,Jacksonville,,,2026,True,Available transfer,2026-07-11T12:09:26+00:00
barttorvik-2026-1259,Lance Gill,Winston-Salem State,,,2026,True,Available transfer,2026-07-11T12:09:26+00:00
barttorvik-2026-3500,Lance Waddles,Nebraska Omaha,,,2026,True,Available transfer,2026-07-11T12:09:26+00:00
barttorvik-2026-399,Landon Braun,Metro State,,,2026,True,Available transfer,2026-07-11T12:09:26+00:00
barttorvik-2026-898,Landon Dimler,Minnesota Crookston,,,2026,True,Available transfer,2026-07-11T12:09:26+00:00
barttorvik-2026-1695,Landon Jeffries,Benedictine Mesa,,,2026,True,Available transfer,2026-07-11T12:09:26+00:00
barttorvik-2026-3730,Landon Wolf,Illinois St.,,,2026,True,Available transfer,2026-07-11T12:09:26+00:00
barttorvik-2026-1800,Landyn Jumawan,Northwestern St.,,,2026,True,Available transfer,2026-07-11T12:09:26+00:00
barttorvik-2026-3206,Lane Sparks,Oral Roberts,,,2026,True,Available transfer,2026-07-11T12:09:26+00:00
barttorvik-2026-310,Langston Binns,Southern Utah,,,2026,True,Available transfer,2026-07-11T12:09:26+00:00
barttorvik-2026-2062,Langston Love,Georgetown,,,2026,True,Available transfer,2026-07-11T12:09:26+00:00
barttorvik-2026-2876,Langston Reynolds,Minnesota,,,2026,True,Available transfer,2026-07-11T12:09:26+00:00
barttorvik-2026-2392,Latavious Morris,N.M. Highlands,,,2026,True,Available transfer,2026-07-11T12:09:26+00:00
barttorvik-2026-3356,LeBron Thomas,Green Bay,,,2026,True,Available transfer,2026-07-11T12:09:26+00:00
barttorvik-2026-3462,Lee Van der Westhuizen,Lubbock Christian,,,2026,True,Available transfer,2026-07-11T12:09:26+00:00
barttorvik-2026-3519,Leland Walker,Wyoming,,,2026,True,Available transfer,2026-07-11T12:09:26+00:00
barttorvik-2026-2758,Lenier Pocknett,King,,,2026,True,Available transfer,2026-07-11T12:09:26+00:00
barttorvik-2026-96,Leo Amari IV,Evansville,,,2026,True,Available transfer,2026-07-11T12:09:26+00:00
barttorvik-2026-1233,Leo Gayman,Southwest Baptist,,,2026,True,Available transfer,2026-07-11T12:09:26+00:00
barttorvik-2026-3492,Leo Vlogianitis,Pace,,,2026,True,Available transfer,2026-07-11T12:09:26+00:00
barttorvik-2026-2447,Leon Nahar,Stony Brook,,,2026,True,Available transfer,2026-07-11T12:09:26+00:00
barttorvik-2026-2332,Leslie Minter,Elizabeth City St.,,,2026,True,Available transfer,2026-07-11T12:09:26+00:00
barttorvik-2026-1160,"Lethaniel Foster, Jr.",West Va. Wesleyan,,,2026,True,Available transfer,2026-07-11T12:09:26+00:00
barttorvik-2026-1961,Levi Lawal,Southern New Hampshire,,,2026,True,Available transfer,2026-07-11T12:09:26+00:00
barttorvik-2026-556,Liam Canty,Northwestern Oklahoma State,,,2026,True,Available transfer,2026-07-11T12:09:26+00:00
barttorvik-2026-2209,Liam McChesney,Creighton,,,2026,True,Available transfer,2026-07-11T12:09:26+00:00
barttorvik-2026-3295,Liam Switzer,Fresno Pacific,,,2026,True,Available transfer,2026-07-11T12:09:26+00:00
barttorvik-2026-2620,Lincoln Palbicki,Maryville (MO),,,2026,True,Available transfer,2026-07-11T12:09:26+00:00
barttorvik-2026-2474,Lionel Nelson,Franklin Pierce,,,2026,True,Available transfer,2026-07-11T12:09:26+00:00
barttorvik-2026-2240,Logan McIntire,Central Michigan,,,2026,True,Available transfer,2026-07-11T12:09:26+00:00
barttorvik-2026-2825,Logan Rainey,Seattle Pacific,,,2026,True,Available transfer,2026-07-11T12:09:26+00:00
barttorvik-2026-3385,Logan Threatt,Metro State,,,2026,True,Available transfer,2026-07-11T12:09:26+00:00
barttorvik-2026-509,London Burton,Rockhurst,,,2026,True,Available transfer,2026-07-11T12:09:26+00:00
barttorvik-2026-1117,London Fields,East Texas A&M,,,2026,True,Available transfer,2026-07-11T12:09:26+00:00
barttorvik-2026-8,Lorenzo Abellar,Southern Utah,,,2026,True,Available transfer,2026-07-11T12:09:26+00:00
barttorvik-2026-2253,Lorenzo McMillion,Quincy,,,2026,True,Available transfer,2026-07-11T12:09:26+00:00
barttorvik-2026-1788,Louie Jordan,Radford,,,2026,True,Available transfer,2026-07-11T12:09:26+00:00
barttorvik-2026-1083,Louis Fairtlough,Manhattan,,,2026,True,Available transfer,2026-07-11T12:09:26+00:00
barttorvik-2026-1312,Louis Grante-Halliday,Western Washington,,,2026,True,Available transfer,2026-07-11T12:09:26+00:00
barttorvik-2026-2058,Lucas Lorenzen,Western Illinois,,,2026,True,Available transfer,2026-07-11T12:09:26+00:00
barttorvik-2026-2145,Lucas Mari,Vermont,,,2026,True,Available transfer,2026-07-11T12:09:26+00:00
barttorvik-2026-3663,Lucas Williams,Tennessee Martin,,,2026,True,Available transfer,2026-07-11T12:09:26+00:00
barttorvik-2026-588,Luciano Casini,Newman,,,2026,True,Available transfer,2026-07-11T12:09:26+00:00
barttorvik-2026-3494,Luka Vudragovic,Pepperdine,,,2026,True,Available transfer,2026-07-11T12:09:26+00:00
barttorvik-2026-3816,Luka Đurović,Chadron St.,,,2026,True,Available transfer,2026-07-11T12:09:26+00:00
barttorvik-2026-445,Luke Brown,American,,,2026,True,Available transfer,2026-07-11T12:09:26+00:00
barttorvik-2026-577,Luke Carter,Lipscomb,,,2026,True,Available transfer,2026-07-11T12:09:26+00:00
barttorvik-2026-861,Luke Denbow,Findlay,,,2026,True,Available transfer,2026-07-11T12:09:26+00:00
barttorvik-2026-891,Luke Diem,Bemidji St.,,,2026,True,Available transfer,2026-07-11T12:09:26+00:00
barttorvik-2026-2383,Luke Morgan,Navy,,,2026,True,Available transfer,2026-07-11T12:09:26+00:00
barttorvik-2026-2405,Luke Moxon,Montana,,,2026,True,Available transfer,2026-07-11T12:09:26+00:00
barttorvik-2026-2426,Luke Murphy,Saint Martin's,,,2026,True,Available transfer,2026-07-11T12:09:26+00:00
barttorvik-2026-2449,Luke Naser,Xavier,,,2026,True,Available transfer,2026-07-11T12:09:26+00:00
barttorvik-2026-3625,Luke Wieskamp,Menlo,,,2026,True,Available transfer,2026-07-11T12:09:26+00:00
barttorvik-2026-1530,Lyonel Hodges,Claflin,,,2026,True,Available transfer,2026-07-11T12:09:26+00:00
barttorvik-2026-3768,MJ Yeager,Oakland,,,2026,True,Available transfer,2026-07-11T12:09:26+00:00
barttorvik-2026-2882,Macaleab Rich,UTSA,,,2026,True,Available transfer,2026-07-11T12:09:26+00:00
barttorvik-2026-2604,Madiba Owona,Utah Tech,,,2026,True,Available transfer,2026-07-11T12:09:26+00:00
barttorvik-2026-970,Madison Durr,UNC Wilmington,,,2026,True,Available transfer,2026-07-11T12:09:26+00:00
barttorvik-2026-1069,Maguire Evans,Tennessee Tech,,,2026,True,Available transfer,2026-07-11T12:09:26+00:00
barttorvik-2026-686,Makai Coleman,Southern Connecticut St.,,,2026,True,Available transfer,2026-07-11T12:09:26+00:00
barttorvik-2026-2114,Makeer Makeer,Mo.-St. Louis,,,2026,True,Available transfer,2026-07-11T12:09:26+00:00
barttorvik-2026-116,Makhai Anderson,Wagner,,,2026,True,Available transfer,2026-07-11T12:09:26+00:00
barttorvik-2026-804,Malachi Dark,Virginia Union,,,2026,True,Available transfer,2026-07-11T12:09:26+00:00
barttorvik-2026-828,Malachi Davis,LIU,,,2026,True,Available transfer,2026-07-11T12:09:26+00:00
barttorvik-2026-941,Malachi Douyon,Santa Clara,,,2026,True,Available transfer,2026-07-11T12:09:26+00:00
barttorvik-2026-1386,Malachi Hampton,Davis & Elkins,,,2026,True,Available transfer,2026-07-11T12:09:26+00:00
barttorvik-2026-2321,Malachi Miller,Western Washington,,,2026,True,Available transfer,2026-07-11T12:09:26+00:00
barttorvik-2026-2432,Malachi Murrell,Cal State San Bernardino,,,2026,True,Available transfer,2026-07-11T12:09:26+00:00
barttorvik-2026-621,Malcolm Chimezie,Boston University,,,2026,True,Available transfer,2026-07-11T12:09:26+00:00
barttorvik-2026-1134,Malcolm Flaggs,Villanova,,,2026,True,Available transfer,2026-07-11T12:09:26+00:00
barttorvik-2026-3266,Malcom Stute,Florida A&M,,,2026,True,Available transfer,2026-07-11T12:09:26+00:00
barttorvik-2026-140,Maleek Arington,Seattle,,,2026,True,Available transfer,2026-07-11T12:09:26+00:00
barttorvik-2026-875,Malik Dia,Mississippi,,,2026,True,Available transfer,2026-07-11T12:09:26+00:00
barttorvik-2026-992,Malik Edmead,Merrimack,,,2026,True,Available transfer,2026-07-11T12:09:26+00:00
barttorvik-2026-1107,Malik Ferguson,Tennessee Tech,,,2026,True,Available transfer,2026-07-11T12:09:26+00:00
barttorvik-2026-2287,Malik Messina-Moore,Xavier,,,2026,True,Available transfer,2026-07-11T12:09:26+00:00
barttorvik-2026-854,Malikai Delgado,Bridgeport,,,2026,True,Available transfer,2026-07-11T12:09:26+00:00
barttorvik-2026-1076,Malique Ewin,Arkansas,,,2026,True,Available transfer,2026-07-11T12:09:26+00:00
barttorvik-2026-1077,Marc Eyman,Texas A&M Kingsville,,,2026,True,Available transfer,2026-07-11T12:09:26+00:00
barttorvik-2026-2843,"Marc Raye, Jr.",Johnson C. Smith,,,2026,True,Available transfer,2026-07-11T12:09:26+00:00
barttorvik-2026-1225,Marcel Gardner,Fairmont St.,,,2026,True,Available transfer,2026-07-11T12:09:26+00:00
barttorvik-2026-496,Marcus Burnett,UT Permian Basin,,,2026,True,Available transfer,2026-07-11T12:09:26+00:00
barttorvik-2026-1517,Marcus Hill,Texas A&M,,,2026,True,Available transfer,2026-07-11T12:09:26+00:00
barttorvik-2026-2734,Marcus Pierce,N.M. Highlands,,,2026,True,Available transfer,2026-07-11T12:09:26+00:00
barttorvik-2026-2740,Marcus Pigram,Western Illinois,,,2026,True,Available transfer,2026-07-11T12:09:26+00:00
barttorvik-2026-3307,Marcus Tankersley,Chicago St.,,,2026,True,Available transfer,2026-07-11T12:09:26+00:00
barttorvik-2026-3796,"Marcus Zeigler, Jr.",Central Oklahoma,,,2026,True,Available transfer,2026-07-11T12:09:26+00:00
barttorvik-2026-1787,Mari Jordan,Radford,,,2026,True,Available transfer,2026-07-11T12:09:26+00:00
barttorvik-2026-3695,"Mario Williams, Jr.",Colorado Colorado Springs,,,2026,True,Available transfer,2026-07-11T12:09:26+00:00
barttorvik-2026-2939,Markus Robinson,Roberts Wesleyan,,,2026,True,Available transfer,2026-07-11T12:09:26+00:00
barttorvik-2026-1435,Marland Harris,Morgan St.,,,2026,True,Available transfer,2026-07-11T12:09:26+00:00
barttorvik-2026-214,"Marlon Barnes, Jr.",Evansville,,,2026,True,Available transfer,2026-07-11T12:09:26+00:00
barttorvik-2026-2481,Marquel Newsome,Tiffin,,,2026,True,Available transfer,2026-07-11T12:09:26+00:00
barttorvik-2026-3288,Marquel Sutton,LSU,,,2026,True,Available transfer,2026-07-11T12:09:26+00:00
barttorvik-2026-1793,Marquese Josephs,Saginaw Valley,,,2026,True,Available transfer,2026-07-11T12:09:26+00:00
barttorvik-2026-586,Marquis Carver-Smith,Truman St.,,,2026,True,Available transfer,2026-07-11T12:09:26+00:00
barttorvik-2026-2914,Marsalis Roberson,UC Davis,,,2026,True,Available transfer,2026-07-11T12:09:26+00:00
barttorvik-2026-872,Marshal Destremau,UT Rio Grande Valley,,,2026,True,Available transfer,2026-07-11T12:09:26+00:00
barttorvik-2026-502,Martez Burse,Harding,,,2026,True,Available transfer,2026-07-11T12:09:26+00:00
barttorvik-2026-1352,Martin Gumwel,Cal Poly Pomona,,,2026,True,Available transfer,2026-07-11T12:09:26+00:00
barttorvik-2026-3793,Martin Zarzuela,Cal State Los Angeles,,,2026,True,Available transfer,2026-07-11T12:09:26+00:00
barttorvik-2026-73,Marvel Allen,Utah Tech,,,2026,True,Available transfer,2026-07-11T12:09:26+00:00
barttorvik-2026-2233,Marvin McGhee III,UT Rio Grande Valley,,,2026,True,Available transfer,2026-07-11T12:09:26+00:00
barttorvik-2026-313,Mason Black,Western Colo.,,,2026,True,Available transfer,2026-07-11T12:09:26+00:00
barttorvik-2026-1311,Mason Grant,USC Aiken,,,2026,True,Available transfer,2026-07-11T12:09:26+00:00
barttorvik-2026-2305,Mason Miles,Eastern Kentucky,,,2026,True,Available transfer,2026-07-11T12:09:26+00:00
barttorvik-2026-2492,Mason Nicholson,Vanderbilt,,,2026,True,Available transfer,2026-07-11T12:09:26+00:00
barttorvik-2026-908,Massal Diouf,Fort Lewis,,,2026,True,Available transfer,2026-07-11T12:09:26+00:00
barttorvik-2026-2126,Massi Malterer,Rockhurst,,,2026,True,Available transfer,2026-07-11T12:09:26+00:00
barttorvik-2026-1810,Mate Kapanadze,UT Tyler,,,2026,True,Available transfer,2026-07-11T12:09:26+00:00
barttorvik-2026-56,Matias Aldana,Black Hills St.,,,2026,True,Available transfer,2026-07-11T12:09:26+00:00
barttorvik-2026-123,Matt Ansah,Saint Leo,,,2026,True,Available transfer,2026-07-11T12:09:26+00:00
barttorvik-2026-3486,Matt Villanueva,Cal St. East Bay,,,2026,True,Available transfer,2026-07-11T12:09:26+00:00
barttorvik-2026-2772,Matteo Porto,Fresno St.,,,2026,True,Available transfer,2026-07-11T12:09:26+00:00
barttorvik-2026-1015,Matthew Elderkin,Grand Valley State,,,2026,True,Available transfer,2026-07-11T12:09:26+00:00
barttorvik-2026-2188,Matthew Mayes,Northwest Mo. St.,,,2026,True,Available transfer,2026-07-11T12:09:26+00:00
barttorvik-2026-2813,Matthew Puodziukaitis,Lynn,,,2026,True,Available transfer,2026-07-11T12:09:26+00:00
barttorvik-2026-3044,Matthew Schmainda,Michigan Tech,,,2026,True,Available transfer,2026-07-11T12:09:26+00:00
barttorvik-2026-3577,Matthew Webster,Georgia Southwestern,,,2026,True,Available transfer,2026-07-11T12:09:26+00:00
barttorvik-2026-1398,Maurio Hanson Jr.,Maryland Eastern Shore,,,2026,True,Available transfer,2026-07-11T12:09:26+00:00
barttorvik-2026-781,Maurizio D'Alessandro,Rider,,,2026,True,Available transfer,2026-07-11T12:09:26+00:00
barttorvik-2026-2317,Mavrick Miller,High Point,,,2026,True,Available transfer,2026-07-11T12:09:26+00:00
barttorvik-2026-530,Max Cain,Christian Brothers,,,2026,True,Available transfer,2026-07-11T12:09:26+00:00
barttorvik-2026-1954,Max Laskey,Northern Illinois,,,2026,True,Available transfer,2026-07-11T12:09:26+00:00
barttorvik-2026-2017,Max Lidman,UVA Wise,,,2026,True,Available transfer,2026-07-11T12:09:26+00:00
barttorvik-2026-2090,Max Mackinnon,LSU,,,2026,True,Available transfer,2026-07-11T12:09:26+00:00
barttorvik-2026-2109,Max Majerle,North Dakota St.,,,2026,True,Available transfer,2026-07-11T12:09:26+00:00
barttorvik-2026-2232,Max McFarland,Frostburg St.,,,2026,True,Available transfer,2026-07-11T12:09:26+00:00
barttorvik-2026-2741,Max Pikaar,Southern Illinois,,,2026,True,Available transfer,2026-07-11T12:09:26+00:00
barttorvik-2026-2865,Max Rehl,Cal St. Northridge,,,2026,True,Available transfer,2026-07-11T12:09:26+00:00
barttorvik-2026-3165,Max Smith,Mississippi,,,2026,True,Available transfer,2026-07-11T12:09:26+00:00
barttorvik-2026-3581,Max Weisbrod,Northern Iowa,,,2026,True,Available transfer,2026-07-11T12:09:26+00:00
barttorvik-2026-3657,Max Williams,Western Carolina,,,2026,True,Available transfer,2026-07-11T12:09:26+00:00
barttorvik-2026-3818,Max Żylicz,Cal State San Bernardino,,,2026,True,Available transfer,2026-07-11T12:09:26+00:00
barttorvik-2026-1264,Maximus Gizzi,Minnesota,,,2026,True,Available transfer,2026-07-11T12:09:26+00:00
barttorvik-2026-2441,Mbaye N'Diaye,Eastern Michigan,,,2026,True,Available transfer,2026-07-11T12:09:26+00:00
barttorvik-2026-2501,Meka Nnaji,Fort Valley St.,,,2026,True,Available transfer,2026-07-11T12:09:26+00:00
barttorvik-2026-2868,Mekhi Reid,Norfolk St.,,,2026,True,Available transfer,2026-07-11T12:09:26+00:00
barttorvik-2026-3429,Melih Tunca,Penn St.,,,2026,True,Available transfer,2026-07-11T12:09:26+00:00
barttorvik-2026-732,Melvin Council Jr.,Kansas,,,2026,True,Available transfer,2026-07-11T12:09:26+00:00
barttorvik-2026-986,Melvyn Ebonkoli,NJIT,,,2026,True,Available transfer,2026-07-11T12:09:26+00:00
barttorvik-2026-591,Micah Caster,Louisiana Monroe,,,2026,True,Available transfer,2026-07-11T12:09:26+00:00
barttorvik-2026-1390,Micah Handlogten,Florida,,,2026,True,Available transfer,2026-07-11T12:09:26+00:00
barttorvik-2026-3119,Micah Simpson,Alabama St.,,,2026,True,Available transfer,2026-07-11T12:09:26+00:00
barttorvik-2026-3784,Micah Young,Concord,,,2026,True,Available transfer,2026-07-11T12:09:26+00:00
barttorvik-2026-890,Michael Dickson,Shippensburg,,,2026,True,Available transfer,2026-07-11T12:09:26+00:00
barttorvik-2026-1016,Michael Eley,Hampton,,,2026,True,Available transfer,2026-07-11T12:09:26+00:00
barttorvik-2026-1141,Michael Folarin,East Texas A&M,,,2026,True,Available transfer,2026-07-11T12:09:26+00:00
barttorvik-2026-1417,Michael Harper,Jacksonville,,,2026,True,Available transfer,2026-07-11T12:09:26+00:00
barttorvik-2026-1668,Michael Jacobs,Southern,,,2026,True,Available transfer,2026-07-11T12:09:26+00:00
barttorvik-2026-1746,Michael Johnson,Shorter,,,2026,True,Available transfer,2026-07-11T12:09:26+00:00
barttorvik-2026-1778,Michael Jones,Cameron,,,2026,True,Available transfer,2026-07-11T12:09:26+00:00
barttorvik-2026-1808,Michael Kalina,Rollins,,,2026,True,Available transfer,2026-07-11T12:09:26+00:00
barttorvik-2026-1963,Michael Lawlor,Manhattan,,,2026,True,Available transfer,2026-07-11T12:09:26+00:00
barttorvik-2026-2593,Michael Osei-Bonsu,Missouri St.,,,2026,True,Available transfer,2026-07-11T12:09:26+00:00
barttorvik-2026-2608,Michael O’Connell,N.C. State,,,2026,True,Available transfer,2026-07-11T12:09:26+00:00
barttorvik-2026-2648,Michael Parrotta,St. Thomas Aquinas,,,2026,True,Available transfer,2026-07-11T12:09:26+00:00
barttorvik-2026-3130,Michael Singleton,Post,,,2026,True,Available transfer,2026-07-11T12:09:26+00:00
barttorvik-2026-3276,Michael Sulaka,Western Michigan,,,2026,True,Available transfer,2026-07-11T12:09:26+00:00
barttorvik-2026-1615,Miftah Ibiyemi,Rhode Island,,,2026,True,Available transfer,2026-07-11T12:09:26+00:00
barttorvik-2026-3405,Mihael Tomic,Incarnate Word,,,2026,True,Available transfer,2026-07-11T12:09:26+00:00
barttorvik-2026-364,Mihailo Boskovic,BYU,,,2026,True,Available transfer,2026-07-11T12:09:26+00:00
barttorvik-2026-3243,Mikale Stevenson,Purdue Fort Wayne,,,2026,True,Available transfer,2026-07-11T12:09:26+00:00
barttorvik-2026-2322,Mike Miller,Alaska Anchorage,,,2026,True,Available transfer,2026-07-11T12:09:26+00:00
barttorvik-2026-3034,Mike Sarden,Cal Poly Humboldt,,,2026,True,Available transfer,2026-07-11T12:09:26+00:00
barttorvik-2026-3535,Mike Walz,Richmond,,,2026,True,Available transfer,2026-07-11T12:09:26+00:00
barttorvik-2026-1468,Mikey Hawkins,Northwestern Oklahoma State,,,2026,True,Available transfer,2026-07-11T12:09:26+00:00
barttorvik-2026-1843,Mikey Kelvin II,FIU,,,2026,True,Available transfer,2026-07-11T12:09:26+00:00
barttorvik-2026-1249,Miles Gibson,Okla. Christian,,,2026,True,Available transfer,2026-07-11T12:09:26+00:00
barttorvik-2026-1291,Miles Goodman,UT Arlington,,,2026,True,Available transfer,2026-07-11T12:09:26+00:00
barttorvik-2026-1393,Miles Hannah,Spring Hill,,,2026,True,Available transfer,2026-07-11T12:09:26+00:00
barttorvik-2026-1505,Miles Hicks,William & Mary,,,2026,True,Available transfer,2026-07-11T12:09:26+00:00
barttorvik-2026-2236,Miller McGowan,Stetson,,,2026,True,Available transfer,2026-07-11T12:09:26+00:00
barttorvik-2026-1626,Milos Ilic,California,,,2026,True,Available transfer,2026-07-11T12:09:26+00:00
barttorvik-2026-1703,Mitch Jeppesen,Westminster,,,2026,True,Available transfer,2026-07-11T12:09:26+00:00
barttorvik-2026-1625,Mobi Ikegwuruka,Kansas St.,,,2026,True,Available transfer,2026-07-11T12:09:26+00:00
barttorvik-2026-3027,Modibo Sanogo,Eastern New Mexico,,,2026,True,Available transfer,2026-07-11T12:09:26+00:00
barttorvik-2026-311,Mohamed Binzagr,George Washington,,,2026,True,Available transfer,2026-07-11T12:09:26+00:00
barttorvik-2026-1832,Mohamed Keita,Temple,,,2026,True,Available transfer,2026-07-11T12:09:26+00:00
barttorvik-2026-2439,Montavious Myrick,Eastern Kentucky,,,2026,True,Available transfer,2026-07-11T12:09:26+00:00
barttorvik-2026-3615,Montraivis White,USC Aiken,,,2026,True,Available transfer,2026-07-11T12:09:26+00:00
barttorvik-2026-3065,Mor Seck,Towson,,,2026,True,Available transfer,2026-07-11T12:09:26+00:00
barttorvik-2026-1011,Mostapha El Moutaouakkil,Jacksonville St.,,,2026,True,Available transfer,2026-07-11T12:09:26+00:00
barttorvik-2026-2196,Mouhamed Mbaye,UTEP,,,2026,True,Available transfer,2026-07-11T12:09:26+00:00
barttorvik-2026-3028,Moustapha Sanoh,Jefferson,,,2026,True,Available transfer,2026-07-11T12:09:26+00:00
barttorvik-2026-2440,Mussa Mzein,Mississippi Valley St.,,,2026,True,Available transfer,2026-07-11T12:09:26+00:00
barttorvik-2026-1699,My'kel Jenkins,Norfolk St.,,,2026,True,Available transfer,2026-07-11T12:09:26+00:00
barttorvik-2026-3015,Mykol Sanchez-Vega,East Texas A&M,,,2026,True,Available transfer,2026-07-11T12:09:26+00:00
barttorvik-2026-1753,Myles Johnson,Black Hills St.,,,2026,True,Available transfer,2026-07-11T12:09:26+00:00
barttorvik-2026-2880,Myles Rice,Maryland,,,2026,True,Available transfer,2026-07-11T12:09:26+00:00
barttorvik-2026-3097,Myles Shields,Regis CO,,,2026,True,Available transfer,2026-07-11T12:09:26+00:00
barttorvik-2026-3403,Najashi Tolefree,Miles,,,2026,True,Available transfer,2026-07-11T12:09:26+00:00
barttorvik-2026-1443,Nakyhi Harris,Daemen,,,2026,True,Available transfer,2026-07-11T12:09:26+00:00
barttorvik-2026-2605,Nana Owusu-Anane,Grand Canyon,,,2026,True,Available transfer,2026-07-11T12:09:26+00:00
barttorvik-2026-1383,Nasir Hammonds,Lake Erie,,,2026,True,Available transfer,2026-07-11T12:09:26+00:00
barttorvik-2026-2134,Nasir Mann,Queens,,,2026,True,Available transfer,2026-07-11T12:09:26+00:00
barttorvik-2026-2410,Nasir Muhammad,Albany,,,2026,True,Available transfer,2026-07-11T12:09:26+00:00
barttorvik-2026-537,Nate Calmese,Wake Forest,,,2026,True,Available transfer,2026-07-11T12:09:26+00:00
barttorvik-2026-1171,Nate Francis,Metro State,,,2026,True,Available transfer,2026-07-11T12:09:26+00:00
barttorvik-2026-1885,Nate Kingz,Syracuse,,,2026,True,Available transfer,2026-07-11T12:09:26+00:00
barttorvik-2026-2586,Nate Orr,UIndy,,,2026,True,Available transfer,2026-07-11T12:09:26+00:00
barttorvik-2026-3035,Nate Sasser III,Chaminade,,,2026,True,Available transfer,2026-07-11T12:09:26+00:00
barttorvik-2026-3115,Nate Simon,Cal State San Marcos,,,2026,True,Available transfer,2026-07-11T12:09:26+00:00
barttorvik-2026-490,Nathan Bunkosky,St. Cloud State,,,2026,True,Available transfer,2026-07-11T12:09:26+00:00
barttorvik-2026-1119,Nathan Fife,Northern Michigan,,,2026,True,Available transfer,2026-07-11T12:09:26+00:00
barttorvik-2026-2268,Nathan Medina,Chaminade,,,2026,True,Available transfer,2026-07-11T12:09:26+00:00
barttorvik-2026-2921,Nathan Robertson,Pace,,,2026,True,Available transfer,2026-07-11T12:09:26+00:00
barttorvik-2026-2009,Nathanael Lewis,Southern Wesleyan,,,2026,True,Available transfer,2026-07-11T12:09:26+00:00
barttorvik-2026-2108,Navaughn Maise,Lander,,,2026,True,Available transfer,2026-07-11T12:09:26+00:00
barttorvik-2026-458,Naz Brown,Central Missouri,,,2026,True,Available transfer,2026-07-11T12:09:26+00:00
barttorvik-2026-2105,Nazar Mahmoud,Grambling St.,,,2026,True,Available transfer,2026-07-11T12:09:26+00:00
barttorvik-2026-268,Neel Beniwal,San Diego,,,2026,True,Available transfer,2026-07-11T12:09:26+00:00
barttorvik-2026-3576,Nehemiah Weber,Northeastern St.,,,2026,True,Available transfer,2026-07-11T12:09:26+00:00
barttorvik-2026-1622,Nehikhare Igiehon,Houston Christian,,,2026,True,Available transfer,2026-07-11T12:09:26+00:00
barttorvik-2026-1616,Nevin Ibroci,Binghamton,,,2026,True,Available transfer,2026-07-11T12:09:26+00:00
barttorvik-2026-3176,Nic Smith,MSU Moorhead,,,2026,True,Available transfer,2026-07-11T12:09:26+00:00
barttorvik-2026-3690,Nic Williams,Malone,,,2026,True,Available transfer,2026-07-11T12:09:26+00:00
barttorvik-2026-322,Nick Blake,Maryland,,,2026,True,Available transfer,2026-07-11T12:09:26+00:00
barttorvik-2026-724,Nick Corbett,Concordia Irvine,,,2026,True,Available transfer,2026-07-11T12:09:26+00:00
barttorvik-2026-2140,Nick Marabito,Regis CO,,,2026,True,Available transfer,2026-07-11T12:09:26+00:00
barttorvik-2026-2266,Nick Medeiros,Dominican,,,2026,True,Available transfer,2026-07-11T12:09:26+00:00
barttorvik-2026-3024,Nick Sanford,New Hampshire,,,2026,True,Available transfer,2026-07-11T12:09:26+00:00
barttorvik-2026-500,Nigel Burris,Weber St.,,,2026,True,Available transfer,2026-07-11T12:09:26+00:00
barttorvik-2026-2554,Nigel Okwakol,Lees-McRae,,,2026,True,Available transfer,2026-07-11T12:09:26+00:00
barttorvik-2026-1314,Nik Graves,Creighton,,,2026,True,Available transfer,2026-07-11T12:09:26+00:00
barttorvik-2026-3815,Nikko von Stralendorff,N.M. Highlands,,,2026,True,Available transfer,2026-07-11T12:09:26+00:00
barttorvik-2026-488,Niko Bundalo,Mississippi,,,2026,True,Available transfer,2026-07-11T12:09:26+00:00
barttorvik-2026-2942,Niko Rocak,UC Davis,,,2026,True,Available transfer,2026-07-11T12:09:26+00:00
barttorvik-2026-2823,Nikola Radovanovic,Pepperdine,,,2026,True,Available transfer,2026-07-11T12:09:26+00:00
barttorvik-2026-1463,Niyol Hauet,West Virginia,,,2026,True,Available transfer,2026-07-11T12:09:26+00:00
barttorvik-2026-26,Noah Adamczyk,Davis & Elkins,,,2026,True,Available transfer,2026-07-11T12:09:26+00:00
barttorvik-2026-215,Noah Barnett,Vermont,,,2026,True,Available transfer,2026-07-11T12:09:26+00:00
barttorvik-2026-343,Noah Bolanga,Utah Tech,,,2026,True,Available transfer,2026-07-11T12:09:26+00:00
barttorvik-2026-380,Noah Boyde,Western Kentucky,,,2026,True,Available transfer,2026-07-11T12:09:26+00:00
barttorvik-2026-481,Noah Budu,Pacific,,,2026,True,Available transfer,2026-07-11T12:09:26+00:00
barttorvik-2026-733,Noah Courtney,Maryville (MO),,,2026,True,Available transfer,2026-07-11T12:09:26+00:00
barttorvik-2026-1672,Noah Jaid,Barry,,,2026,True,Available transfer,2026-07-11T12:09:26+00:00
barttorvik-2026-2278,Noah Melson,Fairleigh Dickinson,,,2026,True,Available transfer,2026-07-11T12:09:26+00:00
barttorvik-2026-2597,Noah Otshudi,Marshall,,,2026,True,Available transfer,2026-07-11T12:09:26+00:00
barttorvik-2026-2680,Noah Payne,Assumption,,,2026,True,Available transfer,2026-07-11T12:09:26+00:00
barttorvik-2026-2803,Noah Prosser,Pitt.-Johnstown,,,2026,True,Available transfer,2026-07-11T12:09:26+00:00
barttorvik-2026-2968,Noah Ross,UNC Wilmington,,,2026,True,Available transfer,2026-07-11T12:09:26+00:00
barttorvik-2026-3082,Noah Shelby,Texas A&M,,,2026,True,Available transfer,2026-07-11T12:09:26+00:00
barttorvik-2026-3269,Noah Suarjaya,UT Tyler,,,2026,True,Available transfer,2026-07-11T12:09:26+00:00
barttorvik-2026-3303,Noah Taitz,Utah Valley,,,2026,True,Available transfer,2026-07-11T12:09:26+00:00
barttorvik-2026-3363,Noah Thomas,Mary,,,2026,True,Available transfer,2026-07-11T12:09:26+00:00
barttorvik-2026-3747,Noah Wright,Seton Hill,,,2026,True,Available transfer,2026-07-11T12:09:26+00:00
barttorvik-2026-942,Noam Dovrat,Miami FL,,,2026,True,Available transfer,2026-07-11T12:09:26+00:00
barttorvik-2026-2491,Nohah Nichols,Ashland,,,2026,True,Available transfer,2026-07-11T12:09:26+00:00
barttorvik-2026-1529,Nolan Hodge,UNC Wilmington,,,2026,True,Available transfer,2026-07-11T12:09:26+00:00
barttorvik-2026-2619,Nolan Paladugu,USC Beaufort,,,2026,True,Available transfer,2026-07-11T12:09:26+00:00
barttorvik-2026-1811,Nordin Kapic,South Carolina,,,2026,True,Available transfer,2026-07-11T12:09:26+00:00
barttorvik-2026-372,"Norris Bourne, Jr.",West Virginia State,,,2026,True,Available transfer,2026-07-11T12:09:26+00:00
barttorvik-2026-1415,Nowah Hargrow,Staten Island,,,2026,True,Available transfer,2026-07-11T12:09:26+00:00
barttorvik-2026-1446,O'Maundre Harris,Virginia Union,,,2026,True,Available transfer,2026-07-11T12:09:26+00:00
barttorvik-2026-1155,Oakland Fort,Northern Arizona,,,2026,True,Available transfer,2026-07-11T12:09:26+00:00
barttorvik-2026-774,Obadiah Curtis,Houston Christian,,,2026,True,Available transfer,2026-07-11T12:09:26+00:00
barttorvik-2026-2549,Obinnaya Okafor,VCU,,,2026,True,Available transfer,2026-07-11T12:09:26+00:00
barttorvik-2026-4,Obomate Abbey,Utah,,,2026,True,Available transfer,2026-07-11T12:09:26+00:00
barttorvik-2026-168,Ogien Ayo,Tennessee St.,,,2026,True,Available transfer,2026-07-11T12:09:26+00:00
barttorvik-2026-2550,Okechukwu Okeke,Albany,,,2026,True,Available transfer,2026-07-11T12:09:26+00:00
barttorvik-2026-46,Ola Ajiboye,Southern Indiana,,,2026,True,Available transfer,2026-07-11T12:09:26+00:00
barttorvik-2026-1899,Oleksandr Kobzystyi,Oregon,,,2026,True,Available transfer,2026-07-11T12:09:26+00:00
barttorvik-2026-3211,Oliver Spence,District of Columbia,,,2026,True,Available transfer,2026-07-11T12:09:26+00:00
barttorvik-2026-32,Omar Adegbola,Northwestern St.,,,2026,True,Available transfer,2026-07-11T12:09:26+00:00
barttorvik-2026-2299,Omar Migues-Hibeljic,Buffalo,,,2026,True,Available transfer,2026-07-11T12:09:26+00:00
barttorvik-2026-197,Omari Banks,Kutztown,,,2026,True,Available transfer,2026-07-11T12:09:26+00:00
barttorvik-2026-1379,Omari Hamilton,Alcorn St.,,,2026,True,Available transfer,2026-07-11T12:09:26+00:00
barttorvik-2026-2370,Omari Moore,Manhattan,,,2026,True,Available transfer,2026-07-11T12:09:26+00:00
barttorvik-2026-1377,Omer Hamama,Kent St.,,,2026,True,Available transfer,2026-07-11T12:09:26+00:00
barttorvik-2026-1567,"Orlando Horton, Jr.",Midwestern St.,,,2026,True,Available transfer,2026-07-11T12:09:26+00:00
barttorvik-2026-2534,Osahon Obasohan,Northwest Mo. St.,,,2026,True,Available transfer,2026-07-11T12:09:26+00:00
barttorvik-2026-133,Owen Aquino,High Point,,,2026,True,Available transfer,2026-07-11T12:09:26+00:00
barttorvik-2026-1413,Owen Hardy,Ferris State,,,2026,True,Available transfer,2026-07-11T12:09:26+00:00
barttorvik-2026-981,P.J. Eason,Alabama A&M,,,2026,True,Available transfer,2026-07-11T12:09:26+00:00
barttorvik-2026-2616,Panagiotis Pagonis,New Orleans,,,2026,True,Available transfer,2026-07-11T12:09:26+00:00
barttorvik-2026-240,Parker Baumann,Western Oregon,,,2026,True,Available transfer,2026-07-11T12:09:26+00:00
barttorvik-2026-629,Parker Christensen,Azusa Pacific,,,2026,True,Available transfer,2026-07-11T12:09:26+00:00
barttorvik-2026-1394,Parker Hannah,Central Oklahoma,,,2026,True,Available transfer,2026-07-11T12:09:26+00:00
barttorvik-2026-1918,Parker Kroon,Alaska Anchorage,,,2026,True,Available transfer,2026-07-11T12:09:26+00:00
barttorvik-2026-3089,Pasha Shemirani,Pepperdine,,,2026,True,Available transfer,2026-07-11T12:09:26+00:00
barttorvik-2026-569,Patrick Carr,UT Tyler,,,2026,True,Available transfer,2026-07-11T12:09:26+00:00
barttorvik-2026-782,Patrick D'Arcy,East Carolina,,,2026,True,Available transfer,2026-07-11T12:09:26+00:00
barttorvik-2026-2811,Patrick Punch,Mississippi Valley St.,,,2026,True,Available transfer,2026-07-11T12:09:26+00:00
barttorvik-2026-923,Paul Djobet,Nebraska Omaha,,,2026,True,Available transfer,2026-07-11T12:09:26+00:00
barttorvik-2026-1950,Paul Lanzi,Saint Leo,,,2026,True,Available transfer,2026-07-11T12:09:26+00:00
barttorvik-2026-2003,Paul Lewis,James Madison,,,2026,True,Available transfer,2026-07-11T12:09:26+00:00
barttorvik-2026-2911,Pavle Riđešić,Georgia Southern,,,2026,True,Available transfer,2026-07-11T12:09:26+00:00
barttorvik-2026-812,Paxton Davidson,Pace,,,2026,True,Available transfer,2026-07-11T12:09:26+00:00
barttorvik-2026-3580,Payton Weemer,Grand Valley State,,,2026,True,Available transfer,2026-07-11T12:09:26+00:00
barttorvik-2026-2084,Peitok Machar,McNeese St.,,,2026,True,Available transfer,2026-07-11T12:09:26+00:00
barttorvik-2026-3809,Pero Zubac,Mercer,,,2026,True,Available transfer,2026-07-11T12:09:26+00:00
barttorvik-2026-3170,Perry Smith Jr.,Kennesaw St.,,,2026,True,Available transfer,2026-07-11T12:09:26+00:00
barttorvik-2026-2300,Petar Mijatović,King,,,2026,True,Available transfer,2026-07-11T12:09:26+00:00
barttorvik-2026-95,Peter Amakasu,Westminster,,,2026,True,Available transfer,2026-07-11T12:09:26+00:00
barttorvik-2026-2245,Peter McKey,Valdosta State,,,2026,True,Available transfer,2026-07-11T12:09:26+00:00
barttorvik-2026-2542,Peter Oduro,Hampton,,,2026,True,Available transfer,2026-07-11T12:09:26+00:00
barttorvik-2026-3275,Peter Suder,Miami OH,,,2026,True,Available transfer,2026-07-11T12:09:26+00:00
barttorvik-2026-1356,Peyton Gusters,Tex. A&M Int'l,,,2026,True,Available transfer,2026-07-11T12:09:26+00:00
barttorvik-2026-2142,Phil March,Nebraska Kearney,,,2026,True,Available transfer,2026-07-11T12:09:26+00:00
barttorvik-2026-1819,Phillip Kavu,Davidson,,,2026,True,Available transfer,2026-07-11T12:09:26+00:00
barttorvik-2026-243,Pierce Bazil,Colorado Christian,,,2026,True,Available transfer,2026-07-11T12:09:26+00:00
barttorvik-2026-2969,Pierce Ross,Northeastern St.,,,2026,True,Available transfer,2026-07-11T12:09:26+00:00
barttorvik-2026-3367,Pierce Thomas,UIndy,,,2026,True,Available transfer,2026-07-11T12:09:26+00:00
barttorvik-2026-1238,Pierre Geneste Jr.,Cal St. Bakersfield,,,2026,True,Available transfer,2026-07-11T12:09:26+00:00
barttorvik-2026-3722,Piotr Winkowski,San Diego,,,2026,True,Available transfer,2026-07-11T12:09:26+00:00
barttorvik-2026-1874,Po'Boigh King,Sam Houston St.,,,2026,True,Available transfer,2026-07-11T12:09:26+00:00
barttorvik-2026-3538,Poohpha Warakulnukroh,UCF,,,2026,True,Available transfer,2026-07-11T12:09:26+00:00
barttorvik-2026-3499,Pop Wadang Wel,Lees-McRae,,,2026,True,Available transfer,2026-07-11T12:09:26+00:00
barttorvik-2026-242,Porter Bazil,Colorado Christian,,,2026,True,Available transfer,2026-07-11T12:09:26+00:00
barttorvik-2026-2627,Predrag Panišić,Coker,,,2026,True,Available transfer,2026-07-11T12:09:26+00:00
barttorvik-2026-2660,Presley Patterson,Rice,,,2026,True,Available transfer,2026-07-11T12:09:26+00:00
barttorvik-2026-648,Preston Clark,Maryville (MO),,,2026,True,Available transfer,2026-07-11T12:09:26+00:00
barttorvik-2026-1979,Preston Lee,Portland,,,2026,True,Available transfer,2026-07-11T12:09:26+00:00
barttorvik-2026-2726,Preston Phillips,Pepperdine,,,2026,True,Available transfer,2026-07-11T12:09:26+00:00
barttorvik-2026-3091,Preston Sherburne,Northwest Nazarene,,,2026,True,Available transfer,2026-07-11T12:09:26+00:00
barttorvik-2026-3147,Preston Sledge,Southern New Hampshire,,,2026,True,Available transfer,2026-07-11T12:09:26+00:00
barttorvik-2026-68,Prince Aligbe,Southern Illinois,,,2026,True,Available transfer,2026-07-11T12:09:26+00:00
barttorvik-2026-1713,Prince Johnson,Eastern Illinois,,,2026,True,Available transfer,2026-07-11T12:09:26+00:00
barttorvik-2026-2581,Promise Opurum,Pace,,,2026,True,Available transfer,2026-07-11T12:09:26+00:00
barttorvik-2026-1725,Prophet Johnson,Sacramento St.,,,2026,True,Available transfer,2026-07-11T12:09:26+00:00
barttorvik-2026-1456,Przemek Hartman,Louisiana Monroe,,,2026,True,Available transfer,2026-07-11T12:09:26+00:00
barttorvik-2026-723,Quadir Copeland,N.C. State,,,2026,True,Available transfer,2026-07-11T12:09:26+00:00
barttorvik-2026-2712,Quadir Pettaway,Angelo St.,,,2026,True,Available transfer,2026-07-11T12:09:26+00:00
barttorvik-2026-347,Quentin Bolton Jr.,Northwestern St.,,,2026,True,Available transfer,2026-07-11T12:09:26+00:00
barttorvik-2026-1479,Quentin Heady,Bethune Cookman,,,2026,True,Available transfer,2026-07-11T12:09:26+00:00
barttorvik-2026-2218,Quentin McCoy,Arizona St.,,,2026,True,Available transfer,2026-07-11T12:09:26+00:00
barttorvik-2026-2291,Quentin Meza,Hawaii Pacific,,,2026,True,Available transfer,2026-07-11T12:09:26+00:00
barttorvik-2026-3404,Quentin Toles,Alabama Huntsville,,,2026,True,Available transfer,2026-07-11T12:09:26+00:00
barttorvik-2026-2639,Quenton Parker,Mo.-St. Louis,,,2026,True,Available transfer,2026-07-11T12:09:26+00:00
barttorvik-2026-3370,Quincy Thomas,Rockhurst,,,2026,True,Available transfer,2026-07-11T12:09:26+00:00
barttorvik-2026-2224,Quinton McCullough,Hawaii Pacific,,,2026,True,Available transfer,2026-07-11T12:09:26+00:00
barttorvik-2026-117,Qurahn Anderson,USC Beaufort,,,2026,True,Available transfer,2026-07-11T12:09:26+00:00
barttorvik-2026-611,R.J. Chatman,Northwest Nazarene,,,2026,True,Available transfer,2026-07-11T12:09:26+00:00
barttorvik-2026-853,R.J. Delahaye,Holy Family,,,2026,True,Available transfer,2026-07-11T12:09:26+00:00
barttorvik-2026-1846,R.J. Kennedy,New Hampshire,,,2026,True,Available transfer,2026-07-11T12:09:26+00:00
barttorvik-2026-3719,R.J. Winegarner,Walsh,,,2026,True,Available transfer,2026-07-11T12:09:26+00:00
barttorvik-2026-1273,RJ Godfrey,Clemson,,,2026,True,Available transfer,2026-07-11T12:09:26+00:00
barttorvik-2026-2640,RaShaun Parker,Davis & Elkins,,,2026,True,Available transfer,2026-07-11T12:09:26+00:00
barttorvik-2026-265,Raj Bencomo Shah,Chestnut Hill,,,2026,True,Available transfer,2026-07-11T12:09:26+00:00
barttorvik-2026-2039,Ramel Lloyd Jr.,Arkansas Pine Bluff,,,2026,True,Available transfer,2026-07-11T12:09:26+00:00
barttorvik-2026-31,Ramiah Adedigba,N.M. Highlands,,,2026,True,Available transfer,2026-07-11T12:09:26+00:00
barttorvik-2026-958,Raph Dumont,Saint Michael's,,,2026,True,Available transfer,2026-07-11T12:09:26+00:00
barttorvik-2026-1826,Rashad Kee,UT Permian Basin,,,2026,True,Available transfer,2026-07-11T12:09:26+00:00
barttorvik-2026-1879,Rashad King,LSU,,,2026,True,Available transfer,2026-07-11T12:09:26+00:00
barttorvik-2026-1266,Ray Glasgow,Alcorn St.,,,2026,True,Available transfer,2026-07-11T12:09:26+00:00
barttorvik-2026-3743,Rayniel Wright,South Carolina St.,,,2026,True,Available transfer,2026-07-11T12:09:26+00:00
barttorvik-2026-3522,Reece Walker,Angelo St.,,,2026,True,Available transfer,2026-07-11T12:09:26+00:00
barttorvik-2026-2718,Reed Pfaltzgraff,Sioux Falls,,,2026,True,Available transfer,2026-07-11T12:09:26+00:00
barttorvik-2026-2805,Reggie Prudhomme,Niagara,,,2026,True,Available transfer,2026-07-11T12:09:26+00:00
barttorvik-2026-2872,Reggie Reinhardt,Arkansas Tech,,,2026,True,Available transfer,2026-07-11T12:09:26+00:00
barttorvik-2026-3542,"Reggie Ward, Jr.",Bethune Cookman,,,2026,True,Available transfer,2026-07-11T12:09:26+00:00
barttorvik-2026-2042,Reid Loewen,Lewis,,,2026,True,Available transfer,2026-07-11T12:09:26+00:00
barttorvik-2026-2445,Relja Nagulić,Mary,,,2026,True,Available transfer,2026-07-11T12:09:26+00:00
barttorvik-2026-2986,Renato Ruiz,FIU,,,2026,True,Available transfer,2026-07-11T12:09:26+00:00
barttorvik-2026-1920,Rex Krout,Arkansas–Fort Smith,,,2026,True,Available transfer,2026-07-11T12:09:26+00:00
barttorvik-2026-318,Rhyjon Blackwell,Marist,,,2026,True,Available transfer,2026-07-11T12:09:26+00:00
barttorvik-2026-3163,Rich Smith,Abilene Christian,,,2026,True,Available transfer,2026-07-11T12:09:26+00:00
barttorvik-2026-188,Rickey Ballard,Grambling St.,,,2026,True,Available transfer,2026-07-11T12:09:26+00:00
barttorvik-2026-2342,Rickey Mitchell Jr.,Bethune Cookman,,,2026,True,Available transfer,2026-07-11T12:09:26+00:00
barttorvik-2026-525,Rico Byrd,Saint Michael's,,,2026,True,Available transfer,2026-07-11T12:09:26+00:00
barttorvik-2026-570,Rico Carr-Cole,Charleston,,,2026,True,Available transfer,2026-07-11T12:09:26+00:00
barttorvik-2026-1922,Riley Kugel,UCF,,,2026,True,Available transfer,2026-07-11T12:09:26+00:00
barttorvik-2026-3037,Riley Saunders,North Dakota St.,,,2026,True,Available transfer,2026-07-11T12:09:26+00:00
barttorvik-2026-2119,Ring Malith,SIU Edwardsville,,,2026,True,Available transfer,2026-07-11T12:09:26+00:00
barttorvik-2026-1966,Rob Lawson,Morgan St.,,,2026,True,Available transfer,2026-07-11T12:09:26+00:00
barttorvik-2026-2158,Rob Martin,High Point,,,2026,True,Available transfer,2026-07-11T12:09:26+00:00
barttorvik-2026-2182,Rob Matos,Colorado Christian,,,2026,True,Available transfer,2026-07-11T12:09:26+00:00
barttorvik-2026-3597,Rob Whaley Jr.,Kent St.,,,2026,True,Available transfer,2026-07-11T12:09:26+00:00
barttorvik-2026-912,Robert Dix,N.M. Highlands,,,2026,True,Available transfer,2026-07-11T12:09:26+00:00
barttorvik-2026-1665,Robert Jackson,West Tex. A&M,,,2026,True,Available transfer,2026-07-11T12:09:26+00:00
barttorvik-2026-2004,Robert Lewis,Lindenwood,,,2026,True,Available transfer,2026-07-11T12:09:26+00:00
barttorvik-2026-2315,Robert Miller III,LSU,,,2026,True,Available transfer,2026-07-11T12:09:26+00:00
barttorvik-2026-3338,Robert Thibiant,Cal St. Northridge,,,2026,True,Available transfer,2026-07-11T12:09:26+00:00
barttorvik-2026-909,Robin Discamps,Lincoln (MO),,,2026,True,Available transfer,2026-07-11T12:09:26+00:00
barttorvik-2026-1937,Rocco Lamuno,Spring Hill,,,2026,True,Available transfer,2026-07-11T12:09:26+00:00
barttorvik-2026-2379,Rocco Morabito,Gannon,,,2026,True,Available transfer,2026-07-11T12:09:26+00:00
barttorvik-2026-3203,Rocco Spadafora,Edinboro,,,2026,True,Available transfer,2026-07-11T12:09:26+00:00
barttorvik-2026-672,Roderick Coffee III,Grambling St.,,,2026,True,Available transfer,2026-07-11T12:09:26+00:00
barttorvik-2026-2964,Roman Rose,Concordia Irvine,,,2026,True,Available transfer,2026-07-11T12:09:26+00:00
barttorvik-2026-454,Ron Brown III,Millersville,,,2026,True,Available transfer,2026-07-11T12:09:26+00:00
barttorvik-2026-1360,Ron Haas,Davis & Elkins,,,2026,True,Available transfer,2026-07-11T12:09:26+00:00
barttorvik-2026-3803,Ron Zipper,LSU,,,2026,True,Available transfer,2026-07-11T12:09:26+00:00
barttorvik-2026-409,"Ronald Bridges, Jr.",Lincoln PA,,,2026,True,Available transfer,2026-07-11T12:09:26+00:00
barttorvik-2026-1256,"Ronell Giles, Jr.",Quinnipiac,,,2026,True,Available transfer,2026-07-11T12:09:26+00:00
barttorvik-2026-3692,Ronnie Williams,Daemen,,,2026,True,Available transfer,2026-07-11T12:09:26+00:00
barttorvik-2026-2537,Ronyo Obou,Saint Martin's,,,2026,True,Available transfer,2026-07-11T12:09:26+00:00
barttorvik-2026-3246,Rory Stewart,Florida Gulf Coast,,,2026,True,Available transfer,2026-07-11T12:09:26+00:00
barttorvik-2026-2863,Ross Reeves,Nova Southeastern,,,2026,True,Available transfer,2026-07-11T12:09:26+00:00
barttorvik-2026-3004,Rubén Salazar,Erskine,,,2026,True,Available transfer,2026-07-11T12:09:26+00:00
barttorvik-2026-305,Ruot Bijiek,Bucknell,,,2026,True,Available transfer,2026-07-11T12:09:26+00:00
barttorvik-2026-346,Ryan Bolton Jr.,Prairie View A&M,,,2026,True,Available transfer,2026-07-11T12:09:26+00:00
barttorvik-2026-705,Ryan Conner,Cal State San Marcos,,,2026,True,Available transfer,2026-07-11T12:09:26+00:00
barttorvik-2026-727,Ryan Cornish,USC,,,2026,True,Available transfer,2026-07-11T12:09:26+00:00
barttorvik-2026-1053,Ryan Erikson,North Dakota,,,2026,True,Available transfer,2026-07-11T12:09:26+00:00
barttorvik-2026-2010,Ryan Lewis,Union (NY),,,2026,True,Available transfer,2026-07-11T12:09:26+00:00
barttorvik-2026-2081,Ryan Mabrey,Maine,,,2026,True,Available transfer,2026-07-11T12:09:26+00:00
barttorvik-2026-2634,Ryan Paris,Thomas More,,,2026,True,Available transfer,2026-07-11T12:09:26+00:00
barttorvik-2026-2885,Ryan Richardson,Binghamton,,,2026,True,Available transfer,2026-07-11T12:09:26+00:00
barttorvik-2026-616,Ryder Cheesman,Missouri St.,,,2026,True,Available transfer,2026-07-11T12:09:26+00:00
barttorvik-2026-1019,Ryder Elisaldez,UC San Diego,,,2026,True,Available transfer,2026-07-11T12:09:26+00:00
barttorvik-2026-1570,Rylan Houck,Carson–Newman,,,2026,True,Available transfer,2026-07-11T12:09:26+00:00
barttorvik-2026-3571,Sage Wayans,Northeastern St.,,,2026,True,Available transfer,2026-07-11T12:09:26+00:00
barttorvik-2026-3005,Saif Saleh,Pace,,,2026,True,Available transfer,2026-07-11T12:09:26+00:00
barttorvik-2026-876,Salim Diaby,Wagner,,,2026,True,Available transfer,2026-07-11T12:09:26+00:00
barttorvik-2026-3075,Saliou Seye,Grambling St.,,,2026,True,Available transfer,2026-07-11T12:09:26+00:00
barttorvik-2026-234,Sam Baskin,Sioux Falls,,,2026,True,Available transfer,2026-07-11T12:09:26+00:00
barttorvik-2026-386,Sam Bradford,Arkansas Tech,,,2026,True,Available transfer,2026-07-11T12:09:26+00:00
barttorvik-2026-2191,Sam Maynard,Young Harris,,,2026,True,Available transfer,2026-07-11T12:09:26+00:00
barttorvik-2026-2730,Sam Phipps,UT Tyler,,,2026,True,Available transfer,2026-07-11T12:09:26+00:00
barttorvik-2026-3153,Sam Smith,Wagner,,,2026,True,Available transfer,2026-07-11T12:09:26+00:00
barttorvik-2026-3592,Sam West,Concordia St. Paul,,,2026,True,Available transfer,2026-07-11T12:09:26+00:00
barttorvik-2026-351,Samarion Bond,Valdosta State,,,2026,True,Available transfer,2026-07-11T12:09:26+00:00
barttorvik-2026-2751,Sami Pissis,Alabama A&M,,,2026,True,Available transfer,2026-07-11T12:09:26+00:00
barttorvik-2026-142,Samuel Ariyibi,Utah Tech,,,2026,True,Available transfer,2026-07-11T12:09:26+00:00
barttorvik-2026-2429,Samuel Murray,Mississippi Valley St.,,,2026,True,Available transfer,2026-07-11T12:09:26+00:00
barttorvik-2026-3789,Samuel Yurasek,Loyola Chicago,,,2026,True,Available transfer,2026-07-11T12:09:26+00:00
barttorvik-2026-3131,Santana Sinvilcin,Daemen,,,2026,True,Available transfer,2026-07-11T12:09:26+00:00
barttorvik-2026-1693,Sargent Jeffery,Dominican,,,2026,True,Available transfer,2026-07-11T12:09:26+00:00
barttorvik-2026-1204,Sarp Furtun,Indiana (PA),,,2026,True,Available transfer,2026-07-11T12:09:26+00:00
barttorvik-2026-1531,Saxton Hoepker,Southeast Missouri St.,,,2026,True,Available transfer,2026-07-11T12:09:26+00:00
barttorvik-2026-2226,Seamus McDermott,Duquesne,,,2026,True,Available transfer,2026-07-11T12:09:26+00:00
barttorvik-2026-1038,Sean Emfinger,UT Tyler,,,2026,True,Available transfer,2026-07-11T12:09:26+00:00
barttorvik-2026-3805,Seck Zongo,Arkansas–Fort Smith,,,2026,True,Available transfer,2026-07-11T12:09:26+00:00
barttorvik-2026-1,Semetri (TT) Carr,California,,,2026,True,Available transfer,2026-07-11T12:09:26+00:00
barttorvik-2026-1428,Sencire Harris,Cincinnati,,,2026,True,Available transfer,2026-07-11T12:09:26+00:00
barttorvik-2026-2007,Seryee Lewis,Prairie View A&M,,,2026,True,Available transfer,2026-07-11T12:09:26+00:00
barttorvik-2026-2857,Seth Reed,Lenoir-Rhyne,,,2026,True,Available transfer,2026-07-11T12:09:26+00:00
barttorvik-2026-3417,Seth Trimble,North Carolina,,,2026,True,Available transfer,2026-07-11T12:09:26+00:00
barttorvik-2026-1971,Shahar Lazar,West Florida,,,2026,True,Available transfer,2026-07-11T12:09:26+00:00
barttorvik-2026-3189,Shaheed Solebo,Youngstown St.,,,2026,True,Available transfer,2026-07-11T12:09:26+00:00
barttorvik-2026-2409,Shahid Muhammad,Florida St.,,,2026,True,Available transfer,2026-07-11T12:09:26+00:00
barttorvik-2026-2775,Shakur Poteat,Albany St. (GA),,,2026,True,Available transfer,2026-07-11T12:09:26+00:00
barttorvik-2026-585,Shamir Caruthers,Carson–Newman,,,2026,True,Available transfer,2026-07-11T12:09:26+00:00
barttorvik-2026-208,Sharod Barnes,Western Michigan,,,2026,True,Available transfer,2026-07-11T12:09:26+00:00
barttorvik-2026-3320,Sharrod Taylor,UT Permian Basin,,,2026,True,Available transfer,2026-07-11T12:09:26+00:00
barttorvik-2026-3109,Shawn Simmons II,UMass Lowell,,,2026,True,Available transfer,2026-07-11T12:09:26+00:00
barttorvik-2026-3172,Shawnn Smith,D'Youville,,,2026,True,Available transfer,2026-07-11T12:09:26+00:00
barttorvik-2026-2113,Shedrach Makanjuola,Bridgeport,,,2026,True,Available transfer,2026-07-11T12:09:26+00:00
barttorvik-2026-50,Sheer Akot,Southern New Hampshire,,,2026,True,Available transfer,2026-07-11T12:09:26+00:00
barttorvik-2026-3010,Sheick Samoura,Slippery Rock,,,2026,True,Available transfer,2026-07-11T12:09:26+00:00
barttorvik-2026-3697,Shelton Williams-Dryden,West Georgia,,,2026,True,Available transfer,2026-07-11T12:09:26+00:00
barttorvik-2026-3077,Sheridan Sharp,Southern Indiana,,,2026,True,Available transfer,2026-07-11T12:09:26+00:00
barttorvik-2026-1657,Shilo Jackson,Le Moyne,,,2026,True,Available transfer,2026-07-11T12:09:26+00:00
barttorvik-2026-2643,Shyheim Parm,Cal Poly Pomona,,,2026,True,Available transfer,2026-07-11T12:09:26+00:00
barttorvik-2026-3283,Silas Sunday,Hofstra,,,2026,True,Available transfer,2026-07-11T12:09:26+00:00
barttorvik-2026-3745,Silas Wright,Dominican,,,2026,True,Available transfer,2026-07-11T12:09:26+00:00
barttorvik-2026-1510,Simon Hildebrandt,Washington St.,,,2026,True,Available transfer,2026-07-11T12:09:26+00:00
barttorvik-2026-2695,Simon Percy,Southern Connecticut St.,,,2026,True,Available transfer,2026-07-11T12:09:26+00:00
barttorvik-2026-3600,Simon Wheeler,Jacksonville,,,2026,True,Available transfer,2026-07-11T12:09:26+00:00
barttorvik-2026-665,Sincere Clemons,Vermont,,,2026,True,Available transfer,2026-07-11T12:09:26+00:00
barttorvik-2026-2122,Sincere Malone,Nicholls St.,,,2026,True,Available transfer,2026-07-11T12:09:26+00:00
barttorvik-2026-3756,Sivert Wærstad Nordheim,Indiana St.,,,2026,True,Available transfer,2026-07-11T12:09:26+00:00
barttorvik-2026-3624,Skylar Wicks,Saint Francis,,,2026,True,Available transfer,2026-07-11T12:09:26+00:00
barttorvik-2026-645,Skyy Clark,UCLA,,,2026,True,Available transfer,2026-07-11T12:09:26+00:00
barttorvik-2026-30,Sola Adebisi,The Citadel,,,2026,True,Available transfer,2026-07-11T12:09:26+00:00
barttorvik-2026-1080,Spencer Ezewiro,Lamar,,,2026,True,Available transfer,2026-07-11T12:09:26+00:00
barttorvik-2026-1234,Spencer Gaze,UT Tyler,,,2026,True,Available transfer,2026-07-11T12:09:26+00:00
barttorvik-2026-1986,Spencer Legg,Louisville,,,2026,True,Available transfer,2026-07-11T12:09:26+00:00
barttorvik-2026-3739,Spivey Word,Tex. A&M Int'l,,,2026,True,Available transfer,2026-07-11T12:09:26+00:00
barttorvik-2026-359,Stanley Borden,UTSA,,,2026,True,Available transfer,2026-07-11T12:09:26+00:00
barttorvik-2026-1481,Starrell Hearns,St. Thomas Aquinas,,,2026,True,Available transfer,2026-07-11T12:09:26+00:00
barttorvik-2026-1636,Stefan Isailovic,Howard,,,2026,True,Available transfer,2026-07-11T12:09:26+00:00
barttorvik-2026-1087,Stefano Faloppa,New Haven,,,2026,True,Available transfer,2026-07-11T12:09:26+00:00
barttorvik-2026-3777,Steph Yosia,Sul Ross St.,,,2026,True,Available transfer,2026-07-11T12:09:26+00:00
barttorvik-2026-2592,Stephen Osei,Kansas St.,,,2026,True,Available transfer,2026-07-11T12:09:26+00:00
barttorvik-2026-2836,Stephen Ransom,Dominican,,,2026,True,Available transfer,2026-07-11T12:09:26+00:00
barttorvik-2026-2082,Stephon MacDonald,Spring Hill,,,2026,True,Available transfer,2026-07-11T12:09:26+00:00
barttorvik-2026-2678,Stephon Payne III,Seton Hall,,,2026,True,Available transfer,2026-07-11T12:09:26+00:00
barttorvik-2026-2211,Sterling McClanahan,UC Merced,,,2026,True,Available transfer,2026-07-11T12:09:26+00:00
barttorvik-2026-3059,Sterling Scott,Mansfield,,,2026,True,Available transfer,2026-07-11T12:09:26+00:00
barttorvik-2026-1673,Steven Jamerson II,UCLA,,,2026,True,Available transfer,2026-07-11T12:09:26+00:00
barttorvik-2026-3397,Steven Tipton,Western Illinois,,,2026,True,Available transfer,2026-07-11T12:09:26+00:00
barttorvik-2026-641,Stevie Clark,Colgate,,,2026,True,Available transfer,2026-07-11T12:09:26+00:00
barttorvik-2026-494,Stone Bureau,North Georgia,,,2026,True,Available transfer,2026-07-11T12:09:26+00:00
barttorvik-2026-2631,Stratos Papastavrou,Seattle,,,2026,True,Available transfer,2026-07-11T12:09:26+00:00
barttorvik-2026-34,Sultan Adewale,Albany,,,2026,True,Available transfer,2026-07-11T12:09:26+00:00
barttorvik-2026-924,Sven Djopmo,Arizona,,,2026,True,Available transfer,2026-07-11T12:09:26+00:00
barttorvik-2026-3691,Sylas Williams,Alaska Anchorage,,,2026,True,Available transfer,2026-07-11T12:09:26+00:00
barttorvik-2026-3684,Syris Williams,Newman,,,2026,True,Available transfer,2026-07-11T12:09:26+00:00
barttorvik-2026-2626,T.J. Pangonas,Tiffin,,,2026,True,Available transfer,2026-07-11T12:09:26+00:00
barttorvik-2026-2801,T.J. Printup,Tusculum,,,2026,True,Available transfer,2026-07-11T12:09:26+00:00
barttorvik-2026-3371,T.J. Thomas,Dallas Baptist,,,2026,True,Available transfer,2026-07-11T12:09:26+00:00
barttorvik-2026-1605,TJ Hurley,Vermont,,,2026,True,Available transfer,2026-07-11T12:09:26+00:00
barttorvik-2026-1681,TJ James Jr.,Cal St. Bakersfield,,,2026,True,Available transfer,2026-07-11T12:09:26+00:00
barttorvik-2026-3506,TJ Wainwright,Pacific,,,2026,True,Available transfer,2026-07-11T12:09:26+00:00
barttorvik-2026-3682,Ta'Quan Williams,Post,,,2026,True,Available transfer,2026-07-11T12:09:26+00:00
barttorvik-2026-1214,Tafara Gapare,Villanova,,,2026,True,Available transfer,2026-07-11T12:09:26+00:00
barttorvik-2026-1749,Tahj Johnson,UNC Pembroke,,,2026,True,Available transfer,2026-07-11T12:09:26+00:00
barttorvik-2026-548,Tahj-Malik Campbell,Queens (NY),,,2026,True,Available transfer,2026-07-11T12:09:26+00:00
barttorvik-2026-1864,Taj Kimber,Tusculum,,,2026,True,Available transfer,2026-07-11T12:09:26+00:00
barttorvik-2026-830,Tajden Davis,Alabama A&M,,,2026,True,Available transfer,2026-07-11T12:09:26+00:00
barttorvik-2026-3118,Takai Simpkins,Oregon,,,2026,True,Available transfer,2026-07-11T12:09:26+00:00
barttorvik-2026-1697,Talon Jenkins,Idaho,,,2026,True,Available transfer,2026-07-11T12:09:26+00:00
barttorvik-2026-37,Tamario Adley,Central Michigan,,,2026,True,Available transfer,2026-07-11T12:09:26+00:00
barttorvik-2026-2799,Tane Prictor,Pittsburg State,,,2026,True,Available transfer,2026-07-11T12:09:26+00:00
barttorvik-2026-3556,Tank Washington,North Alabama,,,2026,True,Available transfer,2026-07-11T12:09:26+00:00
barttorvik-2026-1158,Tarique Foster,Albany,,,2026,True,Available transfer,2026-07-11T12:09:26+00:00
barttorvik-2026-3548,Tarrance Warren,Barry,,,2026,True,Available transfer,2026-07-11T12:09:26+00:00
barttorvik-2026-3800,Tate Ziemkiewicz,Fort Lewis,,,2026,True,Available transfer,2026-07-11T12:09:26+00:00
barttorvik-2026-195,Tavion Banks,Iowa,,,2026,True,Available transfer,2026-07-11T12:09:26+00:00
barttorvik-2026-3214,Tavion Spencer,Edinboro,,,2026,True,Available transfer,2026-07-11T12:09:26+00:00
barttorvik-2026-978,Tay Dzingou,Saint Michael's,,,2026,True,Available transfer,2026-07-11T12:09:26+00:00
barttorvik-2026-1897,Tay Knox,Texas St.,,,2026,True,Available transfer,2026-07-11T12:09:26+00:00
barttorvik-2026-3378,Taylor Thompson,North Florida,,,2026,True,Available transfer,2026-07-11T12:09:26+00:00
barttorvik-2026-697,Tayshawn Comer,Nevada,,,2026,True,Available transfer,2026-07-11T12:09:26+00:00
barttorvik-2026-702,Tayton Conerway,Indiana,,,2026,True,Available transfer,2026-07-11T12:09:26+00:00
barttorvik-2026-2829,Terrance Ramirez,Midwestern St.,,,2026,True,Available transfer,2026-07-11T12:09:26+00:00
barttorvik-2026-1209,Terrell Gaines,Austin Peay,,,2026,True,Available transfer,2026-07-11T12:09:26+00:00
barttorvik-2026-2310,Terri Miller Jr.,Portland St.,,,2026,True,Available transfer,2026-07-11T12:09:26+00:00
barttorvik-2026-2893,Tevin Riehl,Colorado Mesa,,,2026,True,Available transfer,2026-07-11T12:09:26+00:00
barttorvik-2026-980,Teysean Eaglestaff,New Mexico St.,,,2026,True,Available transfer,2026-07-11T12:09:26+00:00
barttorvik-2026-2691,Theodore Pendergrass III,Delaware St.,,,2026,True,Available transfer,2026-07-11T12:09:26+00:00
barttorvik-2026-29,Thomas Adams,Adams St.,,,2026,True,Available transfer,2026-07-11T12:09:26+00:00
barttorvik-2026-3305,Thomas Tangle,Cameron,,,2026,True,Available transfer,2026-07-11T12:09:26+00:00
barttorvik-2026-3438,Thomas Tut,Jacksonville St.,,,2026,True,Available transfer,2026-07-11T12:09:26+00:00
barttorvik-2026-2335,Tibor Mirtic,Penn St.,,,2026,True,Available transfer,2026-07-11T12:09:26+00:00
barttorvik-2026-2433,Tichyque Musaka,Stephen F. Austin,,,2026,True,Available transfer,2026-07-11T12:09:26+00:00
barttorvik-2026-3811,Tidiane d'Almeida,Lindenwood,,,2026,True,Available transfer,2026-07-11T12:09:26+00:00
barttorvik-2026-3001,Tijan Saine Jr.,Weber St.,,,2026,True,Available transfer,2026-07-11T12:09:26+00:00
barttorvik-2026-1078,Tim Eze,UMBC,,,2026,True,Available transfer,2026-07-11T12:09:26+00:00
barttorvik-2026-1122,Tim Finau,Holy Cross,,,2026,True,Available transfer,2026-07-11T12:09:26+00:00
barttorvik-2026-1375,"Tim Hall, Jr.",West Florida,,,2026,True,Available transfer,2026-07-11T12:09:26+00:00
barttorvik-2026-2301,Tim Mikhailov,Sul Ross St.,,,2026,True,Available transfer,2026-07-11T12:09:26+00:00
barttorvik-2026-1907,Timofei Komissarov,Lewis,,,2026,True,Available transfer,2026-07-11T12:09:26+00:00
barttorvik-2026-2319,Titus Miller,Truman St.,,,2026,True,Available transfer,2026-07-11T12:09:26+00:00
barttorvik-2026-3770,Titus Yearout,Idaho,,,2026,True,Available transfer,2026-07-11T12:09:26+00:00
barttorvik-2026-2784,Tobias Prall,Augusta,,,2026,True,Available transfer,2026-07-11T12:09:26+00:00
barttorvik-2026-2499,Toby Nnadozie,Jacksonville St.,,,2026,True,Available transfer,2026-07-11T12:09:26+00:00
barttorvik-2026-2577,Toby Onyekonwu,Stony Brook,,,2026,True,Available transfer,2026-07-11T12:09:26+00:00
barttorvik-2026-1572,Tom House,Furman,,,2026,True,Available transfer,2026-07-11T12:09:26+00:00
barttorvik-2026-308,Toni Bilić,Illinois,,,2026,True,Available transfer,2026-07-11T12:09:26+00:00
barttorvik-2026-612,Tony Chau,Charleston,,,2026,True,Available transfer,2026-07-11T12:09:26+00:00
barttorvik-2026-2590,Tony Osburn,Nebraska Omaha,,,2026,True,Available transfer,2026-07-11T12:09:26+00:00
barttorvik-2026-1552,Tory Homan,Fort Hays St.,,,2026,True,Available transfer,2026-07-11T12:09:26+00:00
barttorvik-2026-1274,"Tracy Godfrey, Jr.",Southern Nazarene,,,2026,True,Available transfer,2026-07-11T12:09:26+00:00
barttorvik-2026-660,Trae Clayton,Newman,,,2026,True,Available transfer,2026-07-11T12:09:26+00:00
barttorvik-2026-1042,Trae English,Nicholls St.,,,2026,True,Available transfer,2026-07-11T12:09:26+00:00
barttorvik-2026-2511,Traven Norwood,Young Harris,,,2026,True,Available transfer,2026-07-11T12:09:26+00:00
barttorvik-2026-1315,Travis Gray,Wagner,,,2026,True,Available transfer,2026-07-11T12:09:26+00:00
barttorvik-2026-2779,Travis Pourciau,Arkansas Pine Bluff,,,2026,True,Available transfer,2026-07-11T12:09:26+00:00
barttorvik-2026-2859,"Travis Reed, Jr.",Chestnut Hill,,,2026,True,Available transfer,2026-07-11T12:09:26+00:00
barttorvik-2026-3693,Travon Williams,St. Edward's,,,2026,True,Available transfer,2026-07-11T12:09:26+00:00
barttorvik-2026-1649,Travonne Jackson,Little Rock,,,2026,True,Available transfer,2026-07-11T12:09:26+00:00
barttorvik-2026-200,Trayvon Barbary,Bethune Cookman,,,2026,True,Available transfer,2026-07-11T12:09:26+00:00
barttorvik-2026-331,Tre Blissett,St. Cloud State,,,2026,True,Available transfer,2026-07-11T12:09:26+00:00
barttorvik-2026-750,Tre Crite,Winston-Salem State,,,2026,True,Available transfer,2026-07-11T12:09:26+00:00
barttorvik-2026-1541,Tre Holloman,N.C. State,,,2026,True,Available transfer,2026-07-11T12:09:26+00:00
barttorvik-2026-2041,Tre Lockett,Morehouse,,,2026,True,Available transfer,2026-07-11T12:09:26+00:00
barttorvik-2026-375,Trent Bowers,UT Tyler,,,2026,True,Available transfer,2026-07-11T12:09:26+00:00
barttorvik-2026-2256,Trent McNair,Palm Beach,,,2026,True,Available transfer,2026-07-11T12:09:26+00:00
barttorvik-2026-1243,Trenten Gerald,Emory & Henry,,,2026,True,Available transfer,2026-07-11T12:09:26+00:00
barttorvik-2026-598,Trevon Chambers,Western Oregon,,,2026,True,Available transfer,2026-07-11T12:09:26+00:00
barttorvik-2026-223,Trevor Barrett,Charleston,,,2026,True,Available transfer,2026-07-11T12:09:26+00:00
barttorvik-2026-2168,Trevor Maruska,Lee,,,2026,True,Available transfer,2026-07-11T12:09:26+00:00
barttorvik-2026-3613,Trevor White,Western Washington,,,2026,True,Available transfer,2026-07-11T12:09:26+00:00
barttorvik-2026-358,Trey Booker-Lowery,UMKC,,,2026,True,Available transfer,2026-07-11T12:09:26+00:00
barttorvik-2026-396,Trey Brandt,Minot St.,,,2026,True,Available transfer,2026-07-11T12:09:26+00:00
barttorvik-2026-546,Trey Campbell,Northern Iowa,,,2026,True,Available transfer,2026-07-11T12:09:26+00:00
barttorvik-2026-687,Trey Coles,Eastern Kentucky,,,2026,True,Available transfer,2026-07-11T12:09:26+00:00
barttorvik-2026-873,Trey Deveaux,Mount St. Mary's,,,2026,True,Available transfer,2026-07-11T12:09:26+00:00
barttorvik-2026-1439,Trey Harris,West Virginia State,,,2026,True,Available transfer,2026-07-11T12:09:26+00:00
barttorvik-2026-2014,Trey Lewis,Upper Iowa,,,2026,True,Available transfer,2026-07-11T12:09:26+00:00
barttorvik-2026-2314,Trey Miller,Alabama St.,,,2026,True,Available transfer,2026-07-11T12:09:26+00:00
barttorvik-2026-2475,Trey Nelson,Clarion,,,2026,True,Available transfer,2026-07-11T12:09:26+00:00
barttorvik-2026-2610,Trey O’Neil,Elon,,,2026,True,Available transfer,2026-07-11T12:09:26+00:00
barttorvik-2026-3040,Trey Schachter,Green Bay,,,2026,True,Available transfer,2026-07-11T12:09:26+00:00
barttorvik-2026-3179,Trey Smith,Ouachita Baptist,,,2026,True,Available transfer,2026-07-11T12:09:26+00:00
barttorvik-2026-3343,Trey Thomas,Southern Indiana,,,2026,True,Available transfer,2026-07-11T12:09:26+00:00
barttorvik-2026-120,Troy Anderson,Truman St.,,,2026,True,Available transfer,2026-07-11T12:09:26+00:00
barttorvik-2026-679,Troy Cole Jr.,Southeast Missouri St.,,,2026,True,Available transfer,2026-07-11T12:09:26+00:00
barttorvik-2026-1698,Troy Jenkins,Fresno St.,,,2026,True,Available transfer,2026-07-11T12:09:26+00:00
barttorvik-2026-1331,Tryce Grensing,Indiana,,,2026,True,Available transfer,2026-07-11T12:09:26+00:00
barttorvik-2026-517,Turner Buttry,Eastern Kentucky,,,2026,True,Available transfer,2026-07-11T12:09:26+00:00
barttorvik-2026-2355,Turo Moni,Jamestown,,,2026,True,Available transfer,2026-07-11T12:09:26+00:00
barttorvik-2026-1189,Ty Frierson,Southwestern Okla.,,,2026,True,Available transfer,2026-07-11T12:09:26+00:00
barttorvik-2026-1267,Ty Glasper,Lincoln Memorial,,,2026,True,Available transfer,2026-07-11T12:09:26+00:00
barttorvik-2026-1498,Ty Henry,Missouri Western,,,2026,True,Available transfer,2026-07-11T12:09:26+00:00
barttorvik-2026-1536,Ty Holdman,Tex. A&M Int'l,,,2026,True,Available transfer,2026-07-11T12:09:26+00:00
barttorvik-2026-2792,Ty Price,Tennessee Martin,,,2026,True,Available transfer,2026-07-11T12:09:26+00:00
barttorvik-2026-3677,Ty Williams,District of Columbia,,,2026,True,Available transfer,2026-07-11T12:09:26+00:00
barttorvik-2026-3776,Ty Yoder,Fort Lewis,,,2026,True,Available transfer,2026-07-11T12:09:26+00:00
barttorvik-2026-1709,Ty-Laur Johnson,San Diego,,,2026,True,Available transfer,2026-07-11T12:09:26+00:00
barttorvik-2026-524,Tyler Byrd,Alabama St.,,,2026,True,Available transfer,2026-07-11T12:09:26+00:00
barttorvik-2026-628,Tyler Christensen,Weber St.,,,2026,True,Available transfer,2026-07-11T12:09:26+00:00
barttorvik-2026-684,Tyler Coleman,Towson,,,2026,True,Available transfer,2026-07-11T12:09:26+00:00
barttorvik-2026-1327,Tyler Greene,Eckerd,,,2026,True,Available transfer,2026-07-11T12:09:26+00:00
barttorvik-2026-1376,Tyler Halligan,Western Colo.,,,2026,True,Available transfer,2026-07-11T12:09:26+00:00
barttorvik-2026-1380,Tyler Hamilton,Ferris State,,,2026,True,Available transfer,2026-07-11T12:09:26+00:00
barttorvik-2026-1764,Tyler Jones,UC Riverside,,,2026,True,Available transfer,2026-07-11T12:09:26+00:00
barttorvik-2026-2170,Tyler Mason,Alabama St.,,,2026,True,Available transfer,2026-07-11T12:09:26+00:00
barttorvik-2026-2493,Tyler Nickel,Vanderbilt,,,2026,True,Available transfer,2026-07-11T12:09:26+00:00
barttorvik-2026-2540,Tyler Ode,Toledo,,,2026,True,Available transfer,2026-07-11T12:09:26+00:00
barttorvik-2026-3099,Tyler Shirley,Florida A&M,,,2026,True,Available transfer,2026-07-11T12:09:26+00:00
barttorvik-2026-3155,Tyler Smith,USC Upstate,,,2026,True,Available transfer,2026-07-11T12:09:26+00:00
barttorvik-2026-707,Tyran Cook,Western Illinois,,,2026,True,Available transfer,2026-07-11T12:09:26+00:00
barttorvik-2026-381,Tyre Boykin,Winston-Salem State,,,2026,True,Available transfer,2026-07-11T12:09:26+00:00
barttorvik-2026-3567,Tyreese Watson,UTEP,,,2026,True,Available transfer,2026-07-11T12:09:26+00:00
barttorvik-2026-2277,Tyrese Melo-García,UNC Pembroke,,,2026,True,Available transfer,2026-07-11T12:09:26+00:00
barttorvik-2026-421,Tyrique Brooks,Missouri St.,,,2026,True,Available transfer,2026-07-11T12:09:26+00:00
barttorvik-2026-3749,"Tyrone Wright, Jr.",Missouri Southern,,,2026,True,Available transfer,2026-07-11T12:09:26+00:00
barttorvik-2026-2668,Uroš Paunović,Connecticut,,,2026,True,Available transfer,2026-07-11T12:09:26+00:00
barttorvik-2026-2743,Valentino Pinedo,UNC Greensboro,,,2026,True,Available transfer,2026-07-11T12:09:26+00:00
barttorvik-2026-2013,Varick Lewis,Jessup,,,2026,True,Available transfer,2026-07-11T12:09:26+00:00
barttorvik-2026-2093,Varun Madabhushi,Cal Poly Humboldt,,,2026,True,Available transfer,2026-07-11T12:09:26+00:00
barttorvik-2026-1927,Vasilije Kuridza,Tulane,,,2026,True,Available transfer,2026-07-11T12:09:26+00:00
barttorvik-2026-3071,Vasilije Serafimoski,Robert Morris,,,2026,True,Available transfer,2026-07-11T12:09:26+00:00
barttorvik-2026-1071,Vegas Evans,Davis & Elkins,,,2026,True,Available transfer,2026-07-11T12:09:26+00:00
barttorvik-2026-1627,Veljko Ilic,Sam Houston St.,,,2026,True,Available transfer,2026-07-11T12:09:26+00:00
barttorvik-2026-2421,Veljko Muntilak,Cal State San Marcos,,,2026,True,Available transfer,2026-07-11T12:09:26+00:00
barttorvik-2026-2073,Ven-Allen Lubin,N.C. State,,,2026,True,Available transfer,2026-07-11T12:09:26+00:00
barttorvik-2026-3003,Vianney Salatchoum,TCU,,,2026,True,Available transfer,2026-07-11T12:09:26+00:00
barttorvik-2026-871,Victor Desmond,Gannon,,,2026,True,Available transfer,2026-07-11T12:09:26+00:00
barttorvik-2026-3324,Vince Tedeschi,N.M. Highlands,,,2026,True,Available transfer,2026-07-11T12:09:26+00:00
barttorvik-2026-390,Vincent Brady II,High Point,,,2026,True,Available transfer,2026-07-11T12:09:26+00:00
barttorvik-2026-1642,Vincent Iwuchukwu,Georgetown,,,2026,True,Available transfer,2026-07-11T12:09:26+00:00
barttorvik-2026-2763,Vinko Polovic,Lewis,,,2026,True,Available transfer,2026-07-11T12:09:26+00:00
barttorvik-2026-1814,Vlad Karasev,Jamestown,,,2026,True,Available transfer,2026-07-11T12:09:26+00:00
barttorvik-2026-2670,Vladimir Pavlovic,Mercyhurst,,,2026,True,Available transfer,2026-07-11T12:09:26+00:00
barttorvik-2026-3274,Vladimir Sudar,Pepperdine,,,2026,True,Available transfer,2026-07-11T12:09:26+00:00
barttorvik-2026-2313,Vyctorius Miller,Oklahoma St.,,,2026,True,Available transfer,2026-07-11T12:09:26+00:00
barttorvik-2026-1387,Wayne Hampton III,Cal Poly Humboldt,,,2026,True,Available transfer,2026-07-11T12:09:26+00:00
barttorvik-2026-2020,Wei Lin,Oregon,,,2026,True,Available transfer,2026-07-11T12:09:26+00:00
barttorvik-2026-3799,Weilun Zhao,San Francisco,,,2026,True,Available transfer,2026-07-11T12:09:26+00:00
barttorvik-2026-187,Wes Ball,Colorado Mesa,,,2026,True,Available transfer,2026-07-11T12:09:26+00:00
barttorvik-2026-2707,Wes Peterson,Binghamton,,,2026,True,Available transfer,2026-07-11T12:09:26+00:00
barttorvik-2026-1638,Wesley Isoje,N.M. Highlands,,,2026,True,Available transfer,2026-07-11T12:09:26+00:00
barttorvik-2026-45,Weston Aigner,Evansville,,,2026,True,Available transfer,2026-07-11T12:09:26+00:00
barttorvik-2026-153,Will Ashford,Central Michigan,,,2026,True,Available transfer,2026-07-11T12:09:26+00:00
barttorvik-2026-456,Will Brown,UNC Pembroke,,,2026,True,Available transfer,2026-07-11T12:09:26+00:00
barttorvik-2026-1901,Will Koehl,Frostburg St.,,,2026,True,Available transfer,2026-07-11T12:09:26+00:00
barttorvik-2026-2221,Will McCrory,Delta St.,,,2026,True,Available transfer,2026-07-11T12:09:26+00:00
barttorvik-2026-3452,Will Underwood,Wake Forest,,,2026,True,Available transfer,2026-07-11T12:09:26+00:00
barttorvik-2026-3712,Will Wilson,Houston Christian,,,2026,True,Available transfer,2026-07-11T12:09:26+00:00
barttorvik-2026-1940,William Landram II,St. Thomas Aquinas,,,2026,True,Available transfer,2026-07-11T12:09:26+00:00
barttorvik-2026-3470,"William Vasser, Jr.",USC Aiken,,,2026,True,Available transfer,2026-07-11T12:09:26+00:00
barttorvik-2026-1780,Willie Jones,Young Harris,,,2026,True,Available transfer,2026-07-11T12:09:26+00:00
barttorvik-2026-3533,Willie Walton,Lee,,,2026,True,Available transfer,2026-07-11T12:09:26+00:00
barttorvik-2026-3668,Willie Williams,Northwestern St.,,,2026,True,Available transfer,2026-07-11T12:09:26+00:00
barttorvik-2026-2281,Xair Mendez,Cal State San Marcos,,,2026,True,Available transfer,2026-07-11T12:09:26+00:00
barttorvik-2026-2949,Xaviel Rodriguez,Rider,,,2026,True,Available transfer,2026-07-11T12:09:26+00:00
barttorvik-2026-463,Xavier Brumfield,UNLV,,,2026,True,Available transfer,2026-07-11T12:09:26+00:00
barttorvik-2026-1271,Xavier Glenn,Northeastern St.,,,2026,True,Available transfer,2026-07-11T12:09:26+00:00
barttorvik-2026-1440,Xavier Harris,West Liberty,,,2026,True,Available transfer,2026-07-11T12:09:26+00:00
barttorvik-2026-2165,Xavier Martinez,Colorado Colorado Springs,,,2026,True,Available transfer,2026-07-11T12:09:26+00:00
barttorvik-2026-2401,Xavier Moultrie,Coker,,,2026,True,Available transfer,2026-07-11T12:09:26+00:00
barttorvik-2026-2591,Xavier Osceola,Florida St.,,,2026,True,Available transfer,2026-07-11T12:09:26+00:00
barttorvik-2026-2796,Xavier Price,Salem,,,2026,True,Available transfer,2026-07-11T12:09:26+00:00
barttorvik-2026-3424,Xavier Tubbs-Matthews,Claflin,,,2026,True,Available transfer,2026-07-11T12:09:26+00:00
barttorvik-2026-3674,Xavier Williams,UT Tyler,,,2026,True,Available transfer,2026-07-11T12:09:26+00:00
barttorvik-2026-620,Xzayvion Childress,Mississippi Valley St.,,,2026,True,Available transfer,2026-07-11T12:09:26+00:00
barttorvik-2026-216,X’Zaevion Barnett,Mississippi Valley St.,,,2026,True,Available transfer,2026-07-11T12:09:26+00:00
barttorvik-2026-760,Yancarlos Cueto,North Carolina A&T,,,2026,True,Available transfer,2026-07-11T12:09:26+00:00
barttorvik-2026-2107,Yanis Mahoundo,Colorado Mesa,,,2026,True,Available transfer,2026-07-11T12:09:26+00:00
barttorvik-2026-2461,Yanis Ndjonga,McNeese St.,,,2026,True,Available transfer,2026-07-11T12:09:26+00:00
barttorvik-2026-1862,Yannis Kiki,Frostburg St.,,,2026,True,Available transfer,2026-07-11T12:09:26+00:00
barttorvik-2026-2402,Yaphet Moundi,San Jose St.,,,2026,True,Available transfer,2026-07-11T12:09:26+00:00
barttorvik-2026-1245,Yassine Gharram,Pepperdine,,,2026,True,Available transfer,2026-07-11T12:09:26+00:00
barttorvik-2026-1831,Yaya Keita,Albany,,,2026,True,Available transfer,2026-07-11T12:09:26+00:00
barttorvik-2026-1278,Yorgio Golesis,Fort Lewis,,,2026,True,Available transfer,2026-07-11T12:09:26+00:00
barttorvik-2026-3126,Youssouf Singare,High Point,,,2026,True,Available transfer,2026-07-11T12:09:26+00:00
barttorvik-2026-1993,Yuval Levin,Purdue Fort Wayne,,,2026,True,Available transfer,2026-07-11T12:09:26+00:00
barttorvik-2026-3701,Zaakir Williamson,Saint Peter's,,,2026,True,Available transfer,2026-07-11T12:09:26+00:00
barttorvik-2026-654,Zac Clarke,West Florida,,,2026,True,Available transfer,2026-07-11T12:09:26+00:00
barttorvik-2026-2861,Zac Reedus,Southwest Baptist,,,2026,True,Available transfer,2026-07-11T12:09:26+00:00
barttorvik-2026-259,Zach Bell,Southern Utah,,,2026,True,Available transfer,2026-07-11T12:09:26+00:00
barttorvik-2026-332,Zach Bloch,Northern Colorado,,,2026,True,Available transfer,2026-07-11T12:09:26+00:00
barttorvik-2026-415,Zach Broadous,Cal Poly Pomona,,,2026,True,Available transfer,2026-07-11T12:09:26+00:00
barttorvik-2026-630,Zach Christian,Canisius,,,2026,True,Available transfer,2026-07-11T12:09:26+00:00
barttorvik-2026-829,Zach Davis,Memphis,,,2026,True,Available transfer,2026-07-11T12:09:26+00:00
barttorvik-2026-1477,Zach Hayslett,Purdue Northwest,,,2026,True,Available transfer,2026-07-11T12:09:26+00:00
barttorvik-2026-1613,Zach Ibbetson,Alaska Anchorage,,,2026,True,Available transfer,2026-07-11T12:09:26+00:00
barttorvik-2026-1837,Zach Keller,Utah St.,,,2026,True,Available transfer,2026-07-11T12:09:26+00:00
barttorvik-2026-1085,Zahki Fallen,Salem,,,2026,True,Available transfer,2026-07-11T12:09:26+00:00
barttorvik-2026-756,Zaiden Cross,Nicholls St.,,,2026,True,Available transfer,2026-07-11T12:09:26+00:00
barttorvik-2026-2464,Zaire Ndyabagye,N.M. Highlands,,,2026,True,Available transfer,2026-07-11T12:09:26+00:00
barttorvik-2026-5,Zak Abdalla,Detroit Mercy,,,2026,True,Available transfer,2026-07-11T12:09:26+00:00
barttorvik-2026-2259,Zakari McQueen,Adelphi,,,2026,True,Available transfer,2026-07-11T12:09:26+00:00
barttorvik-2026-938,Zane Doughty,Ball St.,,,2026,True,Available transfer,2026-07-11T12:09:26+00:00
barttorvik-2026-2208,Zane McCarty,Frostburg St.,,,2026,True,Available transfer,2026-07-11T12:09:26+00:00
barttorvik-2026-690,Zaon Collins,Fresno St.,,,2026,True,Available transfer,2026-07-11T12:09:26+00:00
barttorvik-2026-300,Zavion Bianchini,Goldey-Beacom,,,2026,True,Available transfer,2026-07-11T12:09:26+00:00
barttorvik-2026-602,Zaylan Chaney,Eastern New Mexico,,,2026,True,Available transfer,2026-07-11T12:09:26+00:00
barttorvik-2026-2217,Zee McCown,Assumption,,,2026,True,Available transfer,2026-07-11T12:09:26+00:00
barttorvik-2026-3584,Ziare Wells,Oakland,,,2026,True,Available transfer,2026-07-11T12:09:26+00:00
barttorvik-2026-758,Zion Cruz,Rider,,,2026,True,Available transfer,2026-07-11T12:09:26+00:00
barttorvik-2026-2989,Zion Russell,Saint Francis,,,2026,True,Available transfer,2026-07-11T12:09:26+00:00
barttorvik-2026-2035,"Zocko Littleton, Jr.",Saint Michael's,,,2026,True,Available transfer,2026-07-11T12:09:26+00:00
barttorvik-2026-1326,Zyair Greene,Indiana St.,,,2026,True,Available transfer,2026-07-11T12:09:26+00:00
barttorvik-2026-297,Zyier Beverly,Binghamton,,,2026,True,Available transfer,2026-07-11T12:09:26+00:00
barttorvik-2026-2032,Zyon Little,Angelo St.,,,2026,True,Available transfer,2026-07-11T12:09:26+00:00
barttorvik-2026-2394,Zytarious Mortle,Texas Southern,,,2026,True,Available transfer,2026-07-11T12:09:26+00:00
barttorvik-2026-3281,A'lahn Sumler,Charleston Southern,Pittsburgh,,2026,False,Portal committed,2026-07-11T12:09:26+00:00
barttorvik-2026-3750,"A.J. Wright, Jr.",Anderson,Campbell,,2026,False,Portal committed,2026-07-11T12:09:26+00:00
barttorvik-2026-237,AJ Bates,Louisiana Tech,Utah St.,,2026,False,Portal committed,2026-07-11T12:09:26+00:00
barttorvik-2026-793,AJ Dancler,Coastal Carolina,South Florida,,2026,False,Portal committed,2026-07-11T12:09:26+00:00
barttorvik-2026-868,"AJ Dent, Jr",Tarleton St.,Nicholls St.,,2026,False,Portal committed,2026-07-11T12:09:26+00:00
barttorvik-2026-987,AJ Economou,Hawaii,Little Rock,,2026,False,Portal committed,2026-07-11T12:09:26+00:00
barttorvik-2026-3167,AJ Smith,Temple,Georgia St.,,2026,False,Portal committed,2026-07-11T12:09:26+00:00
barttorvik-2026-389,Aaron Bradshaw,Memphis,Tennessee St.,,2026,False,Portal committed,2026-07-11T12:09:26+00:00
barttorvik-2026-642,Aaron Clark,Pepperdine,Little Rock,,2026,False,Portal committed,2026-07-11T12:09:26+00:00
barttorvik-2026-815,Aaron Davis,Bryant,Hampton,,2026,False,Portal committed,2026-07-11T12:09:26+00:00
barttorvik-2026-1123,Aaron Fine,Purdue,Ball St.,,2026,False,Portal committed,2026-07-11T12:09:26+00:00
barttorvik-2026-1159,Aaron Foster,Kent St.,King,,2026,False,Portal committed,2026-07-11T12:09:26+00:00
barttorvik-2026-1277,Aaron Goldstein,Staten Island,South Alabama,,2026,False,Portal committed,2026-07-11T12:09:26+00:00
barttorvik-2026-1374,Aaron Hall II,Coker,Southern,,2026,False,Portal committed,2026-07-11T12:09:26+00:00
barttorvik-2026-1597,Aaron Hunkin-Claytor,Hawaii,USC,,2026,False,Portal committed,2026-07-11T12:09:26+00:00
barttorvik-2026-2780,Aaron Powell,Rice,Weber St.,,2026,False,Portal committed,2026-07-11T12:09:26+00:00
barttorvik-2026-3733,Aaron Womack,Syracuse,Milwaukee,,2026,False,Portal committed,2026-07-11T12:09:26+00:00
barttorvik-2026-228,Abdi Bashir Jr.,Kansas St.,LSU,,2026,False,Portal committed,2026-07-11T12:09:26+00:00
barttorvik-2026-3009,Abdou Samb,Towson,Villanova,,2026,False,Portal committed,2026-07-11T12:09:26+00:00
barttorvik-2026-1088,Abdulai Fanta Kabba,Western Carolina,Seton Hall,,2026,False,Portal committed,2026-07-11T12:09:26+00:00
barttorvik-2026-44,Abdullah Ahmed,BYU,Massachusetts,,2026,False,Portal committed,2026-07-11T12:09:26+00:00
barttorvik-2026-106,Abdullah Amzil,UC Davis,Loyola MD,,2026,False,Portal committed,2026-07-11T12:09:26+00:00
barttorvik-2026-229,Abdullahi Bashir,Auburn,San Francisco,,2026,False,Portal committed,2026-07-11T12:09:26+00:00
barttorvik-2026-2097,Abou Magassa,Wyoming,UNC Asheville,,2026,False,Portal committed,2026-07-11T12:09:26+00:00
barttorvik-2026-2606,Abraham Oyeadier,West Virginia,UC Riverside,,2026,False,Portal committed,2026-07-11T12:09:26+00:00
barttorvik-2026-3764,Abu Yarmah,South Carolina,Longwood,,2026,False,Portal committed,2026-07-11T12:09:26+00:00
barttorvik-2026-2001,Acaden Lewis,Villanova,Miami FL,,2026,False,Portal committed,2026-07-11T12:09:26+00:00
barttorvik-2026-1268,Ace Glass lll,Washington St.,Vanderbilt,,2026,False,Portal committed,2026-07-11T12:09:26+00:00
barttorvik-2026-3458,Ace Valentine,UMBC,Robert Morris,,2026,False,Portal committed,2026-07-11T12:09:26+00:00
barttorvik-2026-646,Adam Clark,Seton Hall,Mississippi,,2026,False,Portal committed,2026-07-11T12:09:26+00:00
barttorvik-2026-1164,Adam Fox,Central Connecticut,College of the Sequoias,,2026,False,Portal committed,2026-07-11T12:09:26+00:00
barttorvik-2026-1401,Adam Harakow,Wyoming,Western Michigan,,2026,False,Portal committed,2026-07-11T12:09:26+00:00
barttorvik-2026-2570,Adam Olsen,South Alabama,Auburn,,2026,False,Portal committed,2026-07-11T12:09:26+00:00
barttorvik-2026-3245,Adam Stewart,TCU,BYU,,2026,False,Portal committed,2026-07-11T12:09:26+00:00
barttorvik-2026-3402,Adam Tokpah,UNC Wilmington,Alcorn St.,,2026,False,Portal committed,2026-07-11T12:09:26+00:00
barttorvik-2026-1538,Adante’ Holiman,Arizona St.,Old Dominion,,2026,False,Portal committed,2026-07-11T12:09:26+00:00
barttorvik-2026-2767,Ade Popoola,Tulsa,DePaul,,2026,False,Portal committed,2026-07-11T12:09:26+00:00
barttorvik-2026-1013,Adlan Elamin,Utah St.,Cincinnati,,2026,False,Portal committed,2026-07-11T12:09:26+00:00
barttorvik-2026-2436,Adrian Myers,San Jose St.,James Madison,,2026,False,Portal committed,2026-07-11T12:09:26+00:00
barttorvik-2026-2529,Adriel Nyorha,South Florida,Pacific,,2026,False,Portal committed,2026-07-11T12:09:26+00:00
barttorvik-2026-3418,Afan Trnka,Tennessee Martin,Southern Indiana,,2026,False,Portal committed,2026-07-11T12:09:26+00:00
barttorvik-2026-184,Aguibou Balde,American Int'l,Bentley,,2026,False,Portal committed,2026-07-11T12:09:26+00:00
barttorvik-2026-2228,Aidan McDowell,Western Colo.,Sam Houston St.,,2026,False,Portal committed,2026-07-11T12:09:26+00:00
barttorvik-2026-2881,Aidan Rice,Western Washington,UC Riverside,,2026,False,Portal committed,2026-07-11T12:09:26+00:00
barttorvik-2026-3678,Aidan Williams,Tex. A&M Int'l,Southern Ark.,,2026,False,Portal committed,2026-07-11T12:09:26+00:00
barttorvik-2026-911,Aiden Disu,Holy Cross,Iona,,2026,False,Portal committed,2026-07-11T12:09:26+00:00
barttorvik-2026-2307,Aiden Miller,IU Indy,Houston Christian,,2026,False,Portal committed,2026-07-11T12:09:26+00:00
barttorvik-2026-3094,Aiden Sherrell,Alabama,Indiana,,2026,False,Portal committed,2026-07-11T12:09:26+00:00
barttorvik-2026-3398,Aiden Tobiason,Temple,Syracuse,,2026,False,Portal committed,2026-07-11T12:09:26+00:00
barttorvik-2026-3334,Ajay Tew,Louisiana Monroe,William Carey University,,2026,False,Portal committed,2026-07-11T12:09:26+00:00
barttorvik-2026-1136,Akai Fleming,Georgia Tech,Cincinnati,,2026,False,Portal committed,2026-07-11T12:09:26+00:00
barttorvik-2026-3504,Akbar Waheed III,Boston College,St. Bonaventure,,2026,False,Portal committed,2026-07-11T12:09:26+00:00
barttorvik-2026-2202,Akiva McBirney-Griffin,UC Irvine,Northern Illinois,,2026,False,Portal committed,2026-07-11T12:09:26+00:00
barttorvik-2026-94,Al Amadou,Saint Joseph's,Milwaukee,,2026,False,Portal committed,2026-07-11T12:09:26+00:00
barttorvik-2026-2545,Alec Oglesby,Middle Tennessee,Stetson,,2026,False,Portal committed,2026-07-11T12:09:26+00:00
barttorvik-2026-3586,Alec Wendt,South Dakota School of Mines,Pitt.-Johnstown,,2026,False,Portal committed,2026-07-11T12:09:26+00:00
barttorvik-2026-87,Aleks Alston,Maryland,UAB,,2026,False,Portal committed,2026-07-11T12:09:26+00:00
barttorvik-2026-897,Aleksa Dimitrijević,Creighton,Tulsa,,2026,False,Portal committed,2026-07-11T12:09:26+00:00
barttorvik-2026-2902,Aleksa Ristic,Indiana,Belmont,,2026,False,Portal committed,2026-07-11T12:09:26+00:00
barttorvik-2026-3490,Aleksa Vlajic,Buffalo,Indiana St.,,2026,False,Portal committed,2026-07-11T12:09:26+00:00
barttorvik-2026-303,Aleksas Bieliauskas,Wisconsin,South Carolina,,2026,False,Portal committed,2026-07-11T12:09:26+00:00
barttorvik-2026-1914,Aleksej Kostić,BYU,Northwestern,,2026,False,Portal committed,2026-07-11T12:09:26+00:00
barttorvik-2026-2700,Alessandro Perotti,Wofford,USC Upstate,,2026,False,Portal committed,2026-07-11T12:09:26+00:00
barttorvik-2026-161,Alex Atkinson,Claflin,Towson,,2026,False,Portal committed,2026-07-11T12:09:26+00:00
barttorvik-2026-365,Alex Bossinakis,UT Arlington,UT Tyler,,2026,False,Portal committed,2026-07-11T12:09:26+00:00
barttorvik-2026-466,Alex Bruskotter,Wright St.,Cleveland St.,,2026,False,Portal committed,2026-07-11T12:09:26+00:00
barttorvik-2026-967,Alex Dupre,Portland St.,Utah Tech,,2026,False,Portal committed,2026-07-11T12:09:26+00:00
barttorvik-2026-1589,Alex Huguet Carrasco,Louisiana Monroe,Loyola MD,,2026,False,Portal committed,2026-07-11T12:09:26+00:00
barttorvik-2026-2177,Alex Massung,Penn,Saint Anselm,,2026,False,Portal committed,2026-07-11T12:09:26+00:00
barttorvik-2026-3632,Alex Wilkins,Furman,Kentucky,,2026,False,Portal committed,2026-07-11T12:09:26+00:00
barttorvik-2026-1991,"Alexander Lesburt, Jr.",Brown,Merrimack,,2026,False,Portal committed,2026-07-11T12:09:26+00:00
barttorvik-2026-2127,Alier Maluk,Florida St.,McNeese St.,,2026,False,Portal committed,2026-07-11T12:09:26+00:00
barttorvik-2026-3742,All Wright,Xavier,Loyola Marymount,,2026,False,Portal committed,2026-07-11T12:09:26+00:00
barttorvik-2026-2292,Alon Michaeli,Colorado,Saint Louis,,2026,False,Portal committed,2026-07-11T12:09:26+00:00
barttorvik-2026-1144,Alvaro Folgueiras,Iowa,Louisville,,2026,False,Portal committed,2026-07-11T12:09:26+00:00
barttorvik-2026-1648,Alvin Jackson III,Utah,Weber St.,,2026,False,Portal committed,2026-07-11T12:09:26+00:00
barttorvik-2026-3408,Aly Tounkara,Arkansas St.,Boston College,,2026,False,Portal committed,2026-07-11T12:09:26+00:00
barttorvik-2026-401,Alyn Breed,N.C. State,UNLV,,2026,False,Portal committed,2026-07-11T12:09:26+00:00
barttorvik-2026-940,Amadou Doumbia,North Carolina A&T,Arkansas St.,,2026,False,Portal committed,2026-07-11T12:09:26+00:00
barttorvik-2026-102,Amar Amkou,Florida Atlantic,North Texas,,2026,False,Portal committed,2026-07-11T12:09:26+00:00
barttorvik-2026-74,Amare Allen,Maine,Stonehill,,2026,False,Portal committed,2026-07-11T12:09:26+00:00
barttorvik-2026-2465,Amare Neal,Georgia Southern,Non-DI,,2026,False,Portal committed,2026-07-11T12:09:26+00:00
barttorvik-2026-430,Amaree Brown,Southern Indiana,Alabama St.,,2026,False,Portal committed,2026-07-11T12:09:26+00:00
barttorvik-2026-1068,Amari Evans,Tennessee,Texas,,2026,False,Portal committed,2026-07-11T12:09:26+00:00
barttorvik-2026-2855,Amari Reed,UT Arlington,Stephen F. Austin,,2026,False,Portal committed,2026-07-11T12:09:26+00:00
barttorvik-2026-887,Amarion Dickerson,USC,Grand Canyon,,2026,False,Portal committed,2026-07-11T12:09:26+00:00
barttorvik-2026-2458,Amdy Ndiaye,Pittsburgh,Maryland Eastern Shore,,2026,False,Portal committed,2026-07-11T12:09:26+00:00
barttorvik-2026-66,Amier Ali,Mississippi St.,California,,2026,False,Portal committed,2026-07-11T12:09:26+00:00
barttorvik-2026-2024,Amir Lindsey,Albany,Fordham,,2026,False,Portal committed,2026-07-11T12:09:26+00:00
barttorvik-2026-2847,Amir Reaves,Georgia Southwestern,Lander,,2026,False,Portal committed,2026-07-11T12:09:26+00:00
barttorvik-2026-3651,Amir Williams,Hofstra,West Georgia,,2026,False,Portal committed,2026-07-11T12:09:26+00:00
barttorvik-2026-2932,Amire Robinson,Nevada,Oral Roberts,,2026,False,Portal committed,2026-07-11T12:09:26+00:00
barttorvik-2026-979,Amon Dörries,Bucknell,Richmond,,2026,False,Portal committed,2026-07-11T12:09:26+00:00
barttorvik-2026-2323,"Amondo Miller, Jr.",Lubbock Christian,Colorado St.,,2026,False,Portal committed,2026-07-11T12:09:26+00:00
barttorvik-2026-2650,Andre Pasha,New Haven,Bryant,,2026,False,Portal committed,2026-07-11T12:09:26+00:00
barttorvik-2026-3782,Andre Young,Clayton St.,Clark Atlanta,,2026,False,Portal committed,2026-07-11T12:09:26+00:00
barttorvik-2026-1550,Andreas Holst,Oklahoma,FIU,,2026,False,Portal committed,2026-07-11T12:09:26+00:00
barttorvik-2026-169,Andrej Ačimovič,Indiana,Missouri St.,,2026,False,Portal committed,2026-07-11T12:09:26+00:00
barttorvik-2026-3101,Andrej Shoshkikj,Stony Brook,South Florida,,2026,False,Portal committed,2026-07-11T12:09:26+00:00
barttorvik-2026-152,Andreo Ash,Canisius,Pace,,2026,False,Portal committed,2026-07-11T12:09:26+00:00
barttorvik-2026-186,Andrew Ball,Monmouth,Richmond,,2026,False,Portal committed,2026-07-11T12:09:26+00:00
barttorvik-2026-745,Andrew Crawford,Colorado,Northern Colorado,,2026,False,Portal committed,2026-07-11T12:09:26+00:00
barttorvik-2026-1871,Andrew King,Youngstown St.,Northwest Nazarene,,2026,False,Portal committed,2026-07-11T12:09:26+00:00
barttorvik-2026-2241,Andrew McKeever,Saint Mary's,Iowa,,2026,False,Portal committed,2026-07-11T12:09:26+00:00
barttorvik-2026-2263,Andrew Meadow,Boise St.,Oregon,,2026,False,Portal committed,2026-07-11T12:09:26+00:00
barttorvik-2026-2446,Andrew Nagy,Point Loma,North Dakota St.,,2026,False,Portal committed,2026-07-11T12:09:26+00:00
barttorvik-2026-2589,Andrew Osasuyi,St. Bonaventure,Georgia,,2026,False,Portal committed,2026-07-11T12:09:26+00:00
barttorvik-2026-2723,Andrew Phillips,Lafayette,George Washington,,2026,False,Portal committed,2026-07-11T12:09:26+00:00
barttorvik-2026-484,Andrija Bukumirović,Tennessee Martin,Boston College,,2026,False,Portal committed,2026-07-11T12:09:26+00:00
barttorvik-2026-1319,Andrija Grbovic,Arizona St.,Oklahoma St.,,2026,False,Portal committed,2026-07-11T12:09:26+00:00
barttorvik-2026-1696,Andrija Jelavic,Kentucky,Ohio St.,,2026,False,Portal committed,2026-07-11T12:09:26+00:00
barttorvik-2026-3495,Andrija Vukovic,Oklahoma St.,George Washington,,2026,False,Portal committed,2026-07-11T12:09:26+00:00
barttorvik-2026-3104,Andy Sigiscar,Tarleton St.,Loyola Marymount,,2026,False,Portal committed,2026-07-11T12:09:26+00:00
barttorvik-2026-2358,Angel Montas Jr.,UMass Lowell,Toledo,,2026,False,Portal committed,2026-07-11T12:09:26+00:00
barttorvik-2026-344,Anquan Boldin Jr.,Florida A&M,Stonehill,,2026,False,Portal committed,2026-07-11T12:09:26+00:00
barttorvik-2026-254,Ante Beljan,Illinois Chicago,UNC Greensboro,,2026,False,Portal committed,2026-07-11T12:09:26+00:00
barttorvik-2026-264,Anthony Benard,Canisius,Wayne St. (MI),,2026,False,Portal committed,2026-07-11T12:09:26+00:00
barttorvik-2026-1046,Anthony Enoh,Georgia St.,Kennesaw St.,,2026,False,Portal committed,2026-07-11T12:09:26+00:00
barttorvik-2026-1125,Anthony Finkley,Saint Joseph's,La Salle,,2026,False,Portal committed,2026-07-11T12:09:26+00:00
barttorvik-2026-1232,Anthony Gause,Charleston Southern,Prairie View A&M,,2026,False,Portal committed,2026-07-11T12:09:26+00:00
barttorvik-2026-1621,Anthony Igiede,West Florida,Southern Miss,,2026,False,Portal committed,2026-07-11T12:09:26+00:00
barttorvik-2026-1632,Anthony Isaac,Manhattan,Purdue Fort Wayne,,2026,False,Portal committed,2026-07-11T12:09:26+00:00
barttorvik-2026-2368,Anthony Moore,Weber St.,Cal Poly,,2026,False,Portal committed,2026-07-11T12:09:26+00:00
barttorvik-2026-2638,Anthony Parker,Franklin Pierce,Delaware St.,,2026,False,Portal committed,2026-07-11T12:09:26+00:00
barttorvik-2026-2924,Anthony Robinson,Xavier,Pepperdine,,2026,False,Portal committed,2026-07-11T12:09:26+00:00
barttorvik-2026-2927,Anthony Robinson II,Missouri,Florida St.,,2026,False,Portal committed,2026-07-11T12:09:26+00:00
barttorvik-2026-2985,Anthony Ruffolo,Cedarville,Charleston Southern,,2026,False,Portal committed,2026-07-11T12:09:26+00:00
barttorvik-2026-3068,Anthony Sellars,Arkansas Pine Bluff,Virginia St.,,2026,False,Portal committed,2026-07-11T12:09:26+00:00
barttorvik-2026-3152,Anthony Smith lll,North Dakota,Winthrop,,2026,False,Portal committed,2026-07-11T12:09:26+00:00
barttorvik-2026-3293,Anthony Swift,Nebraska Kearney,Chattanooga,,2026,False,Portal committed,2026-07-11T12:09:26+00:00
barttorvik-2026-146,Antoine Arnett,California (PA),IU Indy,,2026,False,Portal committed,2026-07-11T12:09:26+00:00
barttorvik-2026-2059,Antoine Lorick III,Tennessee St.,Buffalo,,2026,False,Portal committed,2026-07-11T12:09:26+00:00
barttorvik-2026-353,Anton Bonke,Charlotte,Michigan St.,,2026,False,Portal committed,2026-07-11T12:09:26+00:00
barttorvik-2026-3103,Antoni Siewruk,New Hampshire,Saint Anselm,,2026,False,Portal committed,2026-07-11T12:09:26+00:00
barttorvik-2026-625,Antonio Chol,New Mexico,UC Santa Barbara,,2026,False,Portal committed,2026-07-11T12:09:26+00:00
barttorvik-2026-930,Antonio Dorn,Virginia Tech,Wake Forest,,2026,False,Portal committed,2026-07-11T12:09:26+00:00
barttorvik-2026-2420,Antonio Munoz,Grambling St.,San Diego,,2026,False,Portal committed,2026-07-11T12:09:26+00:00
barttorvik-2026-2817,Antonio Pusateri,Lubbock Christian,Portland St.,,2026,False,Portal committed,2026-07-11T12:09:26+00:00
barttorvik-2026-3715,Antwan Wilson,Rider,West Chester,,2026,False,Portal committed,2026-07-11T12:09:26+00:00
barttorvik-2026-3194,Aram Soqui Urbano,Fresno St.,Merrimack,,2026,False,Portal committed,2026-07-11T12:09:26+00:00
barttorvik-2026-1199,Ari Fulton,NJIT,St. Bonaventure,,2026,False,Portal committed,2026-07-11T12:09:26+00:00
barttorvik-2026-1287,Ari Gooch,UAB,Southern Indiana,,2026,False,Portal committed,2026-07-11T12:09:26+00:00
barttorvik-2026-859,Aric Demings,West Florida,Eastern Kentucky,,2026,False,Portal committed,2026-07-11T12:09:26+00:00
barttorvik-2026-1591,Aries Hull,Roosevelt,Friends,,2026,False,Portal committed,2026-07-11T12:09:26+00:00
barttorvik-2026-69,Arius Alijosius,Lewis,Holy Cross,,2026,False,Portal committed,2026-07-11T12:09:26+00:00
barttorvik-2026-2298,Armani Mighty,Mercer,Pittsburgh,,2026,False,Portal committed,2026-07-11T12:09:26+00:00
barttorvik-2026-571,Armari Carraway,Charleston Southern,Chicago St.,,2026,False,Portal committed,2026-07-11T12:09:26+00:00
barttorvik-2026-3795,Armoni Zeigler,Ball St.,Boston College,,2026,False,Portal committed,2026-07-11T12:09:26+00:00
barttorvik-2026-148,Arop Arop,Memphis,Nicholls St.,,2026,False,Portal committed,2026-07-11T12:09:26+00:00
barttorvik-2026-2614,Arrinten Page,Northwestern,Providence,,2026,False,Portal committed,2026-07-11T12:09:26+00:00
barttorvik-2026-2387,Arterio Morris,Bethune Cookman,Tennessee St.,,2026,False,Portal committed,2026-07-11T12:09:26+00:00
barttorvik-2026-3348,Asa Thomas,Furman,Illinois Chicago,,2026,False,Portal committed,2026-07-11T12:09:26+00:00
barttorvik-2026-3124,"Ashley Sims, II",Bryant,Southeastern Louisiana,,2026,False,Portal committed,2026-07-11T12:09:26+00:00
barttorvik-2026-1404,Ashton Hardaway,Memphis,Coastal Carolina,,2026,False,Portal committed,2026-07-11T12:09:26+00:00
barttorvik-2026-1500,Ashton Hermann,Upper Iowa,Peru St.,,2026,False,Portal committed,2026-07-11T12:09:26+00:00
barttorvik-2026-2098,Ashton Magee,Southern,Mississippi St.,,2026,False,Portal committed,2026-07-11T12:09:26+00:00
barttorvik-2026-3112,Ashton Simmons,TCU,Stephen F. Austin,,2026,False,Portal committed,2026-07-11T12:09:26+00:00
barttorvik-2026-3151,Ashton Smith,South Dakota,UTSA,,2026,False,Portal committed,2026-07-11T12:09:26+00:00
barttorvik-2026-3509,Ashton Walker,La Salle,Monmouth,,2026,False,Portal committed,2026-07-11T12:09:26+00:00
barttorvik-2026-3700,Ashton Williamson,FIU,Purdue Fort Wayne,,2026,False,Portal committed,2026-07-11T12:09:26+00:00
barttorvik-2026-2130,Assane Mandian,UNC Greensboro,Charleston Southern,,2026,False,Portal committed,2026-07-11T12:09:26+00:00
barttorvik-2026-2197,Assane Mbaye,Seton Hall,Florida A&M,,2026,False,Portal committed,2026-07-11T12:09:26+00:00
barttorvik-2026-1889,Augustinas Kiudulas,Colorado St.,Western Michigan,,2026,False,Portal committed,2026-07-11T12:09:26+00:00
barttorvik-2026-1009,Augustine Ekwe,New Mexico St.,Weber St.,,2026,False,Portal committed,2026-07-11T12:09:26+00:00
barttorvik-2026-590,Augusto Cassia,Mississippi,UTEP,,2026,False,Portal committed,2026-07-11T12:09:26+00:00
barttorvik-2026-755,Austin Cross,Troy,UMBC,,2026,False,Portal committed,2026-07-11T12:09:26+00:00
barttorvik-2026-2184,Austin Maurer,Seattle,Stanford,,2026,False,Portal committed,2026-07-11T12:09:26+00:00
barttorvik-2026-2518,Austin Nunez,UTSA,LSU,,2026,False,Portal committed,2026-07-11T12:09:26+00:00
barttorvik-2026-1739,Avaughn Johnson,Mississippi Col.,West Alabama,,2026,False,Portal committed,2026-07-11T12:09:26+00:00
barttorvik-2026-427,Avery Brown,Columbia,St. John's,,2026,False,Portal committed,2026-07-11T12:09:26+00:00
barttorvik-2026-3347,Avery Thomas II,Louisiana Tech,Kennesaw St.,,2026,False,Portal committed,2026-07-11T12:09:26+00:00
barttorvik-2026-822,Ayden Davis,Wright St.,Ferris State,,2026,False,Portal committed,2026-07-11T12:09:26+00:00
barttorvik-2026-1061,Ayden Evans,Ohio,Maine,,2026,False,Portal committed,2026-07-11T12:09:26+00:00
barttorvik-2026-193,Ayomide Bamisile,Louisiana Monroe,Little Rock,,2026,False,Portal committed,2026-07-11T12:09:26+00:00
barttorvik-2026-2926,Azavier Robinson,Butler,UCLA,,2026,False,Portal committed,2026-07-11T12:09:26+00:00
barttorvik-2026-1893,B.B. Knight,Lamar,UT Rio Grande Valley,,2026,False,Portal committed,2026-07-11T12:09:26+00:00
barttorvik-2026-838,B.J. Davis-Ray,SMU,Northern Kentucky,,2026,False,Portal committed,2026-07-11T12:09:26+00:00
barttorvik-2026-2574,B.J. Omot,Minnesota,Cal St. Northridge,,2026,False,Portal committed,2026-07-11T12:09:26+00:00
barttorvik-2026-818,BJ Davis,San Diego St.,Creighton,,2026,False,Portal committed,2026-07-11T12:09:26+00:00
barttorvik-2026-3539,BJ Ward,Southeast Missouri St.,East Tennessee St.,,2026,False,Portal committed,2026-07-11T12:09:26+00:00
barttorvik-2026-2199,Babacar Mbengue,UMKC,Denver,,2026,False,Portal committed,2026-07-11T12:09:26+00:00
barttorvik-2026-969,Babatunde Durodola,Temple,Ball St.,,2026,False,Portal committed,2026-07-11T12:09:26+00:00
barttorvik-2026-2496,Baboucarr Njie,UTSA,Temple,,2026,False,Portal committed,2026-07-11T12:09:26+00:00
barttorvik-2026-788,Bangot Dak,Colorado,Vanderbilt,,2026,False,Portal committed,2026-07-11T12:09:26+00:00
barttorvik-2026-2551,Baraka Okojie,Mercer,George Mason,,2026,False,Portal committed,2026-07-11T12:09:26+00:00
barttorvik-2026-3161,Baron Smith Jr.,Oral Roberts,Wagner,,2026,False,Portal committed,2026-07-11T12:09:26+00:00
barttorvik-2026-2892,Bastien Rieber,Fresno St.,Niagara,,2026,False,Portal committed,2026-07-11T12:09:26+00:00
barttorvik-2026-1262,Bautista Giralt,Albany,Alaska Anchorage,,2026,False,Portal committed,2026-07-11T12:09:26+00:00
barttorvik-2026-1084,Baye Fall,Rutgers,Fresno St.,,2026,False,Portal committed,2026-07-11T12:09:26+00:00
barttorvik-2026-2463,Baye Ndongo,Georgia Tech,Pittsburgh,,2026,False,Portal committed,2026-07-11T12:09:26+00:00
barttorvik-2026-1010,Belal El Shakery,New Hampshire,Oakland,,2026,False,Portal committed,2026-07-11T12:09:26+00:00
barttorvik-2026-385,Ben Bradford,Charlotte,Charleston,,2026,False,Portal committed,2026-07-11T12:09:26+00:00
barttorvik-2026-852,Ben Defty,Boston University,Arizona St.,,2026,False,Portal committed,2026-07-11T12:09:26+00:00
barttorvik-2026-1911,Ben Kopetzki,Concordia St. Paul,Appalachian St.,,2026,False,Portal committed,2026-07-11T12:09:26+00:00
barttorvik-2026-2293,Ben Michaels,Vermont,Albany,,2026,False,Portal committed,2026-07-11T12:09:26+00:00
barttorvik-2026-2579,Ben Oosterbaan,St. Thomas,San Francisco,,2026,False,Portal committed,2026-07-11T12:09:26+00:00
barttorvik-2026-2904,Ben Ritger,Lee,North Alabama,,2026,False,Portal committed,2026-07-11T12:09:26+00:00
barttorvik-2026-2966,Ben Roseborough,San Jose St.,Towson,,2026,False,Portal committed,2026-07-11T12:09:26+00:00
barttorvik-2026-3440,Ben Tweedy,Colgate,Manhattan,,2026,False,Portal committed,2026-07-11T12:09:26+00:00
barttorvik-2026-3589,Ben Wesson,Vermont,Longwood,,2026,False,Portal committed,2026-07-11T12:09:26+00:00
barttorvik-2026-3497,Bencao Vungo,Jacksonville St.,Texas Southern,,2026,False,Portal committed,2026-07-11T12:09:26+00:00
barttorvik-2026-309,Benjamin Bill,Daemen,St. Bonaventure,,2026,False,Portal committed,2026-07-11T12:09:26+00:00
barttorvik-2026-231,Bennett Basich,Northern Michigan,Northern Illinois,,2026,False,Portal committed,2026-07-11T12:09:26+00:00
barttorvik-2026-518,Berke Buyuktuncel,Nebraska,Vanderbilt,,2026,False,Portal committed,2026-07-11T12:09:26+00:00
barttorvik-2026-232,Binael Basil,Wagner,Texas A&M Corpus Chris,,2026,False,Portal committed,2026-07-11T12:09:26+00:00
barttorvik-2026-367,Bishop Boswell,Tennessee,Maryland,,2026,False,Portal committed,2026-07-11T12:09:26+00:00
barttorvik-2026-3479,Blaise Vespe,Nova Southeastern,Saint Leo,,2026,False,Portal committed,2026-07-11T12:09:26+00:00
barttorvik-2026-205,Blake Barkley,East Tennessee St.,Grand Canyon,,2026,False,Portal committed,2026-07-11T12:09:26+00:00
barttorvik-2026-1419,Blake Harper,Creighton,VCU,,2026,False,Portal committed,2026-07-11T12:09:26+00:00
barttorvik-2026-3156,Blake Smith,Northwestern,Oral Roberts,,2026,False,Portal committed,2026-07-11T12:09:26+00:00
barttorvik-2026-747,"Bobby Crawford, Jr.",Lander,UT Rio Grande Valley,,2026,False,Portal committed,2026-07-11T12:09:26+00:00
barttorvik-2026-2361,Bobby Montgomery Jr.,UTEP,Binghamton,,2026,False,Portal committed,2026-07-11T12:09:26+00:00
barttorvik-2026-1812,Boden Kapke,Boston College,Nebraska,,2026,False,Portal committed,2026-07-11T12:09:26+00:00
barttorvik-2026-42,Bol Agu,Saint Peter's,Fairleigh Dickinson,,2026,False,Portal committed,2026-07-11T12:09:26+00:00
barttorvik-2026-865,Bol Dengdit,UC San Diego,Hawaii,,2026,False,Portal committed,2026-07-11T12:09:26+00:00
barttorvik-2026-922,Boubacar Djigo,Concord,Marshall,,2026,False,Portal committed,2026-07-11T12:09:26+00:00
barttorvik-2026-130,Braden Appelhans,Drake,Xavier,,2026,False,Portal committed,2026-07-11T12:09:26+00:00
barttorvik-2026-983,Braden East,Lamar,Houston,,2026,False,Portal committed,2026-07-11T12:09:26+00:00
barttorvik-2026-2733,Braden Pierce,Villanova,Charleston,,2026,False,Portal committed,2026-07-11T12:09:26+00:00
barttorvik-2026-1493,Bradey Henige,Cal Baptist,Fresno St.,,2026,False,Portal committed,2026-07-11T12:09:26+00:00
barttorvik-2026-1939,Bradley Land,Radford,Harding,,2026,False,Portal committed,2026-07-11T12:09:26+00:00
barttorvik-2026-964,Brady Dunlap,Saint Louis,Georgia,,2026,False,Portal committed,2026-07-11T12:09:26+00:00
barttorvik-2026-3169,Brady Smith,Weber St.,Westminster,,2026,False,Portal committed,2026-07-11T12:09:26+00:00
barttorvik-2026-3291,Brady Swartz,Western Michigan,Oakland,,2026,False,Portal committed,2026-07-11T12:09:26+00:00
barttorvik-2026-2077,Braedan Lue,Kennesaw St.,Tennessee,,2026,False,Portal committed,2026-07-11T12:09:26+00:00
barttorvik-2026-562,Braeden Carlsen,Mercer,Mars Hill,,2026,False,Portal committed,2026-07-11T12:09:26+00:00
barttorvik-2026-2083,Braeden MacVicar,Coastal Carolina,Samford,,2026,False,Portal committed,2026-07-11T12:09:26+00:00
barttorvik-2026-2376,Braeden Moore,Embry-Riddle (FL),UIndy,,2026,False,Portal committed,2026-07-11T12:09:26+00:00
barttorvik-2026-3160,Braeden Smith,Gonzaga,Notre Dame,,2026,False,Portal committed,2026-07-11T12:09:26+00:00
barttorvik-2026-3210,Braeden Speed,Loyola MD,Florida Atlantic,,2026,False,Portal committed,2026-07-11T12:09:26+00:00
barttorvik-2026-763,Brandin Cummings,Pittsburgh,Memphis,,2026,False,Portal committed,2026-07-11T12:09:26+00:00
barttorvik-2026-270,Brandon Benjamin,Fairfield,Boston College,,2026,False,Portal committed,2026-07-11T12:09:26+00:00
barttorvik-2026-1205,Brandon Fussell,Montevallo,Samford,,2026,False,Portal committed,2026-07-11T12:09:26+00:00
barttorvik-2026-1223,Brandon Gardner,Sacramento St.,Norfolk St.,,2026,False,Portal committed,2026-07-11T12:09:26+00:00
barttorvik-2026-1230,Brandon Garrison,Kentucky,Alabama,,2026,False,Portal committed,2026-07-11T12:09:26+00:00
barttorvik-2026-1581,Brandon Hrncir,Sioux Falls,Concordia St. Paul,,2026,False,Portal committed,2026-07-11T12:09:26+00:00
barttorvik-2026-1982,Brandon Lee,Illinois,James Madison,,2026,False,Portal committed,2026-07-11T12:09:26+00:00
barttorvik-2026-2220,Brandon McCreesh,Bucknell,Incarnate Word,,2026,False,Portal committed,2026-07-11T12:09:26+00:00
barttorvik-2026-2848,Brandon Rechsteiner,Colorado St.,Kansas St.,,2026,False,Portal committed,2026-07-11T12:09:26+00:00
barttorvik-2026-2990,Brandon Russell,Saint Francis,Millersville,,2026,False,Portal committed,2026-07-11T12:09:26+00:00
barttorvik-2026-3258,Brandon Stores Jr.,Georgia Tech,NJIT,,2026,False,Portal committed,2026-07-11T12:09:26+00:00
barttorvik-2026-519,Brant Byers,Miami OH,Penn St.,,2026,False,Portal committed,2026-07-11T12:09:26+00:00
barttorvik-2026-1344,Brayden Gross,Walsh,Northern Illinois,,2026,False,Portal committed,2026-07-11T12:09:26+00:00
barttorvik-2026-3778,Brayden Young,Loyola Chicago,Northeastern,,2026,False,Portal committed,2026-07-11T12:09:26+00:00
barttorvik-2026-1719,Brendan Johnson,Merrimack,Coppin St.,,2026,False,Portal committed,2026-07-11T12:09:26+00:00
barttorvik-2026-2563,Brendan Oliver,Canisius,NJIT,,2026,False,Portal committed,2026-07-11T12:09:26+00:00
barttorvik-2026-2895,Brendan Rigsbee,Wofford,Nova Southeastern,,2026,False,Portal committed,2026-07-11T12:09:26+00:00
barttorvik-2026-523,Brennen Byrd,Houston Christian,Cameron,,2026,False,Portal committed,2026-07-11T12:09:26+00:00
barttorvik-2026-328,Brent Bland,Saint Peter's,Miami FL,,2026,False,Portal committed,2026-07-11T12:09:26+00:00
barttorvik-2026-2400,Brent Moss,UTSA,Tulsa,,2026,False,Portal committed,2026-07-11T12:09:26+00:00
barttorvik-2026-849,Brett Decker Jr.,Liberty,Baylor,,2026,False,Portal committed,2026-07-11T12:09:26+00:00
barttorvik-2026-3748,Brett Wright,Trevecca Nazarene,Long Beach St.,,2026,False,Portal committed,2026-07-11T12:09:26+00:00
barttorvik-2026-105,Brian Amuneke,Wichita St.,Fresno St.,,2026,False,Portal committed,2026-07-11T12:09:26+00:00
barttorvik-2026-1334,Brian Griffith,Niagara,Clark Atlanta,,2026,False,Portal committed,2026-07-11T12:09:26+00:00
barttorvik-2026-2953,Brigham Rogers,Belmont,Murray St.,,2026,False,Portal committed,2026-07-11T12:09:26+00:00
barttorvik-2026-1100,Brock Felder,Seattle,Weber St.,,2026,False,Portal committed,2026-07-11T12:09:26+00:00
barttorvik-2026-2336,Brock Mishak,West Tex. A&M,UNC Greensboro,,2026,False,Portal committed,2026-07-11T12:09:26+00:00
barttorvik-2026-3480,Brock Vice,Murray St.,Kansas St.,,2026,False,Portal committed,2026-07-11T12:09:26+00:00
barttorvik-2026-2095,Brogan Madson,Sioux Falls,St. Thomas,,2026,False,Portal committed,2026-07-11T12:09:26+00:00
barttorvik-2026-1506,Brooklyn Hicks,Montana,Cal St. Northridge,,2026,False,Portal committed,2026-07-11T12:09:26+00:00
barttorvik-2026-83,Bruno Alocen,Indiana St.,Valparaiso,,2026,False,Portal committed,2026-07-11T12:09:26+00:00
barttorvik-2026-47,Bryan Akanmu,Wagner,Mercyhurst,,2026,False,Portal committed,2026-07-11T12:09:26+00:00
barttorvik-2026-2460,Bryan Ndjonga,Canisius,Stony Brook,,2026,False,Portal committed,2026-07-11T12:09:26+00:00
barttorvik-2026-180,Bryce Baker,Charleston,Rider,,2026,False,Portal committed,2026-07-11T12:09:26+00:00
barttorvik-2026-675,Bryce Cofield,Cal St. Fullerton,Cal St. Bakersfield,,2026,False,Portal committed,2026-07-11T12:09:26+00:00
barttorvik-2026-934,Bryce Dortch,Rutgers,Notre Dame,,2026,False,Portal committed,2026-07-11T12:09:26+00:00
barttorvik-2026-1480,Bryce Heard,Dayton,Wichita St.,,2026,False,Portal committed,2026-07-11T12:09:26+00:00
barttorvik-2026-2023,Bryce Lindsay,Villanova,Indiana,,2026,False,Portal committed,2026-07-11T12:09:26+00:00
barttorvik-2026-320,Brycen Blaine,Charleston Southern,East Carolina,,2026,False,Portal committed,2026-07-11T12:09:26+00:00
barttorvik-2026-532,Bryson Calamese,Alcorn St.,Lincoln PA,,2026,False,Portal committed,2026-07-11T12:09:26+00:00
barttorvik-2026-2075,Bryson Lucas,California (PA),Florida Gulf Coast,,2026,False,Portal committed,2026-07-11T12:09:26+00:00
barttorvik-2026-2235,Bryson McGlothin,Richmond,UT Arlington,,2026,False,Portal committed,2026-07-11T12:09:26+00:00
barttorvik-2026-3389,Bryson Tiller,Kansas,Missouri,,2026,False,Portal committed,2026-07-11T12:09:26+00:00
barttorvik-2026-3711,Bryson Wilson,Binghamton,Saint Peter's,,2026,False,Portal committed,2026-07-11T12:09:26+00:00
barttorvik-2026-271,Bubu Benjamin,George Washington,Old Dominion,,2026,False,Portal committed,2026-07-11T12:09:26+00:00
barttorvik-2026-90,Bubz Alvarez,South Dakota St.,Houston Christian,,2026,False,Portal committed,2026-07-11T12:09:26+00:00
barttorvik-2026-1381,Buddy Hammer Jr.,North Texas,Akron,,2026,False,Portal committed,2026-07-11T12:09:26+00:00
barttorvik-2026-2538,Bukky Oboye,Santa Clara,Auburn,,2026,False,Portal committed,2026-07-11T12:09:26+00:00
barttorvik-2026-2532,C.J. O'Hara,Green Bay,Wright St.,,2026,False,Portal committed,2026-07-11T12:09:26+00:00
barttorvik-2026-2601,C.J. Outlaw,Massachusetts,Florida Gulf Coast,,2026,False,Portal committed,2026-07-11T12:09:26+00:00
barttorvik-2026-3158,C.J. Smith,UTEP,Arkansas Pine Bluff,,2026,False,Portal committed,2026-07-11T12:09:26+00:00
barttorvik-2026-250,CJ Beaumont,Sam Houston St.,Kennesaw St.,,2026,False,Portal committed,2026-07-11T12:09:26+00:00
barttorvik-2026-434,CJ Brown,South Florida,High Point,,2026,False,Portal committed,2026-07-11T12:09:26+00:00
barttorvik-2026-1611,CJ Hyland,Western Carolina,Denver,,2026,False,Portal committed,2026-07-11T12:09:26+00:00
barttorvik-2026-274,Cade Bennerman,Northwestern,North Carolina,,2026,False,Portal committed,2026-07-11T12:09:26+00:00
barttorvik-2026-275,Cade Bennett,Saint Mary's,Northern Arizona,,2026,False,Portal committed,2026-07-11T12:09:26+00:00
barttorvik-2026-1835,Cade Kelderman,Iowa St.,South Dakota,,2026,False,Portal committed,2026-07-11T12:09:26+00:00
barttorvik-2026-2585,Cade Orness,Gonzaga,Mount St. Mary's,,2026,False,Portal committed,2026-07-11T12:09:26+00:00
barttorvik-2026-2724,Cade Phillips,Tennessee,Texas A&M,,2026,False,Portal committed,2026-07-11T12:09:26+00:00
barttorvik-2026-894,Caden Diggs,UMBC,Troy,,2026,False,Portal committed,2026-07-11T12:09:26+00:00
barttorvik-2026-1442,Caden Harris,Point Loma,North Alabama,,2026,False,Portal committed,2026-07-11T12:09:26+00:00
barttorvik-2026-1528,Caden Hinker,Augustana,Lamar,,2026,False,Portal committed,2026-07-11T12:09:26+00:00
barttorvik-2026-3631,Caden Wilkins,Green Bay,St. Thomas,,2026,False,Portal committed,2026-07-11T12:09:26+00:00
barttorvik-2026-753,Cahmai Crosby,North Texas,Nebraska Omaha,,2026,False,Portal committed,2026-07-11T12:09:26+00:00
barttorvik-2026-1892,Cal Klesmit,Northern Michigan,Northern Illinois,,2026,False,Portal committed,2026-07-11T12:09:26+00:00
barttorvik-2026-316,Caleb Blackwell,UTEP,Tarleton St.,,2026,False,Portal committed,2026-07-11T12:09:26+00:00
barttorvik-2026-1539,Caleb Hollenbeck,Marshall,Tennessee Tech,,2026,False,Portal committed,2026-07-11T12:09:26+00:00
barttorvik-2026-2200,Caleb McAbee,Anderson,Campbell,,2026,False,Portal committed,2026-07-11T12:09:26+00:00
barttorvik-2026-3018,Caleb Sanders,South Florida,Tennessee Tech,,2026,False,Portal committed,2026-07-11T12:09:26+00:00
barttorvik-2026-3166,Caleb Smith,Rider,Cal St. Northridge,,2026,False,Portal committed,2026-07-11T12:09:26+00:00
barttorvik-2026-3236,Caleb Steger,Boston College,Texas St.,,2026,False,Portal committed,2026-07-11T12:09:26+00:00
barttorvik-2026-3638,Caleb Williams,Lafayette,Jacksonville,,2026,False,Portal committed,2026-07-11T12:09:26+00:00
barttorvik-2026-2883,Callum Richard,Wofford,USC Aiken,,2026,False,Portal committed,2026-07-11T12:09:26+00:00
barttorvik-2026-3132,Calvin Sirmans III,Stetson,Alcorn St.,,2026,False,Portal committed,2026-07-11T12:09:26+00:00
barttorvik-2026-1058,Cam Estevez,Fairfield,Wagner,,2026,False,Portal committed,2026-07-11T12:09:26+00:00
barttorvik-2026-2069,Cam Lowe,Black Hills St.,Wofford,,2026,False,Portal committed,2026-07-11T12:09:26+00:00
barttorvik-2026-2302,Cam Miles,Florida St.,UNLV,,2026,False,Portal committed,2026-07-11T12:09:26+00:00
barttorvik-2026-3054,Cam Scott,South Carolina,Temple,,2026,False,Portal committed,2026-07-11T12:09:26+00:00
barttorvik-2026-596,Camden Cerese,Saint Leo,Southern Miss,,2026,False,Portal committed,2026-07-11T12:09:26+00:00
barttorvik-2026-735,Camden Cowgill,West Tex. A&M,St. Edward's,,2026,False,Portal committed,2026-07-11T12:09:26+00:00
barttorvik-2026-1485,Camden Heide,Texas,South Carolina,,2026,False,Portal committed,2026-07-11T12:09:26+00:00
barttorvik-2026-211,Cameron Barnes,Illinois St.,Cal St. Bakersfield,,2026,False,Portal committed,2026-07-11T12:09:26+00:00
barttorvik-2026-1309,Cameron Grant,Stanford,UNC Greensboro,,2026,False,Portal committed,2026-07-11T12:09:26+00:00
barttorvik-2026-1650,Cameron Jackson,UT Arlington,Radford,,2026,False,Portal committed,2026-07-11T12:09:26+00:00
barttorvik-2026-3526,Cameron Wallace,Little Rock,Southern Miss,,2026,False,Portal committed,2026-07-11T12:09:26+00:00
barttorvik-2026-3660,Cameron Williams,Portland,Kent St.,,2026,False,Portal committed,2026-07-11T12:09:26+00:00
barttorvik-2026-2611,Camryn Pacheco,Augusta,Francis Marion,,2026,False,Portal committed,2026-07-11T12:09:26+00:00
barttorvik-2026-1691,Canin Jefferson,North Alabama,Youngstown St.,,2026,False,Portal committed,2026-07-11T12:09:26+00:00
barttorvik-2026-36,Carmelo Adkins,USC Upstate,Rice,,2026,False,Portal committed,2026-07-11T12:09:26+00:00
barttorvik-2026-3051,Carson Schwieger,Queens,Tulane,,2026,False,Portal committed,2026-07-11T12:09:26+00:00
barttorvik-2026-3489,Carson Vis,Western Michigan,Northern Iowa,,2026,False,Portal committed,2026-07-11T12:09:26+00:00
barttorvik-2026-3759,Carson Yale,Minot St.,Washburn,,2026,False,Portal committed,2026-07-11T12:09:26+00:00
barttorvik-2026-614,Casmir Chavis,UT Arlington,North Texas,,2026,False,Portal committed,2026-07-11T12:09:26+00:00
barttorvik-2026-2870,Cavan Reilly,Delaware,James Madison,,2026,False,Portal committed,2026-07-11T12:09:26+00:00
barttorvik-2026-3468,Cayden Vasko,Wofford,UCF,,2026,False,Portal committed,2026-07-11T12:09:26+00:00
barttorvik-2026-2482,Cbo Newton,Abilene Christian,Tennessee Tech,,2026,False,Portal committed,2026-07-11T12:09:26+00:00
barttorvik-2026-1957,Cedric Lath,Houston,Nevada,,2026,False,Portal committed,2026-07-11T12:09:26+00:00
barttorvik-2026-3322,Cesar Tchilombo,Millersville,Lincoln Memorial,,2026,False,Portal committed,2026-07-11T12:09:26+00:00
barttorvik-2026-3414,Chadlyn Traylor,Charleston,Wright St.,,2026,False,Portal committed,2026-07-11T12:09:26+00:00
barttorvik-2026-1265,Chance Gladden,Boston University,San Diego St.,,2026,False,Portal committed,2026-07-11T12:09:26+00:00
barttorvik-2026-2816,Chance Puryear,SMU,Indiana St.,,2026,False,Portal committed,2026-07-11T12:09:26+00:00
barttorvik-2026-3421,Chance Trujillo,Utah Tech,Hawaii,,2026,False,Portal committed,2026-07-11T12:09:26+00:00
barttorvik-2026-3595,Chance Westry,UAB,Xavier,,2026,False,Portal committed,2026-07-11T12:09:26+00:00
barttorvik-2026-3704,Chansey Willis Jr.,Minnesota,Kent St.,,2026,False,Portal committed,2026-07-11T12:09:26+00:00
barttorvik-2026-557,Charles Caporaso,Jacksonville,Pittsburg State,,2026,False,Portal committed,2026-07-11T12:09:26+00:00
barttorvik-2026-726,Chase Cormier,Iona,The Citadel,,2026,False,Portal committed,2026-07-11T12:09:26+00:00
barttorvik-2026-1486,Chase Henderson,Montana,Cal Poly Humboldt,,2026,False,Portal committed,2026-07-11T12:09:26+00:00
barttorvik-2026-2192,Chase Mayo Harmon,Cal Baptist,Cal State San Marcos,,2026,False,Portal committed,2026-07-11T12:09:26+00:00
barttorvik-2026-3257,Chaydon Stone,Nicholls St.,Central Washington,,2026,False,Portal committed,2026-07-11T12:09:26+00:00
barttorvik-2026-3411,Chiante Tramble,Southern Miss,Northern Colorado,,2026,False,Portal committed,2026-07-11T12:09:26+00:00
barttorvik-2026-465,Chip Brunt,Northwestern St.,Jackson St.,,2026,False,Portal committed,2026-07-11T12:09:26+00:00
barttorvik-2026-2085,Chol Machot,Charleston,Georgetown,,2026,False,Portal committed,2026-07-11T12:09:26+00:00
barttorvik-2026-139,Chris Arias,Jacksonville,Wofford,,2026,False,Portal committed,2026-07-11T12:09:26+00:00
barttorvik-2026-825,Chris Davis Jr,Charleston,South Florida,,2026,False,Portal committed,2026-07-11T12:09:26+00:00
barttorvik-2026-925,Chris Dockery,UMKC,Nebraska Omaha,,2026,False,Portal committed,2026-07-11T12:09:26+00:00
barttorvik-2026-1116,Chris Fields Jr.,Campbell,Oakland,,2026,False,Portal committed,2026-07-11T12:09:26+00:00
barttorvik-2026-1729,Chris Johnson,UCF,Oregon St.,,2026,False,Portal committed,2026-07-11T12:09:26+00:00
barttorvik-2026-2040,Chris Lockett,Jacksonville,Jacksonville St.,,2026,False,Portal committed,2026-07-11T12:09:26+00:00
barttorvik-2026-2054,Chris Loofe,Middle Tennessee,Tulsa,,2026,False,Portal committed,2026-07-11T12:09:26+00:00
barttorvik-2026-2408,Chris Mubiru,Northwestern St.,Houston Christian,,2026,False,Portal committed,2026-07-11T12:09:26+00:00
barttorvik-2026-3508,Chris Walker,Illinois Chicago,Norfolk St.,,2026,False,Portal committed,2026-07-11T12:09:26+00:00
barttorvik-2026-1057,Christ Essandoko,South Carolina,Bowling Green,,2026,False,Portal committed,2026-07-11T12:09:26+00:00
barttorvik-2026-85,Christian Alston,Abilene Christian,Tennessee St.,,2026,False,Portal committed,2026-07-11T12:09:26+00:00
barttorvik-2026-245,Christian Beam,Georgia St.,Temple,,2026,False,Portal committed,2026-07-11T12:09:26+00:00
barttorvik-2026-330,Christian Bliss,Delaware,Stanford,,2026,False,Portal committed,2026-07-11T12:09:26+00:00
barttorvik-2026-438,Christian Brown,James Madison,Mississippi,,2026,False,Portal committed,2026-07-11T12:09:26+00:00
barttorvik-2026-1109,Christian Fermin,VCU,Tennessee,,2026,False,Portal committed,2026-07-11T12:09:26+00:00
barttorvik-2026-1354,Christian Gurdak,Virginia Tech,Rutgers,,2026,False,Portal committed,2026-07-11T12:09:26+00:00
barttorvik-2026-1382,Christian Hammond,Santa Clara,N.C. State,,2026,False,Portal committed,2026-07-11T12:09:26+00:00
barttorvik-2026-1416,Christian Harmon,Arkansas St.,Virginia,,2026,False,Portal committed,2026-07-11T12:09:26+00:00
barttorvik-2026-1595,Christian Humphrey-Rembert,Lafayette,Loyola Marymount,,2026,False,Portal committed,2026-07-11T12:09:26+00:00
barttorvik-2026-1694,Christian Jeffrey,Villanova,Loyola Chicago,,2026,False,Portal committed,2026-07-11T12:09:26+00:00
barttorvik-2026-1768,Christian Jones,George Washington,Murray St.,,2026,False,Portal committed,2026-07-11T12:09:26+00:00
barttorvik-2026-1775,Christian Jones,Siena,UMass Lowell,,2026,False,Portal committed,2026-07-11T12:09:26+00:00
barttorvik-2026-2270,Christian Meeks,Morgan St.,North Carolina Central,,2026,False,Portal committed,2026-07-11T12:09:26+00:00
barttorvik-2026-2367,Christian Moore,The Citadel,Butler,,2026,False,Portal committed,2026-07-11T12:09:26+00:00
barttorvik-2026-2495,Christian Nitu,Washington,McNeese St.,,2026,False,Portal committed,2026-07-11T12:09:26+00:00
barttorvik-2026-2862,Christian Reeves,Charleston,Kansas,,2026,False,Portal committed,2026-07-11T12:09:26+00:00
barttorvik-2026-3381,Christian Thompson,West Alabama,Missouri St.,,2026,False,Portal committed,2026-07-11T12:09:26+00:00
barttorvik-2026-737,Christopher Cox,UC San Diego,Westminster,,2026,False,Portal committed,2026-07-11T12:09:26+00:00
barttorvik-2026-2524,Christopher Nwuli,Rutgers,Seton Hall,,2026,False,Portal committed,2026-07-11T12:09:26+00:00
barttorvik-2026-175,Chuck Bailey III,Nevada,Delaware,,2026,False,Portal committed,2026-07-11T12:09:26+00:00
barttorvik-2026-2063,Chuck Love III,Loyola Chicago,Austin Peay,,2026,False,Portal committed,2026-07-11T12:09:26+00:00
barttorvik-2026-3,Churchill Abass,New Orleans,UCF,,2026,False,Portal committed,2026-07-11T12:09:26+00:00
barttorvik-2026-2269,Cian Medley,Kent St.,East Carolina,,2026,False,Portal committed,2026-07-11T12:09:26+00:00
barttorvik-2026-2173,Clarence Massamba,Tennessee,UC Davis,,2026,False,Portal committed,2026-07-11T12:09:26+00:00
barttorvik-2026-1706,Clayton Jewell,Colorado Mesa,Southeast Missouri St.,,2026,False,Portal committed,2026-07-11T12:09:26+00:00
barttorvik-2026-2406,Clayton Mpiana,Pacific,Montana,,2026,False,Portal committed,2026-07-11T12:09:26+00:00
barttorvik-2026-1005,Clinton Efinda,UNC Greensboro,Canisius,,2026,False,Portal committed,2026-07-11T12:09:26+00:00
barttorvik-2026-542,Cobi Campbell,Troy,Liberty,,2026,False,Portal committed,2026-07-11T12:09:26+00:00
barttorvik-2026-1284,Cohenj Gonzales,Colorado Mesa,Tennessee Tech,,2026,False,Portal committed,2026-07-11T12:09:26+00:00
barttorvik-2026-956,Colby Duggan,Charleston,Boston College,,2026,False,Portal committed,2026-07-11T12:09:26+00:00
barttorvik-2026-1227,Colby Garland,San Jose St.,Georgia Tech,,2026,False,Portal committed,2026-07-11T12:09:26+00:00
barttorvik-2026-597,Cole Certa,Notre Dame,Clemson,,2026,False,Portal committed,2026-07-11T12:09:26+00:00
barttorvik-2026-667,Cole Cloer,N.C. State,Alabama,,2026,False,Portal committed,2026-07-11T12:09:26+00:00
barttorvik-2026-1092,Cole Farrell,Long Beach St.,Niagara,,2026,False,Portal committed,2026-07-11T12:09:26+00:00
barttorvik-2026-2694,Cole Pepe,Grand Canyon,Concordia Irvine,,2026,False,Portal committed,2026-07-11T12:09:26+00:00
barttorvik-2026-1410,Colin Hardrick,Drury,Northern Illinois,,2026,False,Portal committed,2026-07-11T12:09:26+00:00
barttorvik-2026-1464,Colin Hawkins,Gardner Webb,Pittsburgh,,2026,False,Portal committed,2026-07-11T12:09:26+00:00
barttorvik-2026-2984,Colin Ruffin,Missouri Southern,Long Beach St.,,2026,False,Portal committed,2026-07-11T12:09:26+00:00
barttorvik-2026-3154,Colin Smith,UC Santa Barbara,Northwestern,,2026,False,Portal committed,2026-07-11T12:09:26+00:00
barttorvik-2026-3608,Colin White,Ohio St.,Akron,,2026,False,Portal committed,2026-07-11T12:09:26+00:00
barttorvik-2026-600,Collin Chandler,Kentucky,BYU,,2026,False,Portal committed,2026-07-11T12:09:26+00:00
barttorvik-2026-639,Collin Clark,Missouri St.,Pittsburg State,,2026,False,Portal committed,2026-07-11T12:09:26+00:00
barttorvik-2026-2413,Collin Mulholland,Chattanooga,Utah St.,,2026,False,Portal committed,2026-07-11T12:09:26+00:00
barttorvik-2026-1945,Colt Langdon,N.C. State,Marshall,,2026,False,Portal committed,2026-07-11T12:09:26+00:00
barttorvik-2026-1041,Comeh Emuobor,New Hampshire,N.C. State,,2026,False,Portal committed,2026-07-11T12:09:26+00:00
barttorvik-2026-1341,Conner Groce,Akron,Charleston,,2026,False,Portal committed,2026-07-11T12:09:26+00:00
barttorvik-2026-104,Connor Amundsen,Dartmouth,Pacific,,2026,False,Portal committed,2026-07-11T12:09:26+00:00
barttorvik-2026-1559,Connor Horan,Iona,Newberry,,2026,False,Portal committed,2026-07-11T12:09:26+00:00
barttorvik-2026-3432,Connor Turnbull,Evansville,Utah St.,,2026,False,Portal committed,2026-07-11T12:09:26+00:00
barttorvik-2026-2076,Conrad Luczynski,Lenoir-Rhyne,Central Michigan,,2026,False,Portal committed,2026-07-11T12:09:26+00:00
barttorvik-2026-378,Cooper Bowser,Furman,Arkansas,,2026,False,Portal committed,2026-07-11T12:09:26+00:00
barttorvik-2026-543,Cooper Campbell,Troy,Liberty,,2026,False,Portal committed,2026-07-11T12:09:26+00:00
barttorvik-2026-834,Cooper Davis,Ashland,Flagler,,2026,False,Portal committed,2026-07-11T12:09:26+00:00
barttorvik-2026-3050,Cooper Schwieger,Wake Forest,Florida St.,,2026,False,Portal committed,2026-07-11T12:09:26+00:00
barttorvik-2026-76,Corbin Allen,Kansas,Appalachian St.,,2026,False,Portal committed,2026-07-11T12:09:26+00:00
barttorvik-2026-2612,Corbin Pack,Wingate,Queens,,2026,False,Portal committed,2026-07-11T12:09:26+00:00
barttorvik-2026-3229,Cord Stansberry,Western Carolina,Missouri,,2026,False,Portal committed,2026-07-11T12:09:26+00:00
barttorvik-2026-594,Corey Caulker,East Carolina,FIU,,2026,False,Portal committed,2026-07-11T12:09:26+00:00
barttorvik-2026-619,Corey Chest,Mississippi,McNeese St.,,2026,False,Portal committed,2026-07-11T12:09:26+00:00
barttorvik-2026-1365,Corey Hadnot II,Purdue Fort Wayne,Houston,,2026,False,Portal committed,2026-07-11T12:09:26+00:00
barttorvik-2026-794,Corleone Dandridge,Denver,Northwest Mo. St.,,2026,False,Portal committed,2026-07-11T12:09:26+00:00
barttorvik-2026-3642,Corneilous Williams,North Alabama,Memphis,,2026,False,Portal committed,2026-07-11T12:09:26+00:00
barttorvik-2026-2925,Cornelius Robinson Jr.,Monmouth,Hampton,,2026,False,Portal committed,2026-07-11T12:09:26+00:00
barttorvik-2026-2065,Cory Lovell,Stonehill,Montana St. Billings,,2026,False,Portal committed,2026-07-11T12:09:26+00:00
barttorvik-2026-2412,Courtland Muldrew,Washington,Georgia Tech,,2026,False,Portal committed,2026-07-11T12:09:26+00:00
barttorvik-2026-826,Cruz Davis,Hofstra,Texas Tech,,2026,False,Portal committed,2026-07-11T12:09:26+00:00
barttorvik-2026-1263,Curtis Givens III,Memphis,Ohio St.,,2026,False,Portal committed,2026-07-11T12:09:26+00:00
barttorvik-2026-3254,Curtis Stinson Jr.,North Texas,Cleveland St.,,2026,False,Portal committed,2026-07-11T12:09:26+00:00
barttorvik-2026-3647,Curtis Williams Jr.,Tulane,High Point,,2026,False,Portal committed,2026-07-11T12:09:26+00:00
barttorvik-2026-2123,Cyr Malonga,New Mexico St.,Wichita St.,,2026,False,Portal committed,2026-07-11T12:09:26+00:00
barttorvik-2026-1450,D'Andre Harrison,UMKC,Loyola MD,,2026,False,Portal committed,2026-07-11T12:09:26+00:00
barttorvik-2026-797,D.J. Daniel,Frostburg St.,Gardner Webb,,2026,False,Portal committed,2026-07-11T12:09:26+00:00
barttorvik-2026-3503,D.J. Wagner,Arkansas,Maryland,,2026,False,Portal committed,2026-07-11T12:09:26+00:00
barttorvik-2026-953,DJ Dudley,Louisiana Tech,New Mexico St.,,2026,False,Portal committed,2026-07-11T12:09:26+00:00
barttorvik-2026-3357,DJ Thomas,West Virginia,TCU,,2026,False,Portal committed,2026-07-11T12:09:26+00:00
barttorvik-2026-959,DaRon Dunbar,Augusta,Francis Marion,,2026,False,Portal committed,2026-07-11T12:09:26+00:00
barttorvik-2026-1840,Daemar Kelly,Northern Illinois,Mercyhurst,,2026,False,Portal committed,2026-07-11T12:09:26+00:00
barttorvik-2026-786,Dai Dai Ames,California,Tennessee,,2026,False,Portal committed,2026-07-11T12:09:26+00:00
barttorvik-2026-3551,Dallas Washington,Long Beach St.,UC Riverside,,2026,False,Portal committed,2026-07-11T12:09:26+00:00
barttorvik-2026-896,Dallis Dillard,Indiana (PA),Temple,,2026,False,Portal committed,2026-07-11T12:09:26+00:00
barttorvik-2026-64,Dalman Alexander,California (PA),Morehead St.,,2026,False,Portal committed,2026-07-11T12:09:26+00:00
barttorvik-2026-3602,Damari Wheeler-Thomas,North Dakota St.,Boise St.,,2026,False,Portal committed,2026-07-11T12:09:26+00:00
barttorvik-2026-3766,Damarien Yates,Alabama St.,North Alabama,,2026,False,Portal committed,2026-07-11T12:09:26+00:00
barttorvik-2026-867,Damarion Dennis,Wyoming,Texas Tech,,2026,False,Portal committed,2026-07-11T12:09:26+00:00
barttorvik-2026-3002,Dame Salane,Arizona St.,Tulane,,2026,False,Portal committed,2026-07-11T12:09:26+00:00
barttorvik-2026-1869,Damien King,Tennessee Martin,Le Moyne,,2026,False,Portal committed,2026-07-11T12:09:26+00:00
barttorvik-2026-740,"Damion Cox, Jr.",Alabama St.,Indian Hills Community College,,2026,False,Portal committed,2026-07-11T12:09:26+00:00
barttorvik-2026-3635,Damon Wilkinson,South Dakota St.,Nebraska,,2026,False,Portal committed,2026-07-11T12:09:26+00:00
barttorvik-2026-1872,Damone King,Rhode Island,Eastern Kentucky,,2026,False,Portal committed,2026-07-11T12:09:26+00:00
barttorvik-2026-2411,Dan Mukuna,Fort Hays St.,Texas A&M Corpus Chris,,2026,False,Portal committed,2026-07-11T12:09:26+00:00
barttorvik-2026-627,Dane Christensen,UT Rio Grande Valley,Tennessee Tech,,2026,False,Portal committed,2026-07-11T12:09:26+00:00
barttorvik-2026-2778,Dani Pounds,Tennessee Tech,Louisiana,,2026,False,Portal committed,2026-07-11T12:09:26+00:00
barttorvik-2026-1184,Daniel Freitag,Buffalo,Oregon St.,,2026,False,Portal committed,2026-07-11T12:09:26+00:00
barttorvik-2026-1720,Daniel Johnson,Hampton,James Madison,,2026,False,Portal committed,2026-07-11T12:09:26+00:00
barttorvik-2026-3399,Daniel Tobiloba,UC Riverside,Jacksonville St.,,2026,False,Portal committed,2026-07-11T12:09:26+00:00
barttorvik-2026-3485,Daniel Vieira-Tuck,Memphis,Tennessee St.,,2026,False,Portal committed,2026-07-11T12:09:26+00:00
barttorvik-2026-1270,Daniil Glazkov,Loyola Chicago,Vermont,,2026,False,Portal committed,2026-07-11T12:09:26+00:00
barttorvik-2026-1823,Dante Kearse,The Citadel,Queens,,2026,False,Portal committed,2026-07-11T12:09:26+00:00
barttorvik-2026-487,Danzelle Bullock-Coles,Queens,Fairleigh Dickinson,,2026,False,Portal committed,2026-07-11T12:09:26+00:00
barttorvik-2026-816,Daquan Davis,Providence,LIU,,2026,False,Portal committed,2026-07-11T12:09:26+00:00
barttorvik-2026-910,Darik Dissette,Minot St.,Minn. Duluth,,2026,False,Portal committed,2026-07-11T12:09:26+00:00
barttorvik-2026-3183,"Darin Smith, Jr.",Central Connecticut,Rutgers,,2026,False,Portal committed,2026-07-11T12:09:26+00:00
barttorvik-2026-28,Darius Adams,Maryland,N.C. State,,2026,False,Portal committed,2026-07-11T12:09:26+00:00
barttorvik-2026-3552,Darius Washington III,Kennesaw St.,Coastal Carolina,,2026,False,Portal committed,2026-07-11T12:09:26+00:00
barttorvik-2026-3146,Darnez Slater,Colorado St.,Montana St.,,2026,False,Portal committed,2026-07-11T12:09:26+00:00
barttorvik-2026-1296,Darrae Goodwin,San Diego,Incarnate Word,,2026,False,Portal committed,2026-07-11T12:09:26+00:00
barttorvik-2026-3771,Darrel Yepdo,UMass Lowell,Vermont,,2026,False,Portal committed,2026-07-11T12:09:26+00:00
barttorvik-2026-1429,Darren Harris,Duke,Indiana,,2026,False,Portal committed,2026-07-11T12:09:26+00:00
barttorvik-2026-3287,Darrion Sutton,Missouri St.,Southeast Missouri St.,,2026,False,Portal committed,2026-07-11T12:09:26+00:00
barttorvik-2026-3110,Darryl Simmons II,St. Bonaventure,Villanova,,2026,False,Portal committed,2026-07-11T12:09:26+00:00
barttorvik-2026-1460,Dasear Haskins,Saint Joseph's,Mississippi,,2026,False,Portal committed,2026-07-11T12:09:26+00:00
barttorvik-2026-373,Dasonte Bowen,St. Bonaventure,Penn St.,,2026,False,Portal committed,2026-07-11T12:09:26+00:00
barttorvik-2026-1362,Davante Hackett,Stonehill,Tennessee Tech,,2026,False,Portal committed,2026-07-11T12:09:26+00:00
barttorvik-2026-2873,Davi Remagen,Georgia Tech,Tennessee Martin,,2026,False,Portal committed,2026-07-11T12:09:26+00:00
barttorvik-2026-3648,Davian Williams,Alcorn St.,Prairie View A&M,,2026,False,Portal committed,2026-07-11T12:09:26+00:00
barttorvik-2026-592,David Castillo,Kansas St.,Santa Clara,,2026,False,Portal committed,2026-07-11T12:09:26+00:00
barttorvik-2026-939,David Douglas Jr.,Fresno St.,Northern Illinois,,2026,False,Portal committed,2026-07-11T12:09:26+00:00
barttorvik-2026-1148,David Fonville,High Point,Anderson,,2026,False,Portal committed,2026-07-11T12:09:26+00:00
barttorvik-2026-1195,David Fuchs,San Francisco,Clemson,,2026,False,Portal committed,2026-07-11T12:09:26+00:00
barttorvik-2026-1281,David Gomez,Charlotte,Colorado,,2026,False,Portal committed,2026-07-11T12:09:26+00:00
barttorvik-2026-1395,David Hansen,Weber St.,Simon Fraser,,2026,False,Portal committed,2026-07-11T12:09:26+00:00
barttorvik-2026-1641,David Iweze,Utah St.,Cincinnati,,2026,False,Portal committed,2026-07-11T12:09:26+00:00
barttorvik-2026-2812,David Punch,TCU,Texas,,2026,False,Portal committed,2026-07-11T12:09:26+00:00
barttorvik-2026-3114,David Simon,Vermont,West Georgia,,2026,False,Portal committed,2026-07-11T12:09:26+00:00
barttorvik-2026-3331,David Terrell Jr.,North Texas,SMU,,2026,False,Portal committed,2026-07-11T12:09:26+00:00
barttorvik-2026-3344,David Thomas,Richmond,Georgia St.,,2026,False,Portal committed,2026-07-11T12:09:26+00:00
barttorvik-2026-3425,David Tubek,UTEP,USC Upstate,,2026,False,Portal committed,2026-07-11T12:09:26+00:00
barttorvik-2026-1392,Davion Hannah,Alabama,South Carolina,,2026,False,Portal committed,2026-07-11T12:09:26+00:00
barttorvik-2026-1511,Davion Hill,Ball St.,San Diego,,2026,False,Portal committed,2026-07-11T12:09:26+00:00
barttorvik-2026-521,Davis Bynum,Rider,Prairie View A&M,,2026,False,Portal committed,2026-07-11T12:09:26+00:00
barttorvik-2026-2061,Davius Loury,Cal St. Northridge,Chicago St.,,2026,False,Portal committed,2026-07-11T12:09:26+00:00
barttorvik-2026-3184,Davon Smith-Johnson,Roosevelt,Peru St.,,2026,False,Portal committed,2026-07-11T12:09:26+00:00
barttorvik-2026-221,Dawson Barr,Embry-Riddle (FL),Mercer,,2026,False,Portal committed,2026-07-11T12:09:26+00:00
barttorvik-2026-2478,Dayan Nessah,Cleveland St.,Loyola Chicago,,2026,False,Portal committed,2026-07-11T12:09:26+00:00
barttorvik-2026-111,Dayjaun Anderson,UAB,Louisiana Monroe,,2026,False,Portal committed,2026-07-11T12:09:26+00:00
barttorvik-2026-888,Daylon Dickerson,UMBC,West Florida,,2026,False,Portal committed,2026-07-11T12:09:26+00:00
barttorvik-2026-1320,De'Ante Green,South Florida,Tennessee Tech,,2026,False,Portal committed,2026-07-11T12:09:26+00:00
barttorvik-2026-2362,De'Shayne Montgomery,Dayton,Louisville,,2026,False,Portal committed,2026-07-11T12:09:26+00:00
barttorvik-2026-3643,DeAndre Williams,Holy Cross,Maine,,2026,False,Portal committed,2026-07-11T12:09:26+00:00
barttorvik-2026-1714,DeMarco Johnson,Elon,Marshall,,2026,False,Portal committed,2026-07-11T12:09:26+00:00
barttorvik-2026-1289,DeSean Goode,Robert Morris,Miami FL,,2026,False,Portal committed,2026-07-11T12:09:26+00:00
barttorvik-2026-1304,DeShawn Gory,Fresno St.,Oregon St.,,2026,False,Portal committed,2026-07-11T12:09:26+00:00
barttorvik-2026-1448,DeShawn Harris-Smith,Georgetown,Delaware,,2026,False,Portal committed,2026-07-11T12:09:26+00:00
barttorvik-2026-1761,Deandre Jones,Kent St.,Cleveland St.,,2026,False,Portal committed,2026-07-11T12:09:26+00:00
barttorvik-2026-971,Declan Duru Jr.,Texas,UC Santa Barbara,,2026,False,Portal committed,2026-07-11T12:09:26+00:00
barttorvik-2026-3342,Dedan Thomas Jr.,LSU,Houston,,2026,False,Portal committed,2026-07-11T12:09:26+00:00
barttorvik-2026-3376,Deke Thompson,Texas St.,Nebraska Omaha,,2026,False,Portal committed,2026-07-11T12:09:26+00:00
barttorvik-2026-1765,Del Jones,Radford,Seton Hall,,2026,False,Portal committed,2026-07-11T12:09:26+00:00
barttorvik-2026-3544,Dellquan Warren,Mississippi St.,McNeese St.,,2026,False,Portal committed,2026-07-11T12:09:26+00:00
barttorvik-2026-1260,Delrecco Gillespie,Kent St.,Houston,,2026,False,Portal committed,2026-07-11T12:09:26+00:00
barttorvik-2026-3640,Demari Williams,Houston Christian,UTSA,,2026,False,Portal committed,2026-07-11T12:09:26+00:00
barttorvik-2026-492,Demarion Burch,Bradley,Illinois St.,,2026,False,Portal committed,2026-07-11T12:09:26+00:00
barttorvik-2026-3724,Demarris Winters,UT Rio Grande Valley,Canisius,,2026,False,Portal committed,2026-07-11T12:09:26+00:00
barttorvik-2026-1224,Demitri Gardner,Fordham,East Carolina,,2026,False,Portal committed,2026-07-11T12:09:26+00:00
barttorvik-2026-893,Deng Diew,Westminster,Post,,2026,False,Portal committed,2026-07-11T12:09:26+00:00
barttorvik-2026-1215,Deng Garang,Le Moyne,Illinois St.,,2026,False,Portal committed,2026-07-11T12:09:26+00:00
barttorvik-2026-171,Denis Badalau,Rutgers,Towson,,2026,False,Portal committed,2026-07-11T12:09:26+00:00
barttorvik-2026-1065,Dennis Evans,Grand Canyon,Oregon St.,,2026,False,Portal committed,2026-07-11T12:09:26+00:00
barttorvik-2026-1752,Dennis Johnson III,Western Washington,Portland St.,,2026,False,Portal committed,2026-07-11T12:09:26+00:00
barttorvik-2026-2641,"Dennis Parker, Jr.",Radford,Kansas,,2026,False,Portal committed,2026-07-11T12:09:26+00:00
barttorvik-2026-122,Denver Anglin,Iona,Merrimack,,2026,False,Portal committed,2026-07-11T12:09:26+00:00
barttorvik-2026-9,Denzel Aberdeen,Kentucky,Florida,,2026,False,Portal committed,2026-07-11T12:09:26+00:00
barttorvik-2026-2025,Deondrea Lindsey,Iona,Tennessee St.,,2026,False,Portal committed,2026-07-11T12:09:26+00:00
barttorvik-2026-914,Derek Dixon,North Carolina,Arizona,,2026,False,Portal committed,2026-07-11T12:09:26+00:00
barttorvik-2026-1292,Derek Goodman,Ohio Dominican,Mercer,,2026,False,Portal committed,2026-07-11T12:09:26+00:00
barttorvik-2026-3493,Derek Vorst,Indiana St.,Cleveland St.,,2026,False,Portal committed,2026-07-11T12:09:26+00:00
barttorvik-2026-2785,Derik Pranger,Colorado Colorado Springs,Adams St.,,2026,False,Portal committed,2026-07-11T12:09:26+00:00
barttorvik-2026-3033,Derin Saran,UC Irvine,Richmond,,2026,False,Portal committed,2026-07-11T12:09:26+00:00
barttorvik-2026-1652,Deshaun Jackson Jr.,Mercyhurst,South Carolina St.,,2026,False,Portal committed,2026-07-11T12:09:26+00:00
barttorvik-2026-1690,Deshawn Jean-Charles,Chicago St.,LIU,,2026,False,Portal committed,2026-07-11T12:09:26+00:00
barttorvik-2026-1757,Deuce Jones II,Saint Joseph's,UAB,,2026,False,Portal committed,2026-07-11T12:09:26+00:00
barttorvik-2026-2622,Devere Palmer,Florida A&M,Lenoir-Rhyne,,2026,False,Portal committed,2026-07-11T12:09:26+00:00
barttorvik-2026-356,Devin Booker,George Mason,La Salle,,2026,False,Portal committed,2026-07-11T12:09:26+00:00
barttorvik-2026-435,Devin Brown,Davidson,Notre Dame,,2026,False,Portal committed,2026-07-11T12:09:26+00:00
barttorvik-2026-448,Devin Brown,Coastal Carolina,Alabama A&M,,2026,False,Portal committed,2026-07-11T12:09:26+00:00
barttorvik-2026-899,Devin Dinkins,Manhattan,Delaware,,2026,False,Portal committed,2026-07-11T12:09:26+00:00
barttorvik-2026-2976,Devin Royal,Ohio St.,Villanova,,2026,False,Portal committed,2026-07-11T12:09:26+00:00
barttorvik-2026-3464,Devin Vanterpool,Florida Atlantic,Providence,,2026,False,Portal committed,2026-07-11T12:09:26+00:00
barttorvik-2026-3653,Devin Williams,Florida Atlantic,Seton Hall,,2026,False,Portal committed,2026-07-11T12:09:26+00:00
barttorvik-2026-143,Devon Arlington,Yale,Stonehill,,2026,False,Portal committed,2026-07-11T12:09:26+00:00
barttorvik-2026-1898,Devon Kobi Pearson,Texas A&M Corpus Chris,Stephen F. Austin,,2026,False,Portal committed,2026-07-11T12:09:26+00:00
barttorvik-2026-2116,Devon Malcolm,Cal Baptist,UC Riverside,,2026,False,Portal committed,2026-07-11T12:09:26+00:00
barttorvik-2026-2248,Devon McKinnon,Montevallo,Auburn Montgomery,,2026,False,Portal committed,2026-07-11T12:09:26+00:00
barttorvik-2026-2808,Devon Pryor,Oregon,UT Rio Grande Valley,,2026,False,Portal committed,2026-07-11T12:09:26+00:00
barttorvik-2026-3310,Deywilk Tavarez,Loyola Chicago,Hofstra,,2026,False,Portal committed,2026-07-11T12:09:26+00:00
barttorvik-2026-3610,Dez White,Oregon St.,Temple,,2026,False,Portal committed,2026-07-11T12:09:26+00:00
barttorvik-2026-2022,Dezdrick Lindsay,Oregon,Kansas St.,,2026,False,Portal committed,2026-07-11T12:09:26+00:00
barttorvik-2026-2166,Diego Martinez,San Francisco St.,Stanislaus St.,,2026,False,Portal committed,2026-07-11T12:09:26+00:00
barttorvik-2026-3415,Diego Trejo-Delgado,Saint Martin's,Idaho,,2026,False,Portal committed,2026-07-11T12:09:26+00:00
barttorvik-2026-3078,Dillan Shaw,Saint Mary's,Arizona St.,,2026,False,Portal committed,2026-07-11T12:09:26+00:00
barttorvik-2026-656,Dillon Claussen,Washburn,Liberty,,2026,False,Portal committed,2026-07-11T12:09:26+00:00
barttorvik-2026-1915,Dimitrije Kovačević,Wake Forest,Mercer,,2026,False,Portal committed,2026-07-11T12:09:26+00:00
barttorvik-2026-3340,Dionjahe Thomas,Jackson St.,Northwestern St.,,2026,False,Portal committed,2026-07-11T12:09:26+00:00
barttorvik-2026-1717,Dior Johnson,Tarleton St.,UCF,,2026,False,Portal committed,2026-07-11T12:09:26+00:00
barttorvik-2026-1848,Dior Kennedy,New Haven,Saint Michael's,,2026,False,Portal committed,2026-07-11T12:09:26+00:00
barttorvik-2026-3449,Divine Ugochukwu,Michigan St.,LSU,,2026,False,Portal committed,2026-07-11T12:09:26+00:00
barttorvik-2026-38,Dom Aekins,Duquesne,Youngstown St.,,2026,False,Portal committed,2026-07-11T12:09:26+00:00
barttorvik-2026-657,Dom Clay,North Dakota St.,Lindenwood,,2026,False,Portal committed,2026-07-11T12:09:26+00:00
barttorvik-2026-1818,Domas Kauzonas,UNC Greensboro,Longwood,,2026,False,Portal committed,2026-07-11T12:09:26+00:00
barttorvik-2026-982,Dominic Eason,USC Beaufort,Lamar,,2026,False,Portal committed,2026-07-11T12:09:26+00:00
barttorvik-2026-1290,Dominic Gooden,MSU Moorhead,Arkansas–Fort Smith,,2026,False,Portal committed,2026-07-11T12:09:26+00:00
barttorvik-2026-3247,Dominick Stewart,Penn St.,Richmond,,2026,False,Portal committed,2026-07-11T12:09:26+00:00
barttorvik-2026-900,Dominique Diomande,BYU,Pittsburgh,,2026,False,Portal committed,2026-07-11T12:09:26+00:00
barttorvik-2026-1389,Donald Hand Jr.,Boston College,Loyola Chicago,,2026,False,Portal committed,2026-07-11T12:09:26+00:00
barttorvik-2026-1181,Donnie Freeman,Syracuse,St. John's,,2026,False,Portal committed,2026-07-11T12:09:26+00:00
barttorvik-2026-1135,Donovan Flamer,Elizabeth City St.,Saint Joseph's,,2026,False,Portal committed,2026-07-11T12:09:26+00:00
barttorvik-2026-1599,Donovan Hunter,Bellarmine,Southern Indiana,,2026,False,Portal committed,2026-07-11T12:09:26+00:00
barttorvik-2026-2845,Donovan Raymond,Old Dominion,Western Carolina,,2026,False,Portal committed,2026-07-11T12:09:26+00:00
barttorvik-2026-2910,Donovan Rivers,Jacksonville,Loyola Marymount,,2026,False,Portal committed,2026-07-11T12:09:26+00:00
barttorvik-2026-3639,Dontrez Williams,Lindenwood,UNLV,,2026,False,Portal committed,2026-07-11T12:09:26+00:00
barttorvik-2026-1124,Dorian Finister,Louisiana,Charlotte,,2026,False,Portal committed,2026-07-11T12:09:26+00:00
barttorvik-2026-1342,Dorian Grosber,High Point,Northeastern,,2026,False,Portal committed,2026-07-11T12:09:26+00:00
barttorvik-2026-1772,Dorian Jones,Rutgers,Kent St.,,2026,False,Portal committed,2026-07-11T12:09:26+00:00
barttorvik-2026-476,Dorin Buca,Kansas St.,Rutgers,,2026,False,Portal committed,2026-07-11T12:09:26+00:00
barttorvik-2026-1947,Douglas Langford,San Jose St.,Columbia,,2026,False,Portal committed,2026-07-11T12:09:26+00:00
barttorvik-2026-511,Dovydas Butka,Campbell,Boise St.,,2026,False,Portal committed,2026-07-11T12:09:26+00:00
barttorvik-2026-670,Doyel Cockrill III,Chicago St.,Nicholls St.,,2026,False,Portal committed,2026-07-11T12:09:26+00:00
barttorvik-2026-1247,Dra Gibbs-Lawhorn,UNLV,Texas Tech,,2026,False,Portal committed,2026-07-11T12:09:26+00:00
barttorvik-2026-2079,Dragos Lungu,Tennessee Martin,Fresno St.,,2026,False,Portal committed,2026-07-11T12:09:26+00:00
barttorvik-2026-1868,Dre Kindell,Wichita St.,Drake,,2026,False,Portal committed,2026-07-11T12:09:26+00:00
barttorvik-2026-288,Drew Bessette,Vermont,Saint Michael's,,2026,False,Portal committed,2026-07-11T12:09:26+00:00
barttorvik-2026-1115,Drew Fielder,Boise St.,Alabama,,2026,False,Portal committed,2026-07-11T12:09:26+00:00
barttorvik-2026-1201,Drew Fuquay,Marshall,Western Kentucky,,2026,False,Portal committed,2026-07-11T12:09:26+00:00
barttorvik-2026-1884,Drew Kingery,Truman St.,Missouri Western,,2026,False,Portal committed,2026-07-11T12:09:26+00:00
barttorvik-2026-2242,Drew McKenna,Old Dominion,New Hampshire,,2026,False,Portal committed,2026-07-11T12:09:26+00:00
barttorvik-2026-3042,Drew Scharnowski,Belmont,Duke,,2026,False,Portal committed,2026-07-11T12:09:26+00:00
barttorvik-2026-3235,Drew Steffe,Southern Illinois,Buffalo,,2026,False,Portal committed,2026-07-11T12:09:26+00:00
barttorvik-2026-583,Drey Carter,Fairmont St.,North Alabama,,2026,False,Portal committed,2026-07-11T12:09:26+00:00
barttorvik-2026-2649,Duce Paschal,Weber St.,Indiana St.,,2026,False,Portal committed,2026-07-11T12:09:26+00:00
barttorvik-2026-3263,Dusty Stromer,Grand Canyon,San Diego,,2026,False,Portal committed,2026-07-11T12:09:26+00:00
barttorvik-2026-141,Dwayne Aristode,Arizona,Oregon,,2026,False,Portal committed,2026-07-11T12:09:26+00:00
barttorvik-2026-2732,Dwayne Pierce,North Carolina A&T,Grambling St.,,2026,False,Portal committed,2026-07-11T12:09:26+00:00
barttorvik-2026-115,Dylan Anderson,Murray St.,Northern Arizona,,2026,False,Portal committed,2026-07-11T12:09:26+00:00
barttorvik-2026-805,Dylan Darling,St. John's,Grand Canyon,,2026,False,Portal committed,2026-07-11T12:09:26+00:00
barttorvik-2026-883,Dylan Diaz,Louisiana Monroe,Fairmont St.,,2026,False,Portal committed,2026-07-11T12:09:26+00:00
barttorvik-2026-952,Dylan Ducommun,Northern Illinois,Buffalo,,2026,False,Portal committed,2026-07-11T12:09:26+00:00
barttorvik-2026-1095,Dylan Faulkner,Samford,Clemson,,2026,False,Portal committed,2026-07-11T12:09:26+00:00
barttorvik-2026-1272,Dylan Godfrey,UC Riverside,Binghamton,,2026,False,Portal committed,2026-07-11T12:09:26+00:00
barttorvik-2026-1310,Dylan Grant,Rutgers,Charlotte,,2026,False,Portal committed,2026-07-11T12:09:26+00:00
barttorvik-2026-1676,Dylan James,Georgia,George Washington,,2026,False,Portal committed,2026-07-11T12:09:26+00:00
barttorvik-2026-3021,Dylan Sanders,CSU Pueblo,Southern Utah,,2026,False,Portal committed,2026-07-11T12:09:26+00:00
barttorvik-2026-3036,Dylan Saunders,New Hampshire,UVA Wise,,2026,False,Portal committed,2026-07-11T12:09:26+00:00
barttorvik-2026-3543,Dylan Warlick,Saint Louis,Weber St.,,2026,False,Portal committed,2026-07-11T12:09:26+00:00
barttorvik-2026-3673,Dylan Williams,Penn,Northwestern,,2026,False,Portal committed,2026-07-11T12:09:26+00:00
barttorvik-2026-3698,Dylan Williamson,Towson,Rhode Island,,2026,False,Portal committed,2026-07-11T12:09:26+00:00
barttorvik-2026-3375,Dyllan Thompson,Georgia Tech,Weber St.,,2026,False,Portal committed,2026-07-11T12:09:26+00:00
barttorvik-2026-3178,E.J. Smith,Lincoln Memorial,Presbyterian,,2026,False,Portal committed,2026-07-11T12:09:26+00:00
barttorvik-2026-2993,EJ Ryans,Western Michigan,South Dakota St.,,2026,False,Portal committed,2026-07-11T12:09:26+00:00
barttorvik-2026-3217,EJ Spillman,UC Riverside,College of the Sequoias,,2026,False,Portal committed,2026-07-11T12:09:26+00:00
barttorvik-2026-3510,EJ Walker,South Carolina,Western Kentucky,,2026,False,Portal committed,2026-07-11T12:09:26+00:00
barttorvik-2026-1602,Easton Hupp,Charleston Southern,Stephen F. Austin,,2026,False,Portal committed,2026-07-11T12:09:26+00:00
barttorvik-2026-2846,Easton Reagan,Northwest Nazarene,UC Riverside,,2026,False,Portal committed,2026-07-11T12:09:26+00:00
barttorvik-2026-1801,Ebrahim Kaba,Purdue Fort Wayne,Southern Indiana,,2026,False,Portal committed,2026-07-11T12:09:26+00:00
barttorvik-2026-2615,Eddie Page,Clayton St.,Prairie View A&M,,2026,False,Portal committed,2026-07-11T12:09:26+00:00
barttorvik-2026-2756,Eddie Placer,Wagner,North Florida,,2026,False,Portal committed,2026-07-11T12:09:26+00:00
barttorvik-2026-2889,Eddie Ricks III,James Madison,Loyola Chicago,,2026,False,Portal committed,2026-07-11T12:09:26+00:00
barttorvik-2026-418,Eddrin Bronson,Furman,The Citadel,,2026,False,Portal committed,2026-07-11T12:09:26+00:00
barttorvik-2026-2588,Edir Ortiz,Seton Hill,Purdue Fort Wayne,,2026,False,Portal committed,2026-07-11T12:09:26+00:00
barttorvik-2026-1890,Eduardo Klafke,Mississippi,Butler,,2026,False,Portal committed,2026-07-11T12:09:26+00:00
barttorvik-2026-2578,Edward Onyia,Saint Anselm,Marist,,2026,False,Portal committed,2026-07-11T12:09:26+00:00
barttorvik-2026-795,Edwin Daniel,La Salle,Stephen F. Austin,,2026,False,Portal committed,2026-07-11T12:09:26+00:00
barttorvik-2026-3268,Edwin Suarez Jr.,Weber St.,East Texas A&M,,2026,False,Portal committed,2026-07-11T12:09:26+00:00
barttorvik-2026-3758,Eemeli Yalaho,Washington St.,N.C. State,,2026,False,Portal committed,2026-07-11T12:09:26+00:00
barttorvik-2026-3471,Efe Vatan,Oregon,Stony Brook,,2026,False,Portal committed,2026-07-11T12:09:26+00:00
barttorvik-2026-2562,Efeosa Oliogu-Elabor,Butler,George Mason,,2026,False,Portal committed,2026-07-11T12:09:26+00:00
barttorvik-2026-860,Ege Demir,Oregon,Duquesne,,2026,False,Portal committed,2026-07-11T12:09:26+00:00
barttorvik-2026-1031,Eian Elmer,Miami OH,Wisconsin,,2026,False,Portal committed,2026-07-11T12:09:26+00:00
barttorvik-2026-2364,Eino Montin,Stonehill,Montana St. Billings,,2026,False,Portal committed,2026-07-11T12:09:26+00:00
barttorvik-2026-1026,Eli Ellis,South Carolina,Charleston,,2026,False,Portal committed,2026-07-11T12:09:26+00:00
barttorvik-2026-1325,Eli Greenberg,Le Moyne,Stonehill,,2026,False,Portal committed,2026-07-11T12:09:26+00:00
barttorvik-2026-2878,Eli Rice,Penn St.,Middle Tennessee,,2026,False,Portal committed,2026-07-11T12:09:26+00:00
barttorvik-2026-3627,Eli Wilborn,James Madison,Merrimack,,2026,False,Portal committed,2026-07-11T12:09:26+00:00
barttorvik-2026-2837,Elias Rapieque,Kansas St.,Loyola Chicago,,2026,False,Portal committed,2026-07-11T12:09:26+00:00
barttorvik-2026-424,Elijah Brooks,Houston Christian,Florida Gulf Coast,,2026,False,Portal committed,2026-07-11T12:09:26+00:00
barttorvik-2026-446,Elijah Brown,Wagner,Navarro College,,2026,False,Portal committed,2026-07-11T12:09:26+00:00
barttorvik-2026-743,Elijah Crawford,Illinois Chicago,Villanova,,2026,False,Portal committed,2026-07-11T12:09:26+00:00
barttorvik-2026-973,Elijah Duval,Southern Utah,UAB,,2026,False,Portal committed,2026-07-11T12:09:26+00:00
barttorvik-2026-1023,Elijah Elliott,Ohio,North Florida,,2026,False,Portal committed,2026-07-11T12:09:26+00:00
barttorvik-2026-1138,Elijah Flowers,Old Dominion,Holy Cross,,2026,False,Portal committed,2026-07-11T12:09:26+00:00
barttorvik-2026-1503,Elijah Hernandez,Holy Family,Arkansas Pine Bluff,,2026,False,Portal committed,2026-07-11T12:09:26+00:00
barttorvik-2026-1766,Elijah Jones,UTEP,George Mason,,2026,False,Portal committed,2026-07-11T12:09:26+00:00
barttorvik-2026-2366,Elijah Moore,Utah,McNeese St.,,2026,False,Portal committed,2026-07-11T12:09:26+00:00
barttorvik-2026-2705,Elijah Perryman,Utah St.,Cincinnati,,2026,False,Portal committed,2026-07-11T12:09:26+00:00
barttorvik-2026-3264,Elijah Strong,South Carolina,Saint Louis,,2026,False,Portal committed,2026-07-11T12:09:26+00:00
barttorvik-2026-3547,Elisha Warren,D'Youville,South Dakota,,2026,False,Portal committed,2026-07-11T12:09:26+00:00
barttorvik-2026-3428,Elliot Tulip,West Alabama,Southern Miss,,2026,False,Portal committed,2026-07-11T12:09:26+00:00
barttorvik-2026-1651,Elmarko Jackson,Kansas,Georgetown,,2026,False,Portal committed,2026-07-11T12:09:26+00:00
barttorvik-2026-976,Elmir Dzafic,Arkansas,Connecticut,,2026,False,Portal committed,2026-07-11T12:09:26+00:00
barttorvik-2026-281,Elson Berhanu,Goldey-Beacom,Maryland Eastern Shore,,2026,False,Portal committed,2026-07-11T12:09:26+00:00
barttorvik-2026-3159,Eltramon Smith Jr.,Stephen F. Austin,Georgia Southern,,2026,False,Portal committed,2026-07-11T12:09:26+00:00
barttorvik-2026-1183,Elyjah Freeman,Auburn,Texas,,2026,False,Portal committed,2026-07-11T12:09:26+00:00
barttorvik-2026-2819,Elías Pálsson,Augusta,Detroit Mercy,,2026,False,Portal committed,2026-07-11T12:09:26+00:00
barttorvik-2026-2884,Emanuel Richards,Longwood,Eastern Michigan,,2026,False,Portal committed,2026-07-11T12:09:26+00:00
barttorvik-2026-3145,Emil Skytta,North Dakota St.,Portland St.,,2026,False,Portal committed,2026-07-11T12:09:26+00:00
barttorvik-2026-513,Emilis Butkus,Mercyhurst,Campbell,,2026,False,Portal committed,2026-07-11T12:09:26+00:00
barttorvik-2026-1631,Emmanuel Innocenti,Gonzaga,Arizona St.,,2026,False,Portal committed,2026-07-11T12:09:26+00:00
barttorvik-2026-2139,Emmanuel Manyuon,Pacific,Marshall,,2026,False,Portal committed,2026-07-11T12:09:26+00:00
barttorvik-2026-23,Emmett Adair,Loyola MD,George Mason,,2026,False,Portal committed,2026-07-11T12:09:26+00:00
barttorvik-2026-1054,Emondrek Erkins-Ford,Jacksonville St.,Western Kentucky,,2026,False,Portal committed,2026-07-11T12:09:26+00:00
barttorvik-2026-3222,Enel St. Bernard,Indiana St.,Sam Houston St.,,2026,False,Portal committed,2026-07-11T12:09:26+00:00
barttorvik-2026-360,Enrico Borio,Jacksonville,Nova Southeastern,,2026,False,Portal committed,2026-07-11T12:09:26+00:00
barttorvik-2026-2768,Erez Poran,Northern Arizona,Clayton St.,,2026,False,Portal committed,2026-07-11T12:09:26+00:00
barttorvik-2026-22,Eric Acker,La Salle,Northern Kentucky,,2026,False,Portal committed,2026-07-11T12:09:26+00:00
barttorvik-2026-606,Eric Chatfield Jr,Georgia Tech,Bryant,,2026,False,Portal committed,2026-07-11T12:09:26+00:00
barttorvik-2026-886,Eric Dibami,FIU,UC Santa Barbara,,2026,False,Portal committed,2026-07-11T12:09:26+00:00
barttorvik-2026-2102,Eric Mahaffey,Akron,Cincinnati,,2026,False,Portal committed,2026-07-11T12:09:26+00:00
barttorvik-2026-2644,Eric Parnell,Fairleigh Dickinson,Georgia St.,,2026,False,Portal committed,2026-07-11T12:09:26+00:00
barttorvik-2026-2866,Eric Reibe,Connecticut,USC,,2026,False,Portal committed,2026-07-11T12:09:26+00:00
barttorvik-2026-2566,Erik Oliver-Bush,Manhattan,New Hampshire,,2026,False,Portal committed,2026-07-11T12:09:26+00:00
barttorvik-2026-3087,Ernest Shelton,Merrimack,Boston College,,2026,False,Portal committed,2026-07-11T12:09:26+00:00
barttorvik-2026-2748,Esyah Pippa-White,Milwaukee,Houston Christian,,2026,False,Portal committed,2026-07-11T12:09:26+00:00
barttorvik-2026-314,Ethan Blackmon,Northeastern St.,Louisiana Tech,,2026,False,Portal committed,2026-07-11T12:09:26+00:00
barttorvik-2026-722,Ethan Copeland,Stetson,Virginia Tech,,2026,False,Portal committed,2026-07-11T12:09:26+00:00
barttorvik-2026-752,Ethan Croley,Nevada,Jacksonville St.,,2026,False,Portal committed,2026-07-11T12:09:26+00:00
barttorvik-2026-960,Ethan Duncan,Lipscomb,Cal Baptist,,2026,False,Portal committed,2026-07-11T12:09:26+00:00
barttorvik-2026-1906,Ethan Koltz,Southwest Minnesota St.,Minnesota Crookston,,2026,False,Portal committed,2026-07-11T12:09:26+00:00
barttorvik-2026-2289,Ethan Meuser,Stonehill,Pepperdine,,2026,False,Portal committed,2026-07-11T12:09:26+00:00
barttorvik-2026-2916,Ethan Roberts,Penn,Notre Dame,,2026,False,Portal committed,2026-07-11T12:09:26+00:00
barttorvik-2026-2999,Ethan Sage,Pittsburg State,Belmont,,2026,False,Portal committed,2026-07-11T12:09:26+00:00
barttorvik-2026-91,Eugene Alvin,Morgan St.,Delaware,,2026,False,Portal committed,2026-07-11T12:09:26+00:00
barttorvik-2026-2899,Eunique Rink,Hampton,La Salle,,2026,False,Portal committed,2026-07-11T12:09:26+00:00
barttorvik-2026-110,Evan Anderson,South Dakota,Augustana,,2026,False,Portal committed,2026-07-11T12:09:26+00:00
barttorvik-2026-341,Evan Boisdur,Grand Canyon,Abilene Christian,,2026,False,Portal committed,2026-07-11T12:09:26+00:00
barttorvik-2026-607,Evan Chatman,UAB,Baylor,,2026,False,Portal committed,2026-07-11T12:09:26+00:00
barttorvik-2026-1478,Evan Haywood,Butler,Pepperdine,,2026,False,Portal committed,2026-07-11T12:09:26+00:00
barttorvik-2026-1661,Evan Jackson,Pittsburg State,Non-DI,,2026,False,Portal committed,2026-07-11T12:09:26+00:00
barttorvik-2026-1863,Evan Kilminster,USC Beaufort,Hawaii Pacific,,2026,False,Portal committed,2026-07-11T12:09:26+00:00
barttorvik-2026-2598,Evan Otten,Idaho St.,Arizona,,2026,False,Portal committed,2026-07-11T12:09:26+00:00
barttorvik-2026-2830,Evan Ramsey,UVA Wise,Wofford,,2026,False,Portal committed,2026-07-11T12:09:26+00:00
barttorvik-2026-3234,Ewan Steele,Idaho,Stonehill,,2026,False,Portal committed,2026-07-11T12:09:26+00:00
barttorvik-2026-3710,Exavier Wilson,Kansas St.,Akron,,2026,False,Portal committed,2026-07-11T12:09:26+00:00
barttorvik-2026-1414,Eyal Harel,Pacific,Idaho St.,,2026,False,Portal committed,2026-07-11T12:09:26+00:00
barttorvik-2026-3507,Eze Wali,The Citadel,West Florida,,2026,False,Portal committed,2026-07-11T12:09:26+00:00
barttorvik-2026-2594,Fazl Oshodi,Southern,Marshall,,2026,False,Portal committed,2026-07-11T12:09:26+00:00
barttorvik-2026-2653,Felipe Patino,Southern Miss,Stonehill,,2026,False,Portal committed,2026-07-11T12:09:26+00:00
barttorvik-2026-1913,Felix Kossaras,Colorado,George Washington,,2026,False,Portal committed,2026-07-11T12:09:26+00:00
barttorvik-2026-1796,Filip Jovic,Auburn,UCLA,,2026,False,Portal committed,2026-07-11T12:09:26+00:00
barttorvik-2026-312,Finley Bizjack,Butler,West Virginia,,2026,False,Portal committed,2026-07-11T12:09:26+00:00
barttorvik-2026-507,Flash Burton,Rider,UMBC,,2026,False,Portal committed,2026-07-11T12:09:26+00:00
barttorvik-2026-302,Flory Bidunga,Kansas,Louisville,,2026,False,Portal committed,2026-07-11T12:09:26+00:00
barttorvik-2026-3683,Fontaine Williams,West Tex. A&M,Southeast Missouri St.,,2026,False,Portal committed,2026-07-11T12:09:26+00:00
barttorvik-2026-1143,Francis Folefac,Siena,Syracuse,,2026,False,Portal committed,2026-07-11T12:09:26+00:00
barttorvik-2026-1039,Franck Emmou,Texas St.,Tarleton St.,,2026,False,Portal committed,2026-07-11T12:09:26+00:00
barttorvik-2026-1856,Franck Kepnang,Washington,Kentucky,,2026,False,Portal committed,2026-07-11T12:09:26+00:00
barttorvik-2026-3092,Frankquon Sherman,Kennesaw St.,High Point,,2026,False,Portal committed,2026-07-11T12:09:26+00:00
barttorvik-2026-2973,Fraser Roxburgh,Manhattan,Washington St.,,2026,False,Portal committed,2026-07-11T12:09:26+00:00
barttorvik-2026-895,Freddie Dilione V,Penn St.,Georgia,,2026,False,Portal committed,2026-07-11T12:09:26+00:00
barttorvik-2026-3604,"Frederico Whitaker, Jr.",East Tennessee St.,Barton Community College,,2026,False,Portal committed,2026-07-11T12:09:26+00:00
barttorvik-2026-3299,Fredy-Salam Sylla,Arkansas St.,Southern Indiana,,2026,False,Portal committed,2026-07-11T12:09:26+00:00
barttorvik-2026-770,Gabe Cupps,Ohio St.,Illinois Chicago,,2026,False,Portal committed,2026-07-11T12:09:26+00:00
barttorvik-2026-975,Gabe Dynes,USC,Louisville,,2026,False,Portal committed,2026-07-11T12:09:26+00:00
barttorvik-2026-1501,Gabe Hernandez,The Citadel,Florida Southern,,2026,False,Portal committed,2026-07-11T12:09:26+00:00
barttorvik-2026-2561,Gabe Oldham,Denver,Drake,,2026,False,Portal committed,2026-07-11T12:09:26+00:00
barttorvik-2026-3545,Gabe Warren,Holy Cross,New Mexico St.,,2026,False,Portal committed,2026-07-11T12:09:26+00:00
barttorvik-2026-1958,Gage Lattimore,North Carolina Central,James Madison,,2026,False,Portal committed,2026-07-11T12:09:26+00:00
barttorvik-2026-1086,Garrett Falls,Metro State,UT Tyler,,2026,False,Portal committed,2026-07-11T12:09:26+00:00
barttorvik-2026-1721,Garrett Johnson,George Washington,South Florida,,2026,False,Portal committed,2026-07-11T12:09:26+00:00
barttorvik-2026-2516,Garrett Nuckolls,Portland,UT Tyler,,2026,False,Portal committed,2026-07-11T12:09:26+00:00
barttorvik-2026-3285,Garrett Sundra,Notre Dame,James Madison,,2026,False,Portal committed,2026-07-11T12:09:26+00:00
barttorvik-2026-948,Garwey Dual,McNeese St.,Syracuse,,2026,False,Portal committed,2026-07-11T12:09:26+00:00
barttorvik-2026-1900,Gasper Kocevar,Fresno St.,Howard,,2026,False,Portal committed,2026-07-11T12:09:26+00:00
barttorvik-2026-730,Gavin Cote,Clarion,Barry,,2026,False,Portal committed,2026-07-11T12:09:26+00:00
barttorvik-2026-936,Gavin Doty,Siena,Syracuse,,2026,False,Portal committed,2026-07-11T12:09:26+00:00
barttorvik-2026-1509,Gavin Hightower,South Florida,Providence,,2026,False,Portal committed,2026-07-11T12:09:26+00:00
barttorvik-2026-2148,Gavin Marrs,Oregon St.,Saint Joseph's,,2026,False,Portal committed,2026-07-11T12:09:26+00:00
barttorvik-2026-2901,Gavin Ripp,San Diego,Pacific,,2026,False,Portal committed,2026-07-11T12:09:26+00:00
barttorvik-2026-3298,Gavin Sykes,Long Beach St.,TCU,,2026,False,Portal committed,2026-07-11T12:09:26+00:00
barttorvik-2026-2509,Gehrig Normand,Santa Clara,SMU,,2026,False,Portal committed,2026-07-11T12:09:26+00:00
barttorvik-2026-1866,George Kimble III,Vanderbilt,Auburn,,2026,False,Portal committed,2026-07-11T12:09:26+00:00
barttorvik-2026-2452,George Natsvlishvili,North Dakota,Winthrop,,2026,False,Portal committed,2026-07-11T12:09:26+00:00
barttorvik-2026-2016,Gestin Liberis,Saint Francis,SIU Edwardsville,,2026,False,Portal committed,2026-07-11T12:09:26+00:00
barttorvik-2026-669,Gianni Cobb,Northern Illinois,SIU Edwardsville,,2026,False,Portal committed,2026-07-11T12:09:26+00:00
barttorvik-2026-3419,Ginuwine Tropnas,Lincoln PA,Gardner Webb,,2026,False,Portal committed,2026-07-11T12:09:26+00:00
barttorvik-2026-3025,Gio Sanford,Bryant,Southeastern Louisiana,,2026,False,Portal committed,2026-07-11T12:09:26+00:00
barttorvik-2026-2520,Godslove Nwabude,Eastern Michigan,Kent St.,,2026,False,Portal committed,2026-07-11T12:09:26+00:00
barttorvik-2026-1283,Grant Gondrezick II,Long Beach St.,Jacksonville St.,,2026,False,Portal committed,2026-07-11T12:09:26+00:00
barttorvik-2026-2832,Grant Randall,Quinnipiac,Dayton,,2026,False,Portal committed,2026-07-11T12:09:26+00:00
barttorvik-2026-3207,Gregory Spate,Chicago St.,Benedictine Mesa,,2026,False,Portal committed,2026-07-11T12:09:26+00:00
barttorvik-2026-2802,Greyson Pritzl,Lander,Indiana St.,,2026,False,Portal committed,2026-07-11T12:09:26+00:00
barttorvik-2026-3447,Greyson Uelmen,North Dakota,Northern Iowa,,2026,False,Portal committed,2026-07-11T12:09:26+00:00
barttorvik-2026-400,Grgur Brcic,Bucknell,Long Beach St.,,2026,False,Portal committed,2026-07-11T12:09:26+00:00
barttorvik-2026-1060,Gus Etchison,Idaho St.,IU Indy,,2026,False,Portal committed,2026-07-11T12:09:26+00:00
barttorvik-2026-3725,Gustav Winther,Northern Illinois,Evansville,,2026,False,Portal committed,2026-07-11T12:09:26+00:00
barttorvik-2026-977,Halvine Dzellat,Cincinnati,Seattle,,2026,False,Portal committed,2026-07-11T12:09:26+00:00
barttorvik-2026-2860,Harrison Reede,Incarnate Word,Buffalo,,2026,False,Portal committed,2026-07-11T12:09:26+00:00
barttorvik-2026-3553,Hassan Washington,Northern Illinois,Grambling St.,,2026,False,Portal committed,2026-07-11T12:09:26+00:00
barttorvik-2026-1708,Hayden Johns,Saint Anselm,Vermont,,2026,False,Portal committed,2026-07-11T12:09:26+00:00
barttorvik-2026-1959,Henry Lau,Pittsburgh,Long Beach St.,,2026,False,Portal committed,2026-07-11T12:09:26+00:00
barttorvik-2026-3134,Henry Sisemore,East Tennessee St.,UT Tyler,,2026,False,Portal committed,2026-07-11T12:09:26+00:00
barttorvik-2026-483,Heri Bukinga,Drake,Nebraska Omaha,,2026,False,Portal committed,2026-07-11T12:09:26+00:00
barttorvik-2026-1902,Hermann Koffi,Stonehill,Appalachian St.,,2026,False,Portal committed,2026-07-11T12:09:26+00:00
barttorvik-2026-2737,Holden Pierre-Louis,Cleveland St.,Quinnipiac,,2026,False,Portal committed,2026-07-11T12:09:26+00:00
barttorvik-2026-3111,Horace Simmons,Drexel,Rider,,2026,False,Portal committed,2026-07-11T12:09:26+00:00
barttorvik-2026-792,Houran Dan,Seattle,Hawaii,,2026,False,Portal committed,2026-07-11T12:09:26+00:00
barttorvik-2026-2187,Hudson Mayes,UC San Diego,New Mexico,,2026,False,Portal committed,2026-07-11T12:09:26+00:00
barttorvik-2026-3540,Hudson Ward,Western Michigan,Idaho,,2026,False,Portal committed,2026-07-11T12:09:26+00:00
barttorvik-2026-24,Hunter Adam,Davidson,Portland,,2026,False,Portal committed,2026-07-11T12:09:26+00:00
barttorvik-2026-578,Hunter Carter,Hawaii,Nicholls St.,,2026,False,Portal committed,2026-07-11T12:09:26+00:00
barttorvik-2026-1406,Hunter Harding,Indiana St.,Elon,,2026,False,Portal committed,2026-07-11T12:09:26+00:00
barttorvik-2026-2056,Hunter Lorenson,Minnesota Crookston,Rockhurst,,2026,False,Portal committed,2026-07-11T12:09:26+00:00
barttorvik-2026-3043,Hunter Schenck,Utah Tech,Salt Lake Community College,,2026,False,Portal committed,2026-07-11T12:09:26+00:00
barttorvik-2026-1030,Hussein Elmaraghy,Ferris State,Black Hills St.,,2026,False,Portal committed,2026-07-11T12:09:26+00:00
barttorvik-2026-1081,IJ Ezuma,Southern Miss,Bethune Cookman,,2026,False,Portal committed,2026-07-11T12:09:26+00:00
barttorvik-2026-3148,Ian Smikle,Tulsa,Northern Iowa,,2026,False,Portal committed,2026-07-11T12:09:26+00:00
barttorvik-2026-3196,Ibrahim Souare,Syracuse,Pittsburgh,,2026,False,Portal committed,2026-07-11T12:09:26+00:00
barttorvik-2026-3412,Ibrahima Traore,Utah,Morgan St.,,2026,False,Portal committed,2026-07-11T12:09:26+00:00
barttorvik-2026-1096,Ifaola Fawaz,Colorado,Florida Atlantic,,2026,False,Portal committed,2026-07-11T12:09:26+00:00
barttorvik-2026-3594,Ife West-Ingram,Albany,Jefferson,,2026,False,Portal committed,2026-07-11T12:09:26+00:00
barttorvik-2026-2706,Ifiok Peter,Western Illinois,Catawba,,2026,False,Portal committed,2026-07-11T12:09:26+00:00
barttorvik-2026-2306,Ilija Milijasevic,DePaul,Wright St.,,2026,False,Portal committed,2026-07-11T12:09:26+00:00
barttorvik-2026-3806,Imanuel Zorgvol,Youngstown St.,Hofstra,,2026,False,Portal committed,2026-07-11T12:09:26+00:00
barttorvik-2026-3278,Imran Suljanović,St. John's,New Mexico,,2026,False,Portal committed,2026-07-11T12:09:26+00:00
barttorvik-2026-352,Isaac Bonilla,Maine,American Int'l,,2026,False,Portal committed,2026-07-11T12:09:26+00:00
barttorvik-2026-464,Isaac Bruns,South Dakota,USC,,2026,False,Portal committed,2026-07-11T12:09:26+00:00
barttorvik-2026-595,Isaac Celiscar,Yale,Baylor,,2026,False,Portal committed,2026-07-11T12:09:26+00:00
barttorvik-2026-1126,Isaac Finlinson,Hawaii,Western Michigan,,2026,False,Portal committed,2026-07-11T12:09:26+00:00
barttorvik-2026-1228,Isaac Garrett,Oakland,High Point,,2026,False,Portal committed,2026-07-11T12:09:26+00:00
barttorvik-2026-1420,Isaac Harrell,Elon,Tarleton St.,,2026,False,Portal committed,2026-07-11T12:09:26+00:00
barttorvik-2026-2525,Isaac Nyakundi,Le Moyne,Augustana,,2026,False,Portal committed,2026-07-11T12:09:26+00:00
barttorvik-2026-14,Isaiah Abraham,Georgetown,Kansas St.,,2026,False,Portal committed,2026-07-11T12:09:26+00:00
barttorvik-2026-63,Isaiah Alexander,Minot St.,West Florida,,2026,False,Portal committed,2026-07-11T12:09:26+00:00
barttorvik-2026-204,Isaiah Barganier,Texas St.,Alabama St.,,2026,False,Portal committed,2026-07-11T12:09:26+00:00
barttorvik-2026-480,Isaiah Buckley,Shaw,North Carolina Central,,2026,False,Portal committed,2026-07-11T12:09:26+00:00
barttorvik-2026-683,Isaiah Coleman,Oklahoma St.,UTSA,,2026,False,Portal committed,2026-07-11T12:09:26+00:00
barttorvik-2026-1032,Isaiah Elohim,Florida Atlantic,Virginia Tech,,2026,False,Portal committed,2026-07-11T12:09:26+00:00
barttorvik-2026-1156,Isaiah Foster,Prairie View A&M,Wayland Baptist University,,2026,False,Portal committed,2026-07-11T12:09:26+00:00
barttorvik-2026-1715,Isaiah Johnson,Colorado,Texas,,2026,False,Portal committed,2026-07-11T12:09:26+00:00
barttorvik-2026-1754,Isaiah Johnson-Arigu,St. Thomas,Northern Iowa,,2026,False,Portal committed,2026-07-11T12:09:26+00:00
barttorvik-2026-2120,Isaiah Malone,Florida Gulf Coast,UCF,,2026,False,Portal committed,2026-07-11T12:09:26+00:00
barttorvik-2026-2136,Isaiah Manning,Sam Houston St.,Western Carolina,,2026,False,Portal committed,2026-07-11T12:09:26+00:00
barttorvik-2026-2198,Isaiah Mbeng,East Carolina,Elon,,2026,False,Portal committed,2026-07-11T12:09:26+00:00
barttorvik-2026-2267,Isaiah Medina,DePaul,Missouri St.,,2026,False,Portal committed,2026-07-11T12:09:26+00:00
barttorvik-2026-2333,Isaiah Miranda,LIU,Grambling St.,,2026,False,Portal committed,2026-07-11T12:09:26+00:00
barttorvik-2026-3079,Isaiah Shaw,Northern Arizona,Connecticut,,2026,False,Portal committed,2026-07-11T12:09:26+00:00
barttorvik-2026-3141,Isaiah Skinn,George Mason,Colgate,,2026,False,Portal committed,2026-07-11T12:09:26+00:00
barttorvik-2026-3244,Isaiah Stewart,Northern Illinois,Tennessee St.,,2026,False,Portal committed,2026-07-11T12:09:26+00:00
barttorvik-2026-3279,Isaiah Sullivan,Bridgeport,Delaware St.,,2026,False,Portal committed,2026-07-11T12:09:26+00:00
barttorvik-2026-3286,Isaiah Sutherland,East Tennessee St.,Green Bay,,2026,False,Portal committed,2026-07-11T12:09:26+00:00
barttorvik-2026-3296,Isaiah Sy,Oregon St.,San Diego St.,,2026,False,Portal committed,2026-07-11T12:09:26+00:00
barttorvik-2026-3482,Isaiah Vick,Wingate,Northwestern St.,,2026,False,Portal committed,2026-07-11T12:09:26+00:00
barttorvik-2026-3570,Isaiah Watts,Maryland,UTSA,,2026,False,Portal committed,2026-07-11T12:09:26+00:00
barttorvik-2026-1458,Isiah Harwell,Houston,Gonzaga,,2026,False,Portal committed,2026-07-11T12:09:26+00:00
barttorvik-2026-877,Ismaila Diagne,Gonzaga,San Francisco,,2026,False,Portal committed,2026-07-11T12:09:26+00:00
barttorvik-2026-2180,Ivan Matlekovic,North Carolina,Pacific,,2026,False,Portal committed,2026-07-11T12:09:26+00:00
barttorvik-2026-2651,Izaiah Pasha,Virginia Tech,Duquesne,,2026,False,Portal committed,2026-07-11T12:09:26+00:00
barttorvik-2026-1036,Izuchukwu Emelife,Lamar,Louisiana Tech,,2026,False,Portal committed,2026-07-11T12:09:26+00:00
barttorvik-2026-2896,J.C. Riley Jr.,Northwestern St.,Norfolk St.,,2026,False,Portal committed,2026-07-11T12:09:26+00:00
barttorvik-2026-1113,J.J. Ferrin,Wayne State (NE),Augustana,,2026,False,Portal committed,2026-07-11T12:09:26+00:00
barttorvik-2026-1168,J.J. Frakes,Oregon,Buffalo,,2026,False,Portal committed,2026-07-11T12:09:26+00:00
barttorvik-2026-1059,J.P. Estrella,Tennessee,Michigan,,2026,False,Portal committed,2026-07-11T12:09:26+00:00
barttorvik-2026-1669,J.R. Jacobs,Georgia Southwestern,Fairleigh Dickinson,,2026,False,Portal committed,2026-07-11T12:09:26+00:00
barttorvik-2026-1174,JB Frankel,Northeastern,Boston College,,2026,False,Portal committed,2026-07-11T12:09:26+00:00
barttorvik-2026-1841,JJ Kelly,Ohio,UTSA,,2026,False,Portal committed,2026-07-11T12:09:26+00:00
barttorvik-2026-2129,JJ Mandaquit,Washington,Arizona,,2026,False,Portal committed,2026-07-11T12:09:26+00:00
barttorvik-2026-2174,JJ Massaquoi,UMass Lowell,Southeastern Louisiana,,2026,False,Portal committed,2026-07-11T12:09:26+00:00
barttorvik-2026-2944,JT Rock,New Mexico,Kansas St.,,2026,False,Portal committed,2026-07-11T12:09:26+00:00
barttorvik-2026-2930,Ja'Corey Robinson,Austin Peay,Radford,,2026,False,Portal committed,2026-07-11T12:09:26+00:00
barttorvik-2026-2489,JaJuan Nicholls,Tennessee Tech,Southern Utah,,2026,False,Portal committed,2026-07-11T12:09:26+00:00
barttorvik-2026-796,JaVar Daniel,West Georgia,Tarleton St.,,2026,False,Portal committed,2026-07-11T12:09:26+00:00
barttorvik-2026-1133,Jabri Fitzpatrick,New Haven,Eastern Michigan,,2026,False,Portal committed,2026-07-11T12:09:26+00:00
barttorvik-2026-2132,Jac Mani,Fresno St.,Tarleton St.,,2026,False,Portal committed,2026-07-11T12:09:26+00:00
barttorvik-2026-411,Jacari Brim,Appalachian St.,N.C. State,,2026,False,Portal committed,2026-07-11T12:09:26+00:00
barttorvik-2026-2773,Jace Posey,TCU,UT Rio Grande Valley,,2026,False,Portal committed,2026-07-11T12:09:26+00:00
barttorvik-2026-3619,Jace Whiting,Weber St.,UTEP,,2026,False,Portal committed,2026-07-11T12:09:26+00:00
barttorvik-2026-807,Jack Daugherty,Illinois St.,Northern Illinois,,2026,False,Portal committed,2026-07-11T12:09:26+00:00
barttorvik-2026-989,Jack Edelen,Western Kentucky,Non-DI,,2026,False,Portal committed,2026-07-11T12:09:26+00:00
barttorvik-2026-1308,Jack Graham,New Hampshire,Marist,,2026,False,Portal committed,2026-07-11T12:09:26+00:00
barttorvik-2026-1815,Jack Karasinski,Bellarmine,Northwestern,,2026,False,Portal committed,2026-07-11T12:09:26+00:00
barttorvik-2026-2205,Jack McCaffery,Butler,Richmond,,2026,False,Portal committed,2026-07-11T12:09:26+00:00
barttorvik-2026-2265,Jack Medalie,Saint Anselm,Stonehill,,2026,False,Portal committed,2026-07-11T12:09:26+00:00
barttorvik-2026-2673,Jack Payne,Idaho,Long Beach St.,,2026,False,Portal committed,2026-07-11T12:09:26+00:00
barttorvik-2026-2849,Jack Reddick,Florida Gulf Coast,Central Missouri,,2026,False,Portal committed,2026-07-11T12:09:26+00:00
barttorvik-2026-2940,Jack Robison,Wisconsin,North Dakota St.,,2026,False,Portal committed,2026-07-11T12:09:26+00:00
barttorvik-2026-746,Jackson Crawford,Emory & Henry,Charleston Southern,,2026,False,Portal committed,2026-07-11T12:09:26+00:00
barttorvik-2026-1118,Jackson Fields,West Virginia,Georgia Tech,,2026,False,Portal committed,2026-07-11T12:09:26+00:00
barttorvik-2026-1202,Jackson Furman,Army,Southeastern Louisiana,,2026,False,Portal committed,2026-07-11T12:09:26+00:00
barttorvik-2026-1533,Jackson Holcombe,Utah Valley,Utah,,2026,False,Portal committed,2026-07-11T12:09:26+00:00
barttorvik-2026-1834,Jackson Keith,Butler,Davidson,,2026,False,Portal committed,2026-07-11T12:09:26+00:00
barttorvik-2026-2260,Jackson McVey,Georgia,Georgia Tech,,2026,False,Portal committed,2026-07-11T12:09:26+00:00
barttorvik-2026-2838,Jackson Rasmussen,Idaho,Oregon St.,,2026,False,Portal committed,2026-07-11T12:09:26+00:00
barttorvik-2026-3086,Jackson Shelstad,Oregon,Louisville,,2026,False,Portal committed,2026-07-11T12:09:26+00:00
barttorvik-2026-3142,Jackson Skipper,Vermont,Gardner Webb,,2026,False,Portal committed,2026-07-11T12:09:26+00:00
barttorvik-2026-3339,Jackson Thoele,Sul Ross St.,St. Edward's,,2026,False,Portal committed,2026-07-11T12:09:26+00:00
barttorvik-2026-199,Jacob Bannarbie,UNLV,Providence,,2026,False,Portal committed,2026-07-11T12:09:26+00:00
barttorvik-2026-394,Jacob Brandly,Queens,Molloy,,2026,False,Portal committed,2026-07-11T12:09:26+00:00
barttorvik-2026-800,Jacob Daniels,Lander,Wofford,,2026,False,Portal committed,2026-07-11T12:09:26+00:00
barttorvik-2026-802,Jacob Dar,Seton Hall,Rice,,2026,False,Portal committed,2026-07-11T12:09:26+00:00
barttorvik-2026-1203,Jacob Furphy,Connecticut,Boston College,,2026,False,Portal committed,2026-07-11T12:09:26+00:00
barttorvik-2026-1532,Jacob Hogarth,Gardner Webb,James Madison,,2026,False,Portal committed,2026-07-11T12:09:26+00:00
barttorvik-2026-2156,Jacob Martin,Alabama,SIU Edwardsville,,2026,False,Portal committed,2026-07-11T12:09:26+00:00
barttorvik-2026-2231,Jacob McFarland,Houston,Pacific,,2026,False,Portal committed,2026-07-11T12:09:26+00:00
barttorvik-2026-2290,Jacob Meyer,UAB,Georgia St.,,2026,False,Portal committed,2026-07-11T12:09:26+00:00
barttorvik-2026-2655,Jacob Patrick,Utah,SMU,,2026,False,Portal committed,2026-07-11T12:09:26+00:00
barttorvik-2026-3335,Jacob Theodosiou,Loyola MD,Duke,,2026,False,Portal committed,2026-07-11T12:09:26+00:00
barttorvik-2026-3512,Jacob Walker,Sam Houston St.,Oklahoma St.,,2026,False,Portal committed,2026-07-11T12:09:26+00:00
barttorvik-2026-3622,Jacobe Whitted,Tennessee Tech,North Alabama,,2026,False,Portal committed,2026-07-11T12:09:26+00:00
barttorvik-2026-1516,Jacoby Hill,Jacksonville St.,Kennesaw St.,,2026,False,Portal committed,2026-07-11T12:09:26+00:00
barttorvik-2026-1607,Jacoi Hutchinson,Longwood,Troy,,2026,False,Portal committed,2026-07-11T12:09:26+00:00
barttorvik-2026-1179,Jacolb Fredson-Cole,McNeese St.,Georgia St.,,2026,False,Portal committed,2026-07-11T12:09:26+00:00
barttorvik-2026-810,Jaden Daughtry,Richmond,Stony Brook,,2026,False,Portal committed,2026-07-11T12:09:26+00:00
barttorvik-2026-1370,Jaden Haire,Texas A&M Corpus Chris,Cal State Los Angeles,,2026,False,Portal committed,2026-07-11T12:09:26+00:00
barttorvik-2026-1646,Jaden Jackson,South Dakota St.,Georgia St.,,2026,False,Portal committed,2026-07-11T12:09:26+00:00
barttorvik-2026-1844,Jaden Kempson,Albany,Florida A&M,,2026,False,Portal committed,2026-07-11T12:09:26+00:00
barttorvik-2026-2179,Jaden Matingou,Point Loma,Hawaii,,2026,False,Portal committed,2026-07-11T12:09:26+00:00
barttorvik-2026-2320,Jaden Miller,East Central,Eastern Illinois,,2026,False,Portal committed,2026-07-11T12:09:26+00:00
barttorvik-2026-2480,Jaden Newell,Georgia,Jacksonville,,2026,False,Portal committed,2026-07-11T12:09:26+00:00
barttorvik-2026-3049,Jaden Schutt,Virginia Tech,Kansas St.,,2026,False,Portal committed,2026-07-11T12:09:26+00:00
barttorvik-2026-3164,Jaden Smith,Saint Joseph's,Ball St.,,2026,False,Portal committed,2026-07-11T12:09:26+00:00
barttorvik-2026-3328,Jaden Tengan,Cal State Monterey Bay,Long Beach St.,,2026,False,Portal committed,2026-07-11T12:09:26+00:00
barttorvik-2026-3723,Jaden Winston,Manhattan,Pacific,,2026,False,Portal committed,2026-07-11T12:09:26+00:00
barttorvik-2026-3802,Jaden Zimmerman,Quinnipiac,Grand Canyon,,2026,False,Portal committed,2026-07-11T12:09:26+00:00
barttorvik-2026-1755,Jadis Jones,Lindenwood,USC,,2026,False,Portal committed,2026-07-11T12:09:26+00:00
barttorvik-2026-2434,Jaeden Mustaf,Georgia Tech,Indiana,,2026,False,Portal committed,2026-07-11T12:09:26+00:00
barttorvik-2026-2917,Jaeden Roberts,Hofstra,Western Carolina,,2026,False,Portal committed,2026-07-11T12:09:26+00:00
barttorvik-2026-432,Jaedyn Brown,Idaho St.,Saint Martin's,,2026,False,Portal committed,2026-07-11T12:09:26+00:00
barttorvik-2026-2160,Jael Martin,Loyola Marymount,Cal St. Northridge,,2026,False,Portal committed,2026-07-11T12:09:26+00:00
barttorvik-2026-2476,Jaelen Nelson,Edward Waters,Denver,,2026,False,Portal committed,2026-07-11T12:09:26+00:00
barttorvik-2026-1980,Jaelyn Lee,Texas St.,Prairie View A&M,,2026,False,Portal committed,2026-07-11T12:09:26+00:00
barttorvik-2026-88,Jaevian Alston,Mount Olive,Coastal Carolina,,2026,False,Portal committed,2026-07-11T12:09:26+00:00
barttorvik-2026-2162,Jafeth Martinez,USC Upstate,UT Rio Grande Valley,,2026,False,Portal committed,2026-07-11T12:09:26+00:00
barttorvik-2026-2675,Jah'Kim Payne,Tennessee Tech,Clark Atlanta,,2026,False,Portal committed,2026-07-11T12:09:26+00:00
barttorvik-2026-1873,Jah'Likai King,UMBC,Little Rock,,2026,False,Portal committed,2026-07-11T12:09:26+00:00
barttorvik-2026-2047,Jahari Long,George Mason,Wichita St.,,2026,False,Portal committed,2026-07-11T12:09:26+00:00
barttorvik-2026-3699,Jahari Williamson,Kent St.,Pepperdine,,2026,False,Portal committed,2026-07-11T12:09:26+00:00
barttorvik-2026-1353,Jahki Gupton,Saint Peter's,Norfolk St.,,2026,False,Portal committed,2026-07-11T12:09:26+00:00
barttorvik-2026-1577,Jahki Howard,Utah,LIU,,2026,False,Portal committed,2026-07-11T12:09:26+00:00
barttorvik-2026-1103,Jahseem Felton,Seton Hall,Alcorn St.,,2026,False,Portal committed,2026-07-11T12:09:26+00:00
barttorvik-2026-124,Jai Anthoni Bearden,Ball St.,Casper College,,2026,False,Portal committed,2026-07-11T12:09:26+00:00
barttorvik-2026-2483,Jakai Newton,Georgia St.,UMass Lowell,,2026,False,Portal committed,2026-07-11T12:09:26+00:00
barttorvik-2026-3017,Jakai Sanders,Le Moyne,Monmouth,,2026,False,Portal committed,2026-07-11T12:09:26+00:00
barttorvik-2026-1114,Jake Fiegen,Cornell,Villanova,,2026,False,Portal committed,2026-07-11T12:09:26+00:00
barttorvik-2026-1396,Jake Hansen,Oklahoma,Milwaukee,,2026,False,Portal committed,2026-07-11T12:09:26+00:00
barttorvik-2026-3505,Jake Wahlin,Clemson,BYU,,2026,False,Portal committed,2026-07-11T12:09:26+00:00
barttorvik-2026-3633,Jake Wilkins,Georgia,California,,2026,False,Portal committed,2026-07-11T12:09:26+00:00
barttorvik-2026-2781,Jakel Powell,UNC Asheville,Lander,,2026,False,Portal committed,2026-07-11T12:09:26+00:00
barttorvik-2026-2469,Jakub Necas,Duquesne,South Carolina,,2026,False,Portal committed,2026-07-11T12:09:26+00:00
barttorvik-2026-2068,Jaland Lowe,Kentucky,Georgetown,,2026,False,Portal committed,2026-07-11T12:09:26+00:00
barttorvik-2026-457,Jalen Brown,Cal St. Dominguez Hills,Montana,,2026,False,Portal committed,2026-07-11T12:09:26+00:00
barttorvik-2026-738,Jalen Cox,Colgate,USC,,2026,False,Portal committed,2026-07-11T12:09:26+00:00
barttorvik-2026-1336,Jalen Griffith,Western Michigan,Eastern Washington,,2026,False,Portal committed,2026-07-11T12:09:26+00:00
barttorvik-2026-1402,Jalen Haralson,Notre Dame,Tennessee,,2026,False,Portal committed,2026-07-11T12:09:26+00:00
barttorvik-2026-1475,Jalen Haynes,Cincinnati,Dayton,,2026,False,Portal committed,2026-07-11T12:09:26+00:00
barttorvik-2026-1978,Jalen Lee,Southern Utah,Clark Atlanta,,2026,False,Portal committed,2026-07-11T12:09:26+00:00
barttorvik-2026-2752,Jalen Pitre,Tennessee St.,Buffalo,,2026,False,Portal committed,2026-07-11T12:09:26+00:00
barttorvik-2026-2852,Jalen Reece,LSU,Texas A&M,,2026,False,Portal committed,2026-07-11T12:09:26+00:00
barttorvik-2026-2854,Jalen Reed,LSU,Michigan,,2026,False,Portal committed,2026-07-11T12:09:26+00:00
barttorvik-2026-3085,Jalen Shelley,Loyola Marymount,Texas A&M,,2026,False,Portal committed,2026-07-11T12:09:26+00:00
barttorvik-2026-962,Jalik Dunkley,Nicholls St.,Robert Morris,,2026,False,Portal committed,2026-07-11T12:09:26+00:00
barttorvik-2026-292,Jalil Bethea,Alabama,Pittsburgh,,2026,False,Portal committed,2026-07-11T12:09:26+00:00
barttorvik-2026-1210,Jalyke Gaines-Wyatt,Hampton,Southern Miss,,2026,False,Portal committed,2026-07-11T12:09:26+00:00
barttorvik-2026-1101,Jamai Felt,Temple,Little Rock,,2026,False,Portal committed,2026-07-11T12:09:26+00:00
barttorvik-2026-2304,Jamal Miles,South Carolina St.,Salisbury University,,2026,False,Portal committed,2026-07-11T12:09:26+00:00
barttorvik-2026-2227,Jamari McDowell,Kansas,Wake Forest,,2026,False,Portal committed,2026-07-11T12:09:26+00:00
barttorvik-2026-2725,Jamari Phillips,Oregon,Washington St.,,2026,False,Portal committed,2026-07-11T12:09:26+00:00
barttorvik-2026-644,Jamaria Clark,UMKC,Nebraska Kearney,,2026,False,Portal committed,2026-07-11T12:09:26+00:00
barttorvik-2026-837,Jamarion Davis-Fleming,Mississippi St.,Alabama,,2026,False,Portal committed,2026-07-11T12:09:26+00:00
barttorvik-2026-2386,Jameel Morris,Alcorn St.,Bethune Cookman,,2026,False,Portal committed,2026-07-11T12:09:26+00:00
barttorvik-2026-2891,Jameel Rideout,North Georgia,Lander,,2026,False,Portal committed,2026-07-11T12:09:26+00:00
barttorvik-2026-3588,Jameel Wesley II,Henderson St.,UT Tyler,,2026,False,Portal committed,2026-07-11T12:09:26+00:00
barttorvik-2026-440,James Brown,North Carolina,Howard,,2026,False,Portal committed,2026-07-11T12:09:26+00:00
barttorvik-2026-1062,James Evans Jr.,Cal St. Northridge,UC Riverside,,2026,False,Portal committed,2026-07-11T12:09:26+00:00
barttorvik-2026-2393,James Morrow,South Carolina St.,Jacksonville,,2026,False,Portal committed,2026-07-11T12:09:26+00:00
barttorvik-2026-2500,James Nnaji,Baylor,George Mason,,2026,False,Portal committed,2026-07-11T12:09:26+00:00
barttorvik-2026-3058,James Scott,Mississippi,Georgia,,2026,False,Portal committed,2026-07-11T12:09:26+00:00
barttorvik-2026-3215,James Spencer III,Sioux Falls,Purdue Northwest,,2026,False,Portal committed,2026-07-11T12:09:26+00:00
barttorvik-2026-1805,"Jamie Kaiser, Jr.",Butler,Richmond,,2026,False,Portal committed,2026-07-11T12:09:26+00:00
barttorvik-2026-2722,Jamie Phillips Jr.,Stetson,Jacksonville,,2026,False,Portal committed,2026-07-11T12:09:26+00:00
barttorvik-2026-1763,Jamier Jones,Providence,Missouri,,2026,False,Portal committed,2026-07-11T12:09:26+00:00
barttorvik-2026-2308,Jamil Miller,Kennesaw St.,Eastern Washington,,2026,False,Portal committed,2026-07-11T12:09:26+00:00
barttorvik-2026-3484,Jan Vide,Loyola Marymount,Virginia,,2026,False,Portal committed,2026-07-11T12:09:26+00:00
barttorvik-2026-2841,Janusz Ratowski,Stetson,UTEP,,2026,False,Portal committed,2026-07-11T12:09:26+00:00
barttorvik-2026-2403,Japhet Moupadele,San Jose St.,Youngstown St.,,2026,False,Portal committed,2026-07-11T12:09:26+00:00
barttorvik-2026-1728,Jaquan Johnson,Bradley,Iowa St.,,2026,False,Portal committed,2026-07-11T12:09:26+00:00
barttorvik-2026-2834,Jaquay Randolph,Southern Wesleyan,Portland St.,,2026,False,Portal committed,2026-07-11T12:09:26+00:00
barttorvik-2026-287,Jared Berry,Embry-Riddle (FL),Nova Southeastern,,2026,False,Portal committed,2026-07-11T12:09:26+00:00
barttorvik-2026-1186,Jared Frey,UMass Lowell,Hawaii Pacific,,2026,False,Portal committed,2026-07-11T12:09:26+00:00
barttorvik-2026-1425,Jared Harris,Wyoming,Prairie View A&M,,2026,False,Portal committed,2026-07-11T12:09:26+00:00
barttorvik-2026-2396,Jaren Morton,Franklin Pierce,Southern Wesleyan,,2026,False,Portal committed,2026-07-11T12:09:26+00:00
barttorvik-2026-1033,Jarne Elouna Eyenga,Charlotte,Rice,,2026,False,Portal committed,2026-07-11T12:09:26+00:00
barttorvik-2026-2303,Jasai Miles,Indiana,Loyola Marymount,,2026,False,Portal committed,2026-07-11T12:09:26+00:00
barttorvik-2026-653,Jason Clarke Jr.,Appalachian St.,IU Indy,,2026,False,Portal committed,2026-07-11T12:09:26+00:00
barttorvik-2026-946,Jason Drake,Indiana,Temple,,2026,False,Portal committed,2026-07-11T12:09:26+00:00
barttorvik-2026-1147,Jason Fontenet II,UC Santa Barbara,Rhode Island,,2026,False,Portal committed,2026-07-11T12:09:26+00:00
barttorvik-2026-1867,Jason Kimbrough Jr.,Bowling Green,Texas Southern,,2026,False,Portal committed,2026-07-11T12:09:26+00:00
barttorvik-2026-2909,Jason Rivera-Torres,Monmouth,High Point,,2026,False,Portal committed,2026-07-11T12:09:26+00:00
barttorvik-2026-3047,Jason Schofield,Marist,Loyola Chicago,,2026,False,Portal committed,2026-07-11T12:09:26+00:00
barttorvik-2026-1722,Jasper Johnson,Kentucky,Oregon,,2026,False,Portal committed,2026-07-11T12:09:26+00:00
barttorvik-2026-477,Javan Buchanan,Boise St.,West Virginia,,2026,False,Portal committed,2026-07-11T12:09:26+00:00
barttorvik-2026-997,Javante Edwards,Canisius,Alabama A&M,,2026,False,Portal committed,2026-07-11T12:09:26+00:00
barttorvik-2026-676,Javen Colbert,Troy,Odessa College,,2026,False,Portal committed,2026-07-11T12:09:26+00:00
barttorvik-2026-1358,Javion Guy-King,Central Arkansas,Ball St.,,2026,False,Portal committed,2026-07-11T12:09:26+00:00
barttorvik-2026-10,Jax Abernathy,Trevecca Nazarene,Alabama Huntsville,,2026,False,Portal committed,2026-07-11T12:09:26+00:00
barttorvik-2026-993,Jaxon Edwards,IU Indy,Green Bay,,2026,False,Portal committed,2026-07-11T12:09:26+00:00
barttorvik-2026-2573,Jaxon Olvera,Louisiana,Portland,,2026,False,Portal committed,2026-07-11T12:09:26+00:00
barttorvik-2026-2632,Jaxon Pardon,Bowling Green,Indiana Institute of Technology,,2026,False,Portal committed,2026-07-11T12:09:26+00:00
barttorvik-2026-2807,Jaxon Prunty,Charleston,Western Carolina,,2026,False,Portal committed,2026-07-11T12:09:26+00:00
barttorvik-2026-3174,Jaxon Smith,Fort Lewis,Black Hills St.,,2026,False,Portal committed,2026-07-11T12:09:26+00:00
barttorvik-2026-256,Jaxson Bell,Army,Furman,,2026,False,Portal committed,2026-07-11T12:09:26+00:00
barttorvik-2026-1149,Jaxson Ford,Sam Houston St.,East Texas A&M,,2026,False,Portal committed,2026-07-11T12:09:26+00:00
barttorvik-2026-2945,Jay Rodgers,Central Connecticut,Penn St.,,2026,False,Portal committed,2026-07-11T12:09:26+00:00
barttorvik-2026-2963,Jay Rose,Pitt.-Johnstown,Slippery Rock,,2026,False,Portal committed,2026-07-11T12:09:26+00:00
barttorvik-2026-3516,Jayan Walker,Indiana St.,Alcorn St.,,2026,False,Portal committed,2026-07-11T12:09:26+00:00
barttorvik-2026-713,Jayden Cooper,South Alabama,East Tennessee St.,,2026,False,Portal committed,2026-07-11T12:09:26+00:00
barttorvik-2026-787,Jayden Daisy,California (PA),Mount Olive,,2026,False,Portal committed,2026-07-11T12:09:26+00:00
barttorvik-2026-1153,Jayden Forsythe,West Virginia,William & Mary,,2026,False,Portal committed,2026-07-11T12:09:26+00:00
barttorvik-2026-1154,Jayden Fort,Georgetown,Charlotte,,2026,False,Portal committed,2026-07-11T12:09:26+00:00
barttorvik-2026-1424,Jayden Harris,Eastern Kentucky,UMass Lowell,,2026,False,Portal committed,2026-07-11T12:09:26+00:00
barttorvik-2026-1461,Jayden Hastings,Boston College,Cincinnati,,2026,False,Portal committed,2026-07-11T12:09:26+00:00
barttorvik-2026-1712,Jayden Johnson,South Carolina St.,Bowling Green,,2026,False,Portal committed,2026-07-11T12:09:26+00:00
barttorvik-2026-2867,Jayden Reid,Northwestern,Memphis,,2026,False,Portal committed,2026-07-11T12:09:26+00:00
barttorvik-2026-3323,Jayden Teat,Sacramento St.,Le Moyne,,2026,False,Portal committed,2026-07-11T12:09:26+00:00
barttorvik-2026-3443,Jayden Tyler,Wofford,Youngstown St.,,2026,False,Portal committed,2026-07-11T12:09:26+00:00
barttorvik-2026-3566,Jayden Watson,Valparaiso,Northwood,,2026,False,Portal committed,2026-07-11T12:09:26+00:00
barttorvik-2026-3658,Jayden Williams,Incarnate Word,Jackson St.,,2026,False,Portal committed,2026-07-11T12:09:26+00:00
barttorvik-2026-677,Jaydon Cole,Mercer,Coastal Georgia,,2026,False,Portal committed,2026-07-11T12:09:26+00:00
barttorvik-2026-2450,Jaye Nash,Jacksonville St.,Connecticut,,2026,False,Portal committed,2026-07-11T12:09:26+00:00
barttorvik-2026-560,Jaylen Carey,Tennessee,Missouri,,2026,False,Portal committed,2026-07-11T12:09:26+00:00
barttorvik-2026-754,Jaylen Cross,Wake Forest,Coastal Carolina,,2026,False,Portal committed,2026-07-11T12:09:26+00:00
barttorvik-2026-771,Jaylen Curry,Oklahoma St.,Virginia Tech,,2026,False,Portal committed,2026-07-11T12:09:26+00:00
barttorvik-2026-1421,Jaylen Harrell,Providence,Washington St.,,2026,False,Portal committed,2026-07-11T12:09:26+00:00
barttorvik-2026-1774,Jaylen Jones,Jacksonville,Bethune Cookman,,2026,False,Portal committed,2026-07-11T12:09:26+00:00
barttorvik-2026-2684,Jaylen Pazon,VMI,Chicago St.,,2026,False,Portal committed,2026-07-11T12:09:26+00:00
barttorvik-2026-2717,Jaylen Petty,Texas Tech,UCLA,,2026,False,Portal committed,2026-07-11T12:09:26+00:00
barttorvik-2026-2934,Jaylen Robinson,Richmond,Sacred Heart,,2026,False,Portal committed,2026-07-11T12:09:26+00:00
barttorvik-2026-3162,Jaylen Smith,East Tennessee St.,UMKC,,2026,False,Portal committed,2026-07-11T12:09:26+00:00
barttorvik-2026-3377,Jaylen Thompson,Stanford,Pacific,,2026,False,Portal committed,2026-07-11T12:09:26+00:00
barttorvik-2026-3549,Jaylen Washington,UT Rio Grande Valley,Western Michigan,,2026,False,Portal committed,2026-07-11T12:09:26+00:00
barttorvik-2026-3598,Jaylen Wharton,Northern Illinois,Prairie View A&M,,2026,False,Portal committed,2026-07-11T12:09:26+00:00
barttorvik-2026-1564,Jaylin Horsey,Goldey-Beacom,Pace,,2026,False,Portal committed,2026-07-11T12:09:26+00:00
barttorvik-2026-2674,Jaylin Payne,Longwood,FIU,,2026,False,Portal committed,2026-07-11T12:09:26+00:00
barttorvik-2026-3249,Jaylin Stewart,Connecticut,SMU,,2026,False,Portal committed,2026-07-11T12:09:26+00:00
barttorvik-2026-846,Jaylon Dean-Vines,Vanderbilt,McNeese St.,,2026,False,Portal committed,2026-07-11T12:09:26+00:00
barttorvik-2026-1910,Jayme Kontuniemi,N.C. State,Troy,,2026,False,Portal committed,2026-07-11T12:09:26+00:00
barttorvik-2026-2716,Jayson Petty,UMKC,Central Michigan,,2026,False,Portal committed,2026-07-11T12:09:26+00:00
barttorvik-2026-1418,Jaziah Harper,Maryland,North Dakota St.,,2026,False,Portal committed,2026-07-11T12:09:26+00:00
barttorvik-2026-1488,Jazz Henderson,Texas Tech,Ball St.,,2026,False,Portal committed,2026-07-11T12:09:26+00:00
barttorvik-2026-2029,Ja’Corey Lipkins,Purdue Fort Wayne,UNC Asheville,,2026,False,Portal committed,2026-07-11T12:09:26+00:00
barttorvik-2026-3790,Jean Yvens Lafleur,Tennessee St.,Louisiana Monroe,,2026,False,Portal committed,2026-07-11T12:09:26+00:00
barttorvik-2026-2521,Jeff Nwankwo,Oklahoma,Youngstown St.,,2026,False,Portal committed,2026-07-11T12:09:26+00:00
barttorvik-2026-2249,Jefferson McLamb,Mount Olive,Charleston Southern,,2026,False,Portal committed,2026-07-11T12:09:26+00:00
barttorvik-2026-1378,Jelani Hamilton,Georgia St.,Florida Atlantic,,2026,False,Portal committed,2026-07-11T12:09:26+00:00
barttorvik-2026-119,Jeremiah Anderson,Felician,Merrimack,,2026,False,Portal committed,2026-07-11T12:09:26+00:00
barttorvik-2026-617,Jeremiah Cherry,Sacramento St.,San Diego St.,,2026,False,Portal committed,2026-07-11T12:09:26+00:00
barttorvik-2026-932,Jeremiah Dorsey,Jefferson,Idaho St.,,2026,False,Portal committed,2026-07-11T12:09:26+00:00
barttorvik-2026-1301,Jeremiah Gorham,Chestnut Hill,Adelphi,,2026,False,Portal committed,2026-07-11T12:09:26+00:00
barttorvik-2026-1711,Jeremiah Johnson,Campbell,Tulsa,,2026,False,Portal committed,2026-07-11T12:09:26+00:00
barttorvik-2026-1782,Jeremiah Jones,Washburn,Lamar,,2026,False,Portal committed,2026-07-11T12:09:26+00:00
barttorvik-2026-2034,Jeremiah Littlejohn,Robert Morris,Indiana (PA),,2026,False,Portal committed,2026-07-11T12:09:26+00:00
barttorvik-2026-3634,Jeremiah Wilkinson,Georgia,Arkansas,,2026,False,Portal committed,2026-07-11T12:09:26+00:00
barttorvik-2026-662,Jeremy Clayville,NJIT,Le Moyne,,2026,False,Portal committed,2026-07-11T12:09:26+00:00
barttorvik-2026-1034,Jeremy Elyzee,Southeastern Louisiana,UAB,,2026,False,Portal committed,2026-07-11T12:09:26+00:00
barttorvik-2026-1161,Jeremy Foumena,UCF,UNLV,,2026,False,Portal committed,2026-07-11T12:09:26+00:00
barttorvik-2026-2057,Jeremy Lorenz,DePaul,St. Thomas,,2026,False,Portal committed,2026-07-11T12:09:26+00:00
barttorvik-2026-3365,Jeremy Thomas II,Clarion,Nova Southeastern,,2026,False,Portal committed,2026-07-11T12:09:26+00:00
barttorvik-2026-681,Jermaine Coleman,St. Thomas,Youngstown St.,,2026,False,Portal committed,2026-07-11T12:09:26+00:00
barttorvik-2026-3555,Jermaine Washington,San Jose St.,New Mexico St.,,2026,False,Portal committed,2026-07-11T12:09:26+00:00
barttorvik-2026-2395,Jerone Morton,Washington St.,Kentucky,,2026,False,Portal committed,2026-07-11T12:09:26+00:00
barttorvik-2026-3226,Jerquarius Stanback,Alabama St.,Boise St.,,2026,False,Portal committed,2026-07-11T12:09:26+00:00
barttorvik-2026-863,Jerry Deng,N.C. State,Memphis,,2026,False,Portal committed,2026-07-11T12:09:26+00:00
barttorvik-2026-984,Jerry Easter II,USC,Oregon,,2026,False,Portal committed,2026-07-11T12:09:26+00:00
barttorvik-2026-2262,Jesse Mcintosh,South Dakota,William & Mary,,2026,False,Portal committed,2026-07-11T12:09:26+00:00
barttorvik-2026-2360,Jett Montgomery,Southern Miss,Trevecca Nazarene,,2026,False,Portal committed,2026-07-11T12:09:26+00:00
barttorvik-2026-1519,Jevon Hill,Central Missouri,San Diego,,2026,False,Portal committed,2026-07-11T12:09:26+00:00
barttorvik-2026-1677,Jimma James,Queens,Southern,,2026,False,Portal committed,2026-07-11T12:09:26+00:00
barttorvik-2026-3649,Jimmie Williams,Duquesne,Ohio St.,,2026,False,Portal committed,2026-07-11T12:09:26+00:00
barttorvik-2026-1680,Jizzle James,Cincinnati,Charlotte,,2026,False,Portal committed,2026-07-11T12:09:26+00:00
barttorvik-2026-3460,Jo Van Buggenhout,Indiana St.,Sacred Heart,,2026,False,Portal committed,2026-07-11T12:09:26+00:00
barttorvik-2026-3527,JoJo Wallace,Southern New Hampshire,Sacred Heart,,2026,False,Portal committed,2026-07-11T12:09:26+00:00
barttorvik-2026-603,Joah Chappelle,Georgia St.,Indiana St.,,2026,False,Portal committed,2026-07-11T12:09:26+00:00
barttorvik-2026-806,Joao Das Chagas,UAB,Sacramento St.,,2026,False,Portal committed,2026-07-11T12:09:26+00:00
barttorvik-2026-1603,Joe Hurlburt,Davidson,The Citadel,,2026,False,Portal committed,2026-07-11T12:09:26+00:00
barttorvik-2026-1165,Joel Foxwell,Portland,Arizona St.,,2026,False,Portal committed,2026-07-11T12:09:26+00:00
barttorvik-2026-599,Joey Chammaa,Arkansas St.,San Jose St.,,2026,False,Portal committed,2026-07-11T12:09:26+00:00
barttorvik-2026-2417,Johan Munch,Oregon St.,SMU,,2026,False,Portal committed,2026-07-11T12:09:26+00:00
barttorvik-2026-166,John Awoke,Wagner,Morgan St.,,2026,False,Portal committed,2026-07-11T12:09:26+00:00
barttorvik-2026-317,John Blackwell,Wisconsin,Duke,,2026,False,Portal committed,2026-07-11T12:09:26+00:00
barttorvik-2026-425,John Broom,South Alabama,Vermont,,2026,False,Portal committed,2026-07-11T12:09:26+00:00
barttorvik-2026-1931,"John Laboy, II",Miami FL,Fordham,,2026,False,Portal committed,2026-07-11T12:09:26+00:00
barttorvik-2026-573,Jon Carroll,Morehead St.,Drake,,2026,False,Portal committed,2026-07-11T12:09:26+00:00
barttorvik-2026-2133,Jon Mani,Colorado,UNC Greensboro,,2026,False,Portal committed,2026-07-11T12:09:26+00:00
barttorvik-2026-2275,Jon Mekonnen,Colorado St.,South Dakota St.,,2026,False,Portal committed,2026-07-11T12:09:26+00:00
barttorvik-2026-1200,Jonah Funk,South Dakota,Upper Iowa,,2026,False,Portal committed,2026-07-11T12:09:26+00:00
barttorvik-2026-3133,Jonas Sirtautas,Loyola MD,Georgia St.,,2026,False,Portal committed,2026-07-11T12:09:26+00:00
barttorvik-2026-1339,Jonathan Griman,Cal Baptist,Arizona St.,,2026,False,Portal committed,2026-07-11T12:09:26+00:00
barttorvik-2026-2782,Jonathan Powell,North Carolina,Pittsburgh,,2026,False,Portal committed,2026-07-11T12:09:26+00:00
barttorvik-2026-321,Jordan Blair,CSU Pueblo,Missouri St.,,2026,False,Portal committed,2026-07-11T12:09:26+00:00
barttorvik-2026-410,Jordan Briggs,Wayne St. (MI),Detroit Mercy,,2026,False,Portal committed,2026-07-11T12:09:26+00:00
barttorvik-2026-437,Jordan Brown,UNC Greensboro,Southern Utah,,2026,False,Portal committed,2026-07-11T12:09:26+00:00
barttorvik-2026-495,Jordan Burks,UCF,Oklahoma St.,,2026,False,Portal committed,2026-07-11T12:09:26+00:00
barttorvik-2026-514,Jordan Butler,South Carolina,Furman,,2026,False,Portal committed,2026-07-11T12:09:26+00:00
barttorvik-2026-649,Jordan Clark,Central Washington,Montana,,2026,False,Portal committed,2026-07-11T12:09:26+00:00
barttorvik-2026-658,Jordan Clayton,Northwestern,Massachusetts,,2026,False,Portal committed,2026-07-11T12:09:26+00:00
barttorvik-2026-659,Jordan Clayton,California (PA),Chowan,,2026,False,Portal committed,2026-07-11T12:09:26+00:00
barttorvik-2026-742,Jordan Crawford,South Dakota,Missouri,,2026,False,Portal committed,2026-07-11T12:09:26+00:00
barttorvik-2026-1021,Jordan Ellerbee,Florida Gulf Coast,Butler,,2026,False,Portal committed,2026-07-11T12:09:26+00:00
barttorvik-2026-1190,Jordan Frison,Chattanooga,Wichita St.,,2026,False,Portal committed,2026-07-11T12:09:26+00:00
barttorvik-2026-2070,Jordan Lowery,UT Arlington,Cleveland St.,,2026,False,Portal committed,2026-07-11T12:09:26+00:00
barttorvik-2026-2149,Jordan Marsh,USC,Temple,,2026,False,Portal committed,2026-07-11T12:09:26+00:00
barttorvik-2026-2346,Jordan Mizell,Tarleton St.,Texas A&M Corpus Chris,,2026,False,Portal committed,2026-07-11T12:09:26+00:00
barttorvik-2026-2818,Jordan Pyke,Incarnate Word,Arkansas St.,,2026,False,Portal committed,2026-07-11T12:09:26+00:00
barttorvik-2026-2954,Jordan Rogers,NJIT,Denver,,2026,False,Portal committed,2026-07-11T12:09:26+00:00
barttorvik-2026-2967,Jordan Ross,Georgia,California,,2026,False,Portal committed,2026-07-11T12:09:26+00:00
barttorvik-2026-3252,Jordan Stiemke,Loyola MD,Jacksonville St.,,2026,False,Portal committed,2026-07-11T12:09:26+00:00
barttorvik-2026-3661,Jordan Williams,Rice,Maryland,,2026,False,Portal committed,2026-07-11T12:09:26+00:00
barttorvik-2026-957,Jordann Dumont,VCU,Tulane,,2026,False,Portal committed,2026-07-11T12:09:26+00:00
barttorvik-2026-423,Jorden Brooks,Central Michigan,Ferris State,,2026,False,Portal committed,2026-07-11T12:09:26+00:00
barttorvik-2026-2948,Jordi Rodriguez,Cincinnati,Charlotte,,2026,False,Portal committed,2026-07-11T12:09:26+00:00
barttorvik-2026-207,Jordy Barnes,Utah St.,Utah Valley,,2026,False,Portal committed,2026-07-11T12:09:26+00:00
barttorvik-2026-478,Jordyn Buchanan,California (PA),East Carolina,,2026,False,Portal committed,2026-07-11T12:09:26+00:00
barttorvik-2026-1825,Jordyn Kee,Miami FL,Radford,,2026,False,Portal committed,2026-07-11T12:09:26+00:00
barttorvik-2026-2915,Jose Roberto Tanchyn,UMBC,San Diego,,2026,False,Portal committed,2026-07-11T12:09:26+00:00
barttorvik-2026-78,Joseph Allen III,Bowie St.,Fayetteville St.,,2026,False,Portal committed,2026-07-11T12:09:26+00:00
barttorvik-2026-3053,Joseph Scott,Abilene Christian,Alabama St.,,2026,False,Portal committed,2026-07-11T12:09:26+00:00
barttorvik-2026-185,Josh Baldwin,Cornell,William & Mary,,2026,False,Portal committed,2026-07-11T12:09:26+00:00
barttorvik-2026-916,Josh Dixon,Milwaukee,Georgia Southern,,2026,False,Portal committed,2026-07-11T12:09:26+00:00
barttorvik-2026-1423,Josh Harris,Indiana,Florida Atlantic,,2026,False,Portal committed,2026-07-11T12:09:26+00:00
barttorvik-2026-1542,Josh Holloway,Texas A&M,Memphis,,2026,False,Portal committed,2026-07-11T12:09:26+00:00
barttorvik-2026-1544,Josh Holman,Mississippi Col.,West Va. Wesleyan,,2026,False,Portal committed,2026-07-11T12:09:26+00:00
barttorvik-2026-1617,Josh Ibukunoluwa,High Point,Bradley,,2026,False,Portal committed,2026-07-11T12:09:26+00:00
barttorvik-2026-2731,Josh Pickett,Presbyterian,LIU,,2026,False,Portal committed,2026-07-11T12:09:26+00:00
barttorvik-2026-3150,Josh Smith,West Georgia,Duquesne,,2026,False,Portal committed,2026-07-11T12:09:26+00:00
barttorvik-2026-3410,Josh Townley-Thomas,Creighton,South Dakota,,2026,False,Portal committed,2026-07-11T12:09:26+00:00
barttorvik-2026-791,Joshua Dalton,Loyola Marymount,Elon,,2026,False,Portal committed,2026-07-11T12:09:26+00:00
barttorvik-2026-1018,Joshua Eli,Army,Western Illinois,,2026,False,Portal committed,2026-07-11T12:09:26+00:00
barttorvik-2026-1586,Joshua Hughes,Evansville,USC,,2026,False,Portal committed,2026-07-11T12:09:26+00:00
barttorvik-2026-2005,Joshua Lewis,Louisiana,South Florida,,2026,False,Portal committed,2026-07-11T12:09:26+00:00
barttorvik-2026-3752,Joshua Wyche,Lafayette,VCU,,2026,False,Portal committed,2026-07-11T12:09:26+00:00
barttorvik-2026-1432,Josiah Harris,Cleveland St.,Louisiana,,2026,False,Portal committed,2026-07-11T12:09:26+00:00
barttorvik-2026-1972,Josiah LeGree,Morehead St.,UTSA,,2026,False,Portal committed,2026-07-11T12:09:26+00:00
barttorvik-2026-2636,Josiah Parker,Florida Atlantic,Georgetown,,2026,False,Portal committed,2026-07-11T12:09:26+00:00
barttorvik-2026-2996,Josiah Sabino,Niagara,Manhattan,,2026,False,Portal committed,2026-07-11T12:09:26+00:00
barttorvik-2026-3022,Josiah Sanders,Cal St. Dominguez Hills,Montana,,2026,False,Portal committed,2026-07-11T12:09:26+00:00
barttorvik-2026-3029,Joson Sanon,St. John's,West Virginia,,2026,False,Portal committed,2026-07-11T12:09:26+00:00
barttorvik-2026-1348,Josué Grullon,La Salle,Grambling St.,,2026,False,Portal committed,2026-07-11T12:09:26+00:00
barttorvik-2026-2522,Jothan Nweke,Wayne St. (MI),Old Dominion,,2026,False,Portal committed,2026-07-11T12:09:26+00:00
barttorvik-2026-2903,Jovan Ristić,Saint Anselm,UMBC,,2026,False,Portal committed,2026-07-11T12:09:26+00:00
barttorvik-2026-741,"Juan Cranford, Jr.",Eastern Kentucky,Bowling Green,,2026,False,Portal committed,2026-07-11T12:09:26+00:00
barttorvik-2026-1422,Juke Harris,Wake Forest,Tennessee,,2026,False,Portal committed,2026-07-11T12:09:26+00:00
barttorvik-2026-652,Julian Clarke,UNC Asheville,Barry,,2026,False,Portal committed,2026-07-11T12:09:26+00:00
barttorvik-2026-1280,Julien Gomez,UT Rio Grande Valley,Western Michigan,,2026,False,Portal committed,2026-07-11T12:09:26+00:00
barttorvik-2026-638,Julius Clark,Gardner Webb,North Alabama,,2026,False,Portal committed,2026-07-11T12:09:26+00:00
barttorvik-2026-1371,Julius Halaifonua,Georgetown,Oklahoma St.,,2026,False,Portal committed,2026-07-11T12:09:26+00:00
barttorvik-2026-3106,Junior Sileu,Western Michigan,Nicholls St.,,2026,False,Portal committed,2026-07-11T12:09:26+00:00
barttorvik-2026-3536,Junjie Wang,San Francisco,Massachusetts,,2026,False,Portal committed,2026-07-11T12:09:26+00:00
barttorvik-2026-917,Jurian Dixon,UC Irvine,Virginia,,2026,False,Portal committed,2026-07-11T12:09:26+00:00
barttorvik-2026-345,Justin Bolis,Nebraska,Nebraska Omaha,,2026,False,Portal committed,2026-07-11T12:09:26+00:00
barttorvik-2026-1543,Justin Holloway,UAB,Auburn Montgomery,,2026,False,Portal committed,2026-07-11T12:09:26+00:00
barttorvik-2026-1574,Justin Houser,Penn St.,Florida Gulf Coast,,2026,False,Portal committed,2026-07-11T12:09:26+00:00
barttorvik-2026-1734,Justin Johnson,Western Carolina,LIU,,2026,False,Portal committed,2026-07-11T12:09:26+00:00
barttorvik-2026-2203,Justin McBride,James Madison,Kentucky,,2026,False,Portal committed,2026-07-11T12:09:26+00:00
barttorvik-2026-2280,Justin Menard,Marist,Colorado St.,,2026,False,Portal committed,2026-07-11T12:09:26+00:00
barttorvik-2026-2354,Justin Monden,Maryland Eastern Shore,Indiana,,2026,False,Portal committed,2026-07-11T12:09:26+00:00
barttorvik-2026-2369,Justin Moore,Loyola Chicago,Hofstra,,2026,False,Portal committed,2026-07-11T12:09:26+00:00
barttorvik-2026-2471,Justin Neely,UNC Greensboro,Colorado,,2026,False,Portal committed,2026-07-11T12:09:26+00:00
barttorvik-2026-2679,Justin Payne,Young Harris,Morehead St.,,2026,False,Portal committed,2026-07-11T12:09:26+00:00
barttorvik-2026-2749,Justin Pippen,California,Ohio St.,,2026,False,Portal committed,2026-07-11T12:09:26+00:00
barttorvik-2026-2842,Justin Ray,Monmouth,Wake Forest,,2026,False,Portal committed,2026-07-11T12:09:26+00:00
barttorvik-2026-2850,Justin Redmond,Northwestern St.,West Georgia,,2026,False,Portal committed,2026-07-11T12:09:26+00:00
barttorvik-2026-1110,Justyn Fernandez,Delaware,UAB,,2026,False,Portal committed,2026-07-11T12:09:26+00:00
barttorvik-2026-2635,K'Jei Parker,Massachusetts,Ball St.,,2026,False,Portal committed,2026-07-11T12:09:26+00:00
barttorvik-2026-2702,K.J. Perry,BYU,Fresno St.,,2026,False,Portal committed,2026-07-11T12:09:26+00:00
barttorvik-2026-3718,K.J. Windham,Northwestern,James Madison,,2026,False,Portal committed,2026-07-11T12:09:26+00:00
barttorvik-2026-2936,K.K. Robinson,Little Rock,New Mexico St.,,2026,False,Portal committed,2026-07-11T12:09:26+00:00
barttorvik-2026-3451,KC Ugwuakazi,Merrimack,Robert Morris,,2026,False,Portal committed,2026-07-11T12:09:26+00:00
barttorvik-2026-1998,KJ Lewis,Georgetown,USC,,2026,False,Portal committed,2026-07-11T12:09:26+00:00
barttorvik-2026-2157,KJ Martin Jr.,Tulsa,San Jose St.,,2026,False,Portal committed,2026-07-11T12:09:26+00:00
barttorvik-2026-3329,KJ Tenner,Murray St.,UTSA,,2026,False,Portal committed,2026-07-11T12:09:26+00:00
barttorvik-2026-3345,KJ Thomas,UTEP,South Dakota,,2026,False,Portal committed,2026-07-11T12:09:26+00:00
barttorvik-2026-3785,KJ Younger,UNC Greensboro,Texas St.,,2026,False,Portal committed,2026-07-11T12:09:26+00:00
barttorvik-2026-2530,Kachi Nzeh,Little Rock,Delaware,,2026,False,Portal committed,2026-07-11T12:09:26+00:00
barttorvik-2026-712,Kaden Cooper,Louisiana Tech,East Carolina,,2026,False,Portal committed,2026-07-11T12:09:26+00:00
barttorvik-2026-1397,Kaden Hansen,Saint Martin's,Seattle,,2026,False,Portal committed,2026-07-11T12:09:26+00:00
barttorvik-2026-2100,Kaden Magwood,Auburn,Murray St.,,2026,False,Portal committed,2026-07-11T12:09:26+00:00
barttorvik-2026-2331,Kaden Minter,Concordia Irvine,Point Loma,,2026,False,Portal committed,2026-07-11T12:09:26+00:00
barttorvik-2026-3265,Kaden Stuckey,VMI,Le Moyne,,2026,False,Portal committed,2026-07-11T12:09:26+00:00
barttorvik-2026-296,Kadyn Betts,Montana,Nebraska,,2026,False,Portal committed,2026-07-11T12:09:26+00:00
barttorvik-2026-3349,Kaelin Thomas,Le Moyne,Webber International University,,2026,False,Portal committed,2026-07-11T12:09:26+00:00
barttorvik-2026-3128,Kahlil Singleton,Canisius,New Orleans,,2026,False,Portal committed,2026-07-11T12:09:26+00:00
barttorvik-2026-1545,Kahmare Holmes,Wofford,DePaul,,2026,False,Portal committed,2026-07-11T12:09:26+00:00
barttorvik-2026-3122,Kai Simpson,Thomas More,Northwestern St.,,2026,False,Portal committed,2026-07-11T12:09:26+00:00
barttorvik-2026-3788,Kai Yu,Bradley,Valparaiso,,2026,False,Portal committed,2026-07-11T12:09:26+00:00
barttorvik-2026-284,Kaia Berridge,Evansville,Cal State Monterey Bay,,2026,False,Portal committed,2026-07-11T12:09:26+00:00
barttorvik-2026-3609,Kaiden White,Marshall,Northwest Florida State College,,2026,False,Portal committed,2026-07-11T12:09:26+00:00
barttorvik-2026-2844,Kaidon Rayfield,UTSA,Northern Colorado,,2026,False,Portal committed,2026-07-11T12:09:26+00:00
barttorvik-2026-1921,Kajus Kublickas,Pacific,South Dakota,,2026,False,Portal committed,2026-07-11T12:09:26+00:00
barttorvik-2026-3157,Kaleb Smith,Grand Canyon,Long Beach St.,,2026,False,Portal committed,2026-07-11T12:09:26+00:00
barttorvik-2026-3213,Kaleb Spencer,William & Mary,Incarnate Word,,2026,False,Portal committed,2026-07-11T12:09:26+00:00
barttorvik-2026-128,Kalu Anya,Saint Louis,Virginia,,2026,False,Portal committed,2026-07-11T12:09:26+00:00
barttorvik-2026-503,Kam Burton,Stephen F. Austin,La Salle,,2026,False,Portal committed,2026-07-11T12:09:26+00:00
barttorvik-2026-643,Kam Clark,Queens,Houston Christian,,2026,False,Portal committed,2026-07-11T12:09:26+00:00
barttorvik-2026-2159,Kam Martin,Samford,Denver,,2026,False,Portal committed,2026-07-11T12:09:26+00:00
barttorvik-2026-2920,Kam Roberts,UVA Wise,Lincoln Memorial,,2026,False,Portal committed,2026-07-11T12:09:26+00:00
barttorvik-2026-1762,Kamari Jones,Cleveland St.,LIU,,2026,False,Portal committed,2026-07-11T12:09:26+00:00
barttorvik-2026-1145,Kameron Foman,Benedictine Mesa,Chicago St.,,2026,False,Portal committed,2026-07-11T12:09:26+00:00
barttorvik-2026-3311,Kameron Taylor,UNC Asheville,Florida St.,,2026,False,Portal committed,2026-07-11T12:09:26+00:00
barttorvik-2026-1535,Kanaan Holder,Arkansas–Fort Smith,Chaminade,,2026,False,Portal committed,2026-07-11T12:09:26+00:00
barttorvik-2026-3321,Kany Tchanda,Boston College,Longwood,,2026,False,Portal committed,2026-07-11T12:09:26+00:00
barttorvik-2026-3346,Kareem Thomas,Dartmouth,Seton Hall,,2026,False,Portal committed,2026-07-11T12:09:26+00:00
barttorvik-2026-2978,Karim Rtail,Arkansas,Campbell,,2026,False,Portal committed,2026-07-11T12:09:26+00:00
barttorvik-2026-1329,Karmani Gregory,USC Upstate,Indiana St.,,2026,False,Portal committed,2026-07-11T12:09:26+00:00
barttorvik-2026-393,Karmello Branch,UMKC,Bethune Cookman,,2026,False,Portal committed,2026-07-11T12:09:26+00:00
barttorvik-2026-1896,Karter Knox,Arkansas,Louisville,,2026,False,Portal committed,2026-07-11T12:09:26+00:00
barttorvik-2026-3754,Kase Wynott,Washington St.,Idaho,,2026,False,Portal committed,2026-07-11T12:09:26+00:00
barttorvik-2026-3565,Kaseem Watson,UTEP,East Carolina,,2026,False,Portal committed,2026-07-11T12:09:26+00:00
barttorvik-2026-2760,Kash Polk,Arizona St.,Jacksonville St.,,2026,False,Portal committed,2026-07-11T12:09:26+00:00
barttorvik-2026-2453,Kashie Natt,Sam Houston St.,Oklahoma St.,,2026,False,Portal committed,2026-07-11T12:09:26+00:00
barttorvik-2026-384,Kavon Bradford,Northern Arizona,Western Oregon,,2026,False,Portal committed,2026-07-11T12:09:26+00:00
barttorvik-2026-935,Kayde Dotson,Loyola Chicago,UC San Diego,,2026,False,Portal committed,2026-07-11T12:09:26+00:00
barttorvik-2026-995,Kayden Edwards,TCU,Creighton,,2026,False,Portal committed,2026-07-11T12:09:26+00:00
barttorvik-2026-1127,Kayden Fish,Ball St.,Belmont,,2026,False,Portal committed,2026-07-11T12:09:26+00:00
barttorvik-2026-2328,Kayden Mingo,Penn St.,Baylor,,2026,False,Portal committed,2026-07-11T12:09:26+00:00
barttorvik-2026-2451,Kayden Nation,Central Michigan,Houston Christian,,2026,False,Portal committed,2026-07-11T12:09:26+00:00
barttorvik-2026-2172,Kaylon Mason,Cal State San Bernardino,Coker,,2026,False,Portal committed,2026-07-11T12:09:26+00:00
barttorvik-2026-3573,Kean Webb,Portland St.,Albany,,2026,False,Portal committed,2026-07-11T12:09:26+00:00
barttorvik-2026-839,Keanu Dawes,Utah,Kansas,,2026,False,Portal committed,2026-07-11T12:09:26+00:00
barttorvik-2026-778,Kedrick Curtis,Seton Hill,Sacred Heart,,2026,False,Portal committed,2026-07-11T12:09:26+00:00
barttorvik-2026-3233,Keelan Steele,Maine,Mercer,,2026,False,Portal committed,2026-07-11T12:09:26+00:00
barttorvik-2026-299,Keenan Bey,UMass Lowell,Independence Community College,,2026,False,Portal committed,2026-07-11T12:09:26+00:00
barttorvik-2026-2728,Kelcy Phipps,Portland St.,UNC Asheville,,2026,False,Portal committed,2026-07-11T12:09:26+00:00
barttorvik-2026-1384,Kellen Hampton,Pacific,Hawaii,,2026,False,Portal committed,2026-07-11T12:09:26+00:00
barttorvik-2026-2933,Kellen Robinson,Little Rock,Lindenwood,,2026,False,Portal committed,2026-07-11T12:09:26+00:00
barttorvik-2026-1399,Keller Hanson,Northern Michigan,Northern Illinois,,2026,False,Portal committed,2026-07-11T12:09:26+00:00
barttorvik-2026-103,Kelvin Amoako,UIndy,Youngstown St.,,2026,False,Portal committed,2026-07-11T12:09:26+00:00
barttorvik-2026-2541,Kelvin Odih,St. John's,Fordham,,2026,False,Portal committed,2026-07-11T12:09:26+00:00
barttorvik-2026-3521,Ken Walker,Davenport,Saint Peter's,,2026,False,Portal committed,2026-07-11T12:09:26+00:00
barttorvik-2026-547,Kendall Campbell,Wingate,East Tennessee St.,,2026,False,Portal committed,2026-07-11T12:09:26+00:00
barttorvik-2026-3019,Kendyl Sanders,Utah,Mississippi St.,,2026,False,Portal committed,2026-07-11T12:09:26+00:00
barttorvik-2026-824,Kennard Davis Jr.,BYU,Missouri,,2026,False,Portal committed,2026-07-11T12:09:26+00:00
barttorvik-2026-489,Kernan Bundy,UMKC,Rockhurst,,2026,False,Portal committed,2026-07-11T12:09:26+00:00
barttorvik-2026-1129,Keshawn Fisher,Detroit Mercy,Winthrop,,2026,False,Portal committed,2026-07-11T12:09:26+00:00
barttorvik-2026-1847,Kevair Kennedy,Merrimack,Wake Forest,,2026,False,Portal committed,2026-07-11T12:09:26+00:00
barttorvik-2026-53,Kevin Alabi,Alabama St.,Angelina College,,2026,False,Portal committed,2026-07-11T12:09:26+00:00
barttorvik-2026-126,Kevin Anthony,Lindenwood,MSU Moorhead,,2026,False,Portal committed,2026-07-11T12:09:26+00:00
barttorvik-2026-1822,Kevin Kearney,Saint Joseph's,Manhattan,,2026,False,Portal committed,2026-07-11T12:09:26+00:00
barttorvik-2026-2665,Kevin Patton Jr.,New Mexico,Bethune Cookman,,2026,False,Portal committed,2026-07-11T12:09:26+00:00
barttorvik-2026-3812,Kevin de Kovachich,North Alabama,Middle Tennessee,,2026,False,Portal committed,2026-07-11T12:09:26+00:00
barttorvik-2026-3223,Kevo St.Hilaire,Cleveland St.,Purdue Northwest,,2026,False,Portal committed,2026-07-11T12:09:26+00:00
barttorvik-2026-3463,Kevon Vanderhorst,Drexel,Iona,,2026,False,Portal committed,2026-07-11T12:09:26+00:00
barttorvik-2026-1852,Keyon Kensie Jr.,Portland St.,Nevada,,2026,False,Portal committed,2026-07-11T12:09:26+00:00
barttorvik-2026-2340,Keyshawn Mitchell,VCU,Iona,,2026,False,Portal committed,2026-07-11T12:09:26+00:00
barttorvik-2026-3390,Keyshuan Tillery,Cincinnati,Charlotte,,2026,False,Portal committed,2026-07-11T12:09:26+00:00
barttorvik-2026-1008,Keziah Ekissi,Oregon St.,Cal St. Northridge,,2026,False,Portal committed,2026-07-11T12:09:26+00:00
barttorvik-2026-172,Khalil Badru,Iona,Vermont,,2026,False,Portal committed,2026-07-11T12:09:26+00:00
barttorvik-2026-1090,Khalil Farmer,UMass Lowell,Rider,,2026,False,Portal committed,2026-07-11T12:09:26+00:00
barttorvik-2026-2046,Khalil London,Tennessee St.,Louisiana Monroe,,2026,False,Portal committed,2026-07-11T12:09:26+00:00
barttorvik-2026-3654,Khalil Williams,Bryant,Le Moyne,,2026,False,Portal committed,2026-07-11T12:09:26+00:00
barttorvik-2026-2115,Khaman Maker,DePaul,Marshall,,2026,False,Portal committed,2026-07-11T12:09:26+00:00
barttorvik-2026-711,Khamani Cooper,Nebraska Omaha,Southern Ark.,,2026,False,Portal committed,2026-07-11T12:09:26+00:00
barttorvik-2026-2960,Khani Rooths,Louisville,Oklahoma,,2026,False,Portal committed,2026-07-11T12:09:26+00:00
barttorvik-2026-965,Khayri Dunn,Georgia Southern,UNC Asheville,,2026,False,Portal committed,2026-07-11T12:09:26+00:00
barttorvik-2026-3387,Khoi Thurmon,Oakland,Old Dominion,,2026,False,Portal committed,2026-07-11T12:09:26+00:00
barttorvik-2026-2923,KiJan Robinson,New Hampshire,Binghamton,,2026,False,Portal committed,2026-07-11T12:09:26+00:00
barttorvik-2026-2415,Kieran Mullen,Pittsburgh,Florida Atlantic,,2026,False,Portal committed,2026-07-11T12:09:26+00:00
barttorvik-2026-417,Kilian Brockhoff,William & Mary,Eastern Michigan,,2026,False,Portal committed,2026-07-11T12:09:26+00:00
barttorvik-2026-3630,King-Njhsanni Wilhite,Lamar,Central Washington,,2026,False,Portal committed,2026-07-11T12:09:26+00:00
barttorvik-2026-1229,Kiwane Garris Jr,Cal St. Fullerton,Robert Morris,,2026,False,Portal committed,2026-07-11T12:09:26+00:00
barttorvik-2026-388,"Kjay Bradley, Jr.",San Diego,Cal St. Bakersfield,,2026,False,Portal committed,2026-07-11T12:09:26+00:00
barttorvik-2026-3644,Kobi Williams,Missouri St.,Tulsa,,2026,False,Portal committed,2026-07-11T12:09:26+00:00
barttorvik-2026-1400,Kole Hanson,Minn. Duluth,Holy Cross,,2026,False,Portal committed,2026-07-11T12:09:26+00:00
barttorvik-2026-2806,Kolier Pruett,UVA Wise,Radford,,2026,False,Portal committed,2026-07-11T12:09:26+00:00
barttorvik-2026-2339,Kolton Mitchell,Idaho,Ohio,,2026,False,Portal committed,2026-07-11T12:09:26+00:00
barttorvik-2026-731,Koree Cotton,UT Rio Grande Valley,DePaul,,2026,False,Portal committed,2026-07-11T12:09:26+00:00
barttorvik-2026-1727,Koren Johnson,Mississippi,Portland St.,,2026,False,Portal committed,2026-07-11T12:09:26+00:00
barttorvik-2026-827,Koron Davis,Alabama A&M,Bethune Cookman,,2026,False,Portal committed,2026-07-11T12:09:26+00:00
barttorvik-2026-2326,Kory Mincy,George Mason,South Carolina,,2026,False,Portal committed,2026-07-11T12:09:26+00:00
barttorvik-2026-1253,Kraig Gilbert,Concord,Pittsburgh,,2026,False,Portal committed,2026-07-11T12:09:26+00:00
barttorvik-2026-2637,Kris Parker,UCF,Kennesaw St.,,2026,False,Portal committed,2026-07-11T12:09:26+00:00
barttorvik-2026-1854,Kristupas Kepezinskas,Rider,Barry,,2026,False,Portal committed,2026-07-11T12:09:26+00:00
barttorvik-2026-1995,Krystian Lewis,Louisiana Monroe,Tulane,,2026,False,Portal committed,2026-07-11T12:09:26+00:00
barttorvik-2026-159,Kuol Atak,Oklahoma,Virginia Tech,,2026,False,Portal committed,2026-07-11T12:09:26+00:00
barttorvik-2026-1063,Kwame Evans Jr.,Oregon,Villanova,,2026,False,Portal committed,2026-07-11T12:09:26+00:00
barttorvik-2026-1067,Kyan Evans,North Carolina,Minnesota,,2026,False,Portal committed,2026-07-11T12:09:26+00:00
barttorvik-2026-1580,Kylan Howze,Louisiana Tech,Old Dominion,,2026,False,Portal committed,2026-07-11T12:09:26+00:00
barttorvik-2026-762,Kyle Cuffe Jr.,Mercer,St. John's,,2026,False,Portal committed,2026-07-11T12:09:26+00:00
barttorvik-2026-1064,Kyle Evans,UC Irvine,N.C. State,,2026,False,Portal committed,2026-07-11T12:09:26+00:00
barttorvik-2026-1338,Kyle Grill,Fort Hays St.,Bradley,,2026,False,Portal committed,2026-07-11T12:09:26+00:00
barttorvik-2026-1970,Kyle Layton,Eastern Illinois,Grambling St.,,2026,False,Portal committed,2026-07-11T12:09:26+00:00
barttorvik-2026-2153,Kyle Marshall,Air Force,Bucknell,,2026,False,Portal committed,2026-07-11T12:09:26+00:00
barttorvik-2026-2385,Kyle Morgan,UT Tyler,Winthrop,,2026,False,Portal committed,2026-07-11T12:09:26+00:00
barttorvik-2026-783,Kyler D'Augustino,IU Indy,Ohio,,2026,False,Portal committed,2026-07-11T12:09:26+00:00
barttorvik-2026-3391,Kyran Tilley,Central Missouri,Louisiana Tech,,2026,False,Portal committed,2026-07-11T12:09:26+00:00
barttorvik-2026-1470,LA Hayes,UTEP,Southern Indiana,,2026,False,Portal committed,2026-07-11T12:09:26+00:00
barttorvik-2026-2787,LA Pratt,Northeastern,Northwestern,,2026,False,Portal committed,2026-07-11T12:09:26+00:00
barttorvik-2026-858,Ladji Dembele,UNLV,Washington St.,,2026,False,Portal committed,2026-07-11T12:09:26+00:00
barttorvik-2026-566,Lance Carr,UAB,Louisiana Monroe,,2026,False,Portal committed,2026-07-11T12:09:26+00:00
barttorvik-2026-2747,Lance Piper,Delaware,Northern Arizona,,2026,False,Portal committed,2026-07-11T12:09:26+00:00
barttorvik-2026-1790,Landen Joseph,Marshall,Dayton,,2026,False,Portal committed,2026-07-11T12:09:26+00:00
barttorvik-2026-1876,Landon King,UNC Greensboro,Georgia Southwestern,,2026,False,Portal committed,2026-07-11T12:09:26+00:00
barttorvik-2026-3641,Landon Williams,Niagara,Dartmouth,,2026,False,Portal committed,2026-07-11T12:09:26+00:00
barttorvik-2026-176,Langston Bailey,Bryant,Benedictine Mesa,,2026,False,Portal committed,2026-07-11T12:09:26+00:00
barttorvik-2026-1587,Larry Hughes II,Cal St. Northridge,Sacramento St.,,2026,False,Portal committed,2026-07-11T12:09:26+00:00
barttorvik-2026-2654,Lateef Patrick Jr,Stephen F. Austin,Fordham,,2026,False,Portal committed,2026-07-11T12:09:26+00:00
barttorvik-2026-907,Latif Diouf,Chattanooga,Kent St.,,2026,False,Portal committed,2026-07-11T12:09:26+00:00
barttorvik-2026-2238,Laymen McGrady,Oral Roberts,Wagner,,2026,False,Portal committed,2026-07-11T12:09:26+00:00
barttorvik-2026-3312,Layne Taylor,Murray St.,Arkansas St.,,2026,False,Portal committed,2026-07-11T12:09:26+00:00
barttorvik-2026-2325,Lazar Milosevic,Duquesne,Longwood,,2026,False,Portal committed,2026-07-11T12:09:26+00:00
barttorvik-2026-1576,Lazerek Houston,Central Missouri,Washington St.,,2026,False,Portal committed,2026-07-11T12:09:26+00:00
barttorvik-2026-3569,LeJuan Watts,Texas Tech,Washington,,2026,False,Portal committed,2026-07-11T12:09:26+00:00
barttorvik-2026-3149,Legend Smiley,San Francisco,Oregon St.,,2026,False,Portal committed,2026-07-11T12:09:26+00:00
barttorvik-2026-2348,Leif Moeller,Evansville,UTEP,,2026,False,Portal committed,2026-07-11T12:09:26+00:00
barttorvik-2026-348,Leon Bond III,Northern Iowa,Iowa St.,,2026,False,Portal committed,2026-07-11T12:09:26+00:00
barttorvik-2026-1561,Leon Horner,Texas Tech,Jacksonville St.,,2026,False,Portal committed,2026-07-11T12:09:26+00:00
barttorvik-2026-3461,Leonardo Van Elswyk,Colorado,Stony Brook,,2026,False,Portal committed,2026-07-11T12:09:26+00:00
barttorvik-2026-1992,Leopold Levillain,Long Beach St.,New Mexico St.,,2026,False,Portal committed,2026-07-11T12:09:26+00:00
barttorvik-2026-337,Leroy Blyden Jr.,Toledo,Kansas,,2026,False,Portal committed,2026-07-11T12:09:26+00:00
barttorvik-2026-949,Lewis Duarte,New Mexico St.,Rutgers,,2026,False,Portal committed,2026-07-11T12:09:26+00:00
barttorvik-2026-3513,Lewis Walker,North Carolina A&T,UCF,,2026,False,Portal committed,2026-07-11T12:09:26+00:00
barttorvik-2026-544,Liam Campbell,Saint Mary's,High Point,,2026,False,Portal committed,2026-07-11T12:09:26+00:00
barttorvik-2026-2169,Lilian Marville,UNC Greensboro,George Mason,,2026,False,Portal committed,2026-07-11T12:09:26+00:00
barttorvik-2026-555,Lincoln Cantrall,Colorado Christian,Jamestown,,2026,False,Portal committed,2026-07-11T12:09:26+00:00
barttorvik-2026-1549,Linus Holmstrom,VMI,Youngstown St.,,2026,False,Portal committed,2026-07-11T12:09:26+00:00
barttorvik-2026-1952,Lionel Larvadain,Chicago St.,Southern,,2026,False,Portal committed,2026-07-11T12:09:26+00:00
barttorvik-2026-1988,Liutauras Lelevicius,TCU,Clemson,,2026,False,Portal committed,2026-07-11T12:09:26+00:00
barttorvik-2026-60,Logan Alexander,North Texas,South Plains College,,2026,False,Portal committed,2026-07-11T12:09:26+00:00
barttorvik-2026-559,Logan Carey,Maine,Saint Joseph's,,2026,False,Portal committed,2026-07-11T12:09:26+00:00
barttorvik-2026-961,Logan Duncomb,Winthrop,Notre Dame,,2026,False,Portal committed,2026-07-11T12:09:26+00:00
barttorvik-2026-3270,Logan Suber,Lipscomb,Southeastern Louisiana,,2026,False,Portal committed,2026-07-11T12:09:26+00:00
barttorvik-2026-3736,Logan Woods,Wright St.,Niagara,,2026,False,Portal committed,2026-07-11T12:09:26+00:00
barttorvik-2026-2789,London Praytor,Toledo,Montana St.,,2026,False,Portal committed,2026-07-11T12:09:26+00:00
barttorvik-2026-3069,Louie Semona,Western Kentucky,Illinois St.,,2026,False,Portal committed,2026-07-11T12:09:26+00:00
barttorvik-2026-349,Louis Bond,Idaho St.,Northeastern,,2026,False,Portal committed,2026-07-11T12:09:26+00:00
barttorvik-2026-1608,Louis Hutchinson,Alabama A&M,West Georgia,,2026,False,Portal committed,2026-07-11T12:09:26+00:00
barttorvik-2026-3195,Luca Soroa Schaller,Northeastern,Bucknell,,2026,False,Portal committed,2026-07-11T12:09:26+00:00
barttorvik-2026-2286,Lucas Mercandino,Lubbock Christian,Washburn,,2026,False,Portal committed,2026-07-11T12:09:26+00:00
barttorvik-2026-3062,Lucas Scroggins,Saint Peter's,Illinois Chicago,,2026,False,Portal committed,2026-07-11T12:09:26+00:00
barttorvik-2026-3067,Lucas Sekasi,Gannon,Quinnipiac,,2026,False,Portal committed,2026-07-11T12:09:26+00:00
barttorvik-2026-1250,Lucius Gibson-Savadel,Sacred Heart,Maryland Eastern Shore,,2026,False,Portal committed,2026-07-11T12:09:26+00:00
barttorvik-2026-453,Lucus Brown,D'Youville,Cornell College,,2026,False,Portal committed,2026-07-11T12:09:26+00:00
barttorvik-2026-340,Luka Bogavac,North Carolina,Oklahoma St.,,2026,False,Portal committed,2026-07-11T12:09:26+00:00
barttorvik-2026-3401,Luka Toews,Boston College,Furman,,2026,False,Portal committed,2026-07-11T12:09:26+00:00
barttorvik-2026-3529,Lukas Walls,Radford,Texas A&M,,2026,False,Portal committed,2026-07-11T12:09:26+00:00
barttorvik-2026-81,Luke Almodovar,Southeast Missouri St.,Memphis,,2026,False,Portal committed,2026-07-11T12:09:26+00:00
barttorvik-2026-191,Luke Bamgboye,Texas Tech,TCU,,2026,False,Portal committed,2026-07-11T12:09:26+00:00
barttorvik-2026-1105,Luke Fennell,Syracuse,Saint Mary's,,2026,False,Portal committed,2026-07-11T12:09:26+00:00
barttorvik-2026-1366,Luke Haertle,South Dakota St.,Winona St.,,2026,False,Portal committed,2026-07-11T12:09:26+00:00
barttorvik-2026-1578,Luke Howard,Simon Fraser,San Jose St.,,2026,False,Portal committed,2026-07-11T12:09:26+00:00
barttorvik-2026-1596,Luke Hunger,George Washington,Boston College,,2026,False,Portal committed,2026-07-11T12:09:26+00:00
barttorvik-2026-1821,Luke Kearney,Utah St.,Portland St.,,2026,False,Portal committed,2026-07-11T12:09:26+00:00
barttorvik-2026-1851,Luke Kennevan,Lock Haven,Cornell,,2026,False,Portal committed,2026-07-11T12:09:26+00:00
barttorvik-2026-2230,Luke McEldon,Mount St. Mary's,Northwestern,,2026,False,Portal committed,2026-07-11T12:09:26+00:00
barttorvik-2026-2839,Luke Rasmussen,Tulane,Marshall,,2026,False,Portal committed,2026-07-11T12:09:26+00:00
barttorvik-2026-3187,Luke Soden,Regis CO,Bucknell,,2026,False,Portal committed,2026-07-11T12:09:26+00:00
barttorvik-2026-3603,Luke Wherley,Jamestown,Concordia St. Paul,,2026,False,Portal committed,2026-07-11T12:09:26+00:00
barttorvik-2026-3709,Luke Wilson,Appalachian St.,Syracuse,,2026,False,Portal committed,2026-07-11T12:09:26+00:00
barttorvik-2026-3720,Luke Winkel,St. Cloud State,North Dakota,,2026,False,Portal committed,2026-07-11T12:09:26+00:00
barttorvik-2026-3511,Lureon Walker,North Carolina A&T,Monmouth,,2026,False,Portal committed,2026-07-11T12:09:26+00:00
barttorvik-2026-692,MJ Collins,Utah St.,Cincinnati,,2026,False,Portal committed,2026-07-11T12:09:26+00:00
barttorvik-2026-2988,MJ Russell,Louisiana Monroe,Stephen F. Austin,,2026,False,Portal committed,2026-07-11T12:09:26+00:00
barttorvik-2026-3350,MJ Thomas,New Orleans,UNLV,,2026,False,Portal committed,2026-07-11T12:09:26+00:00
barttorvik-2026-3645,MJ Williams,Eastern Kentucky,Longwood,,2026,False,Portal committed,2026-07-11T12:09:26+00:00
barttorvik-2026-3316,Ma'Kye Taylor,Albany,Alcorn St.,,2026,False,Portal committed,2026-07-11T12:09:26+00:00
barttorvik-2026-1515,Ma'Shy Hill,Abilene Christian,Jacksonville St.,,2026,False,Portal committed,2026-07-11T12:09:26+00:00
barttorvik-2026-2391,MaCarhy Morris,Concordia Irvine,Idaho St.,,2026,False,Portal committed,2026-07-11T12:09:26+00:00
barttorvik-2026-1644,Maban Jabriel,Queens,Maryland,,2026,False,Portal committed,2026-07-11T12:09:26+00:00
barttorvik-2026-1828,Mack Keighran,Chadron St.,Alaska Anchorage,,2026,False,Portal committed,2026-07-11T12:09:26+00:00
barttorvik-2026-1040,Macon Emory,Delaware,Tulsa,,2026,False,Portal committed,2026-07-11T12:09:26+00:00
barttorvik-2026-1047,Magnus Entenmann,Kent St.,Stetson,,2026,False,Portal committed,2026-07-11T12:09:26+00:00
barttorvik-2026-1359,Magoon Gwath,San Diego St.,DePaul,,2026,False,Portal committed,2026-07-11T12:09:26+00:00
barttorvik-2026-2338,Maguire Mitchell,IU Indy,Indiana St.,,2026,False,Portal committed,2026-07-11T12:09:26+00:00
barttorvik-2026-3457,Makhai Valentine,Northern Illinois,George Mason,,2026,False,Portal committed,2026-07-11T12:09:26+00:00
barttorvik-2026-905,Makhan Diouf,Fresno St.,Lindenwood,,2026,False,Portal committed,2026-07-11T12:09:26+00:00
barttorvik-2026-2438,Makhi Myles,Southeastern Louisiana,Jackson St.,,2026,False,Portal committed,2026-07-11T12:09:26+00:00
barttorvik-2026-2080,Makoi Mabor Makoi,UNC Wilmington,Mercer,,2026,False,Portal committed,2026-07-11T12:09:26+00:00
barttorvik-2026-149,Malachi Arrington,NJIT,George Washington,,2026,False,Portal committed,2026-07-11T12:09:26+00:00
barttorvik-2026-428,Malachi Brown,Georgia St.,Western Carolina,,2026,False,Portal committed,2026-07-11T12:09:26+00:00
barttorvik-2026-1742,Malachi Johnson,Stanislaus St.,Idaho St.,,2026,False,Portal committed,2026-07-11T12:09:26+00:00
barttorvik-2026-2623,Malachi Palmer,Villanova,Minnesota,,2026,False,Portal committed,2026-07-11T12:09:26+00:00
barttorvik-2026-261,Malcolm Bell,Cal Poly Pomona,Cal St. Fullerton,,2026,False,Portal committed,2026-07-11T12:09:26+00:00
barttorvik-2026-1282,Malek Gomma,Weber St.,Utah,,2026,False,Portal committed,2026-07-11T12:09:26+00:00
barttorvik-2026-879,Malick Diallo,TCU,Loyola Chicago,,2026,False,Portal committed,2026-07-11T12:09:26+00:00
barttorvik-2026-1912,Malick Kordel,Michigan,Minnesota,,2026,False,Portal committed,2026-07-11T12:09:26+00:00
barttorvik-2026-1745,Malik Johnson,Stanislaus St.,Idaho St.,,2026,False,Portal committed,2026-07-11T12:09:26+00:00
barttorvik-2026-2087,Malik Mack,Georgetown,Providence,,2026,False,Portal committed,2026-07-11T12:09:26+00:00
barttorvik-2026-2557,Malik Olafioye,Eastern Illinois,Chicago St.,,2026,False,Portal committed,2026-07-11T12:09:26+00:00
barttorvik-2026-3225,"Manasseh Stackhouse, Jr.",Alabama A&M,IU Indy,,2026,False,Portal committed,2026-07-11T12:09:26+00:00
barttorvik-2026-1794,Manie Joses,Davidson,Hawaii,,2026,False,Portal committed,2026-07-11T12:09:26+00:00
barttorvik-2026-467,Marcel Bryant,Prairie View A&M,Chicago St.,,2026,False,Portal committed,2026-07-11T12:09:26+00:00
barttorvik-2026-1000,Marcellus Edwards,Concordia Irvine,Point Loma,,2026,False,Portal committed,2026-07-11T12:09:26+00:00
barttorvik-2026-27,Marcus Adams Jr.,Arizona St.,Hawaii,,2026,False,Portal committed,2026-07-11T12:09:26+00:00
barttorvik-2026-198,Marcus Banks,Shepherd,The Citadel,,2026,False,Portal committed,2026-07-11T12:09:26+00:00
barttorvik-2026-1654,Marcus Jackson,Siena,Mercyhurst,,2026,False,Portal committed,2026-07-11T12:09:26+00:00
barttorvik-2026-1836,Marcus Kell,Western Carolina,Furman,,2026,False,Portal committed,2026-07-11T12:09:26+00:00
barttorvik-2026-2602,Marcus Overstreet,San Jose St.,Southern Miss,,2026,False,Portal committed,2026-07-11T12:09:26+00:00
barttorvik-2026-3473,Marcus Vaughns,LSU,Arizona St.,,2026,False,Portal committed,2026-07-11T12:09:26+00:00
barttorvik-2026-3714,Marcus Wilson,UC Davis,Sacramento St.,,2026,False,Portal committed,2026-07-11T12:09:26+00:00
barttorvik-2026-950,Marino Dubravčić,Northern Iowa,Hawaii Pacific,,2026,False,Portal committed,2026-07-11T12:09:26+00:00
barttorvik-2026-3309,"Mario Tatum, Jr.",VMI,NJIT,,2026,False,Portal committed,2026-07-11T12:09:26+00:00
barttorvik-2026-439,Mark Brown,Valparaiso,Utah Tech,,2026,False,Portal committed,2026-07-11T12:09:26+00:00
barttorvik-2026-515,Mark Butler,Lafayette,Rider,,2026,False,Portal committed,2026-07-11T12:09:26+00:00
barttorvik-2026-1960,Mark Lavrenov,Sacramento St.,New Mexico St.,,2026,False,Portal committed,2026-07-11T12:09:26+00:00
barttorvik-2026-2037,Marko Ljubicic,Manhattan,Lamar,,2026,False,Portal committed,2026-07-11T12:09:26+00:00
barttorvik-2026-2625,Marko Pandiloski,Iona,Dominican (NY),,2026,False,Portal committed,2026-07-11T12:09:26+00:00
barttorvik-2026-2671,Marko Pavlović,Missouri Western,Oral Roberts,,2026,False,Portal committed,2026-07-11T12:09:26+00:00
barttorvik-2026-2824,Marko Radunovic,Boston College,Fairfield,,2026,False,Portal committed,2026-07-11T12:09:26+00:00
barttorvik-2026-3817,Marko Šarenac,Barry,Elon,,2026,False,Portal committed,2026-07-11T12:09:26+00:00
barttorvik-2026-506,Markus Burton,Notre Dame,Indiana,,2026,False,Portal committed,2026-07-11T12:09:26+00:00
barttorvik-2026-2455,Markus Navarra,Youngstown St.,Purdue Northwest,,2026,False,Portal committed,2026-07-11T12:09:26+00:00
barttorvik-2026-2652,Markus Pastorcic-Straun,Colorado School of Mines,IU Indy,,2026,False,Portal committed,2026-07-11T12:09:26+00:00
barttorvik-2026-775,Marley Curtis,North Dakota,James Madison,,2026,False,Portal committed,2026-07-11T12:09:26+00:00
barttorvik-2026-3798,Marley Zeller,Loyola Marymount,Cal St. Fullerton,,2026,False,Portal committed,2026-07-11T12:09:26+00:00
barttorvik-2026-3685,Marlon Williams,UIS,Davis & Elkins,,2026,False,Portal committed,2026-07-11T12:09:26+00:00
barttorvik-2026-3741,Marqui Worthy,UC Riverside,San Diego,,2026,False,Portal committed,2026-07-11T12:09:26+00:00
barttorvik-2026-2146,Marqus Marion,Wake Forest,East Tennessee St.,,2026,False,Portal committed,2026-07-11T12:09:26+00:00
barttorvik-2026-3173,Marshawn Smith,Northern St.,Alcorn St.,,2026,False,Portal committed,2026-07-11T12:09:26+00:00
barttorvik-2026-1860,Martin Kheil,Idaho St.,Iona,,2026,False,Portal committed,2026-07-11T12:09:26+00:00
barttorvik-2026-3191,Martin Somerville,Florida St.,West Virginia,,2026,False,Portal committed,2026-07-11T12:09:26+00:00
barttorvik-2026-7,Marzouq Abdur-Razaaq,Colorado Colorado Springs,CSU Pueblo,,2026,False,Portal committed,2026-07-11T12:09:26+00:00
barttorvik-2026-11,Mason Abittan,UNLV,Weber St.,,2026,False,Portal committed,2026-07-11T12:09:26+00:00
barttorvik-2026-266,Mason Bendinger,USC Upstate,Western Michigan,,2026,False,Portal committed,2026-07-11T12:09:26+00:00
barttorvik-2026-319,Mason Blackwood,Penn St.,St. Bonaventure,,2026,False,Portal committed,2026-07-11T12:09:26+00:00
barttorvik-2026-1368,Mason Hagedorn,VMI,Loyola MD,,2026,False,Portal committed,2026-07-11T12:09:26+00:00
barttorvik-2026-1554,Mason Honeyman,Colorado Mesa,Cal St. East Bay,,2026,False,Portal committed,2026-07-11T12:09:26+00:00
barttorvik-2026-2771,Mason Porter-Brown,LIU,Florida Atlantic,,2026,False,Portal committed,2026-07-11T12:09:26+00:00
barttorvik-2026-3662,Mason Williams,Iowa St.,Seattle,,2026,False,Portal committed,2026-07-11T12:09:26+00:00
barttorvik-2026-903,Massamba Diop,Arizona St.,Gonzaga,,2026,False,Portal committed,2026-07-11T12:09:26+00:00
barttorvik-2026-901,Matar Diop,Stetson,Lindenwood,,2026,False,Portal committed,2026-07-11T12:09:26+00:00
barttorvik-2026-866,Matas Deniusas,Tennessee Martin,Rhode Island,,2026,False,Portal committed,2026-07-11T12:09:26+00:00
barttorvik-2026-674,Matheo Coffi,UTSA,NJIT,,2026,False,Portal committed,2026-07-11T12:09:26+00:00
barttorvik-2026-1347,Mathieu Grujicic,Ohio St.,Radford,,2026,False,Portal committed,2026-07-11T12:09:26+00:00
barttorvik-2026-2111,Mathok Majok,New Orleans,Charleston Southern,,2026,False,Portal committed,2026-07-11T12:09:26+00:00
barttorvik-2026-3008,Matija Samar,Oregon St.,UMKC,,2026,False,Portal committed,2026-07-11T12:09:26+00:00
barttorvik-2026-12,Matt Able,N.C. State,North Carolina,,2026,False,Portal committed,2026-07-11T12:09:26+00:00
barttorvik-2026-1317,Matt Gray,Davis & Elkins,Missouri St.,,2026,False,Portal committed,2026-07-11T12:09:26+00:00
barttorvik-2026-2853,Matt Reed,Iona,Lamar,,2026,False,Portal committed,2026-07-11T12:09:26+00:00
barttorvik-2026-368,Matthew Bothun,North Dakota,Ky. Wesleyan,,2026,False,Portal committed,2026-07-11T12:09:26+00:00
barttorvik-2026-1258,Matthew Gilhool,LSU,Kansas St.,,2026,False,Portal committed,2026-07-11T12:09:26+00:00
barttorvik-2026-3088,Matthew Shelton,Charleston,Liberty,,2026,False,Portal committed,2026-07-11T12:09:26+00:00
barttorvik-2026-3636,Matthew Willenborg,Central Oklahoma,Cal St. Fullerton,,2026,False,Portal committed,2026-07-11T12:09:26+00:00
barttorvik-2026-3804,Matthew Zobrist,Bradley,Belmont,,2026,False,Portal committed,2026-07-11T12:09:26+00:00
barttorvik-2026-304,Matthieu Biembongo,Lincoln (MO),Western Illinois,,2026,False,Portal committed,2026-07-11T12:09:26+00:00
barttorvik-2026-3469,Maurice Vassel,Maryland Eastern Shore,North Carolina Central,,2026,False,Portal committed,2026-07-11T12:09:26+00:00
barttorvik-2026-62,Max Alexander,Northwestern Oklahoma State,Houston Christian,,2026,False,Portal committed,2026-07-11T12:09:26+00:00
barttorvik-2026-354,Max Booher,Quincy,Eastern Michigan,,2026,False,Portal committed,2026-07-11T12:09:26+00:00
barttorvik-2026-505,Max Burton,Western Michigan,Akron,,2026,False,Portal committed,2026-07-11T12:09:26+00:00
barttorvik-2026-1178,Max Frazier,Central Connecticut,Hampton,,2026,False,Portal committed,2026-07-11T12:09:26+00:00
barttorvik-2026-1323,Max Green,Northwestern,Charleston,,2026,False,Portal committed,2026-07-11T12:09:26+00:00
barttorvik-2026-1946,Max Langenfeld,Florida Atlantic,Evansville,,2026,False,Portal committed,2026-07-11T12:09:26+00:00
barttorvik-2026-2044,Maxim Logue,Florida Atlantic,North Carolina,,2026,False,Portal committed,2026-07-11T12:09:26+00:00
barttorvik-2026-2587,Maximo Ortega,Wofford,Loyola MD,,2026,False,Portal committed,2026-07-11T12:09:26+00:00
barttorvik-2026-3729,Mayar Wol,Bowling Green,Seton Hall,,2026,False,Portal committed,2026-07-11T12:09:26+00:00
barttorvik-2026-2397,Mazi Mosley,LSU,Loyola Marymount,,2026,False,Portal committed,2026-07-11T12:09:26+00:00
barttorvik-2026-3606,Meechie White,Eastern Illinois,Indiana St.,,2026,False,Portal committed,2026-07-11T12:09:26+00:00
barttorvik-2026-704,Mekhi Conner,Sacred Heart,Incarnate Word,,2026,False,Portal committed,2026-07-11T12:09:26+00:00
barttorvik-2026-714,Mekhi Cooper,Lindenwood,Louisiana,,2026,False,Portal committed,2026-07-11T12:09:26+00:00
barttorvik-2026-2161,Melian Martinez,Louisiana Tech,Bethune Cookman,,2026,False,Portal committed,2026-07-11T12:09:26+00:00
barttorvik-2026-178,Melo Baines,Norfolk St.,Virginia St.,,2026,False,Portal committed,2026-07-11T12:09:26+00:00
barttorvik-2026-3014,Melo Sanchez,Central Connecticut,South Dakota,,2026,False,Portal committed,2026-07-11T12:09:26+00:00
barttorvik-2026-257,Melvin Bell Jr.,San Jose St.,North Dakota St.,,2026,False,Portal committed,2026-07-11T12:09:26+00:00
barttorvik-2026-57,Merritt Alderink,Eastern Michigan,Ferris State,,2026,False,Portal committed,2026-07-11T12:09:26+00:00
barttorvik-2026-241,Micah Bays,Central St. (OH),Cleveland St.,,2026,False,Portal committed,2026-07-11T12:09:26+00:00
barttorvik-2026-777,Micah Curtis,North Dakota,Wyoming,,2026,False,Portal committed,2026-07-11T12:09:26+00:00
barttorvik-2026-814,Micah Davis,IU Indy,Winthrop,,2026,False,Portal committed,2026-07-11T12:09:26+00:00
barttorvik-2026-3426,Micah Tucker,Georgia St.,Grand Canyon,,2026,False,Portal committed,2026-07-11T12:09:26+00:00
barttorvik-2026-688,Michael Collins,Louisiana,Lamar,,2026,False,Portal committed,2026-07-11T12:09:26+00:00
barttorvik-2026-716,Michael Cooper,Wagner,West Alabama,,2026,False,Portal committed,2026-07-11T12:09:26+00:00
barttorvik-2026-1674,Michael James,Mississippi Valley St.,Alabama St.,,2026,False,Portal committed,2026-07-11T12:09:26+00:00
barttorvik-2026-2143,Michael Marcus Jr.,Appalachian St.,George Mason,,2026,False,Portal committed,2026-07-11T12:09:26+00:00
barttorvik-2026-2255,Michael McNair,Boston University,Maryland,,2026,False,Portal committed,2026-07-11T12:09:26+00:00
barttorvik-2026-2377,Michael Mora,Cal State Monterey Bay,Wyoming,,2026,False,Portal committed,2026-07-11T12:09:26+00:00
barttorvik-2026-2523,Michael Nwoko,LSU,Xavier,,2026,False,Portal committed,2026-07-11T12:09:26+00:00
barttorvik-2026-3707,Michael Wilson Jr.,Bellarmine,Canisius,,2026,False,Portal committed,2026-07-11T12:09:26+00:00
barttorvik-2026-2535,Michelangelo Oberti,Penn,Boston University,,2026,False,Portal committed,2026-07-11T12:09:26+00:00
barttorvik-2026-2628,Mier Panoam,Xavier,UT Arlington,,2026,False,Portal committed,2026-07-11T12:09:26+00:00
barttorvik-2026-2711,Mihailo Petrovic,Illinois,Seton Hall,,2026,False,Portal committed,2026-07-11T12:09:26+00:00
barttorvik-2026-189,Mikah Ballew,Portland,Cal St. Northridge,,2026,False,Portal committed,2026-07-11T12:09:26+00:00
barttorvik-2026-1075,Mike Evbagharu,Canisius,North Alabama,,2026,False,Portal committed,2026-07-11T12:09:26+00:00
barttorvik-2026-1679,Mike James,Vanderbilt,South Florida,,2026,False,Portal committed,2026-07-11T12:09:26+00:00
barttorvik-2026-2357,Mike Montano,Frostburg St.,Southern Miss,,2026,False,Portal committed,2026-07-11T12:09:26+00:00
barttorvik-2026-2793,Mike Price,Cal St. Bakersfield,Chicago St.,,2026,False,Portal committed,2026-07-11T12:09:26+00:00
barttorvik-2026-3669,Mike Williams III,Seton Hall,Tulsa,,2026,False,Portal committed,2026-07-11T12:09:26+00:00
barttorvik-2026-1999,Mikey Lewis,Saint Mary's,Texas,,2026,False,Portal committed,2026-07-11T12:09:26+00:00
barttorvik-2026-2757,Mikhail Pocknett,Buffalo,Gardner Webb,,2026,False,Portal committed,2026-07-11T12:09:26+00:00
barttorvik-2026-3444,Mikkel Tyne,Richmond,Buffalo,,2026,False,Portal committed,2026-07-11T12:09:26+00:00
barttorvik-2026-2352,Milan Momcilovic,Iowa St.,Kentucky,,2026,False,Portal committed,2026-07-11T12:09:26+00:00
barttorvik-2026-522,Miles Byrd,San Diego St.,Providence,,2026,False,Portal committed,2026-07-11T12:09:26+00:00
barttorvik-2026-1355,Miles Gurske,Montana St. Billings,N.M. Highlands,,2026,False,Portal committed,2026-07-11T12:09:26+00:00
barttorvik-2026-1484,Miles Heide,San Diego St.,Virginia Tech,,2026,False,Portal committed,2026-07-11T12:09:26+00:00
barttorvik-2026-2979,Miles Rubin,Loyola Chicago,Tennessee,,2026,False,Portal committed,2026-07-11T12:09:26+00:00
barttorvik-2026-3574,Miles Webb,Delaware St.,USC Upstate,,2026,False,Portal committed,2026-07-11T12:09:26+00:00
barttorvik-2026-3605,Miles White,Lipscomb,Lindenwood,,2026,False,Portal committed,2026-07-11T12:09:26+00:00
barttorvik-2026-604,Milhan Charles,Arkansas Pine Bluff,Florida Atlantic,,2026,False,Portal committed,2026-07-11T12:09:26+00:00
barttorvik-2026-2038,Miquel Llompart,Eckerd,Mount St. Mary's,,2026,False,Portal committed,2026-07-11T12:09:26+00:00
barttorvik-2026-845,Mister Dean,Charleston,UCF,,2026,False,Portal committed,2026-07-11T12:09:26+00:00
barttorvik-2026-1546,Mitchell Holmes,SMU,North Texas,,2026,False,Portal committed,2026-07-11T12:09:26+00:00
barttorvik-2026-1618,Moek Icke,Rhode Island,Ohio,,2026,False,Portal committed,2026-07-11T12:09:26+00:00
barttorvik-2026-3646,Money Williams,Montana,Boston College,,2026,False,Portal committed,2026-07-11T12:09:26+00:00
barttorvik-2026-3599,Montana Wheeler,Bradley,Kansas St.,,2026,False,Portal committed,2026-07-11T12:09:26+00:00
barttorvik-2026-708,Mookie Cook,San Francisco,San Jose St.,,2026,False,Portal committed,2026-07-11T12:09:26+00:00
barttorvik-2026-3450,Morris Ugusuk,West Virginia,Stony Brook,,2026,False,Portal committed,2026-07-11T12:09:26+00:00
barttorvik-2026-539,Mouhamed Camara,Louisville,Eastern Kentucky,,2026,False,Portal committed,2026-07-11T12:09:26+00:00
barttorvik-2026-904,Mouhamed Dioubate,Kentucky,LSU,,2026,False,Portal committed,2026-07-11T12:09:26+00:00
barttorvik-2026-3300,Mouhamed Sylla,Georgia Tech,West Virginia,,2026,False,Portal committed,2026-07-11T12:09:26+00:00
barttorvik-2026-540,Moussa Camara,Felician,New Haven,,2026,False,Portal committed,2026-07-11T12:09:26+00:00
barttorvik-2026-2060,Moustapha Loum,Northwestern St.,UNLV,,2026,False,Portal committed,2026-07-11T12:09:26+00:00
barttorvik-2026-3336,Moustapha Thiam,Cincinnati,Michigan,,2026,False,Portal committed,2026-07-11T12:09:26+00:00
barttorvik-2026-3000,Musa Sagnia,N.C. State,Virginia Tech,,2026,False,Portal committed,2026-07-11T12:09:26+00:00
barttorvik-2026-1640,Mykolaus Ivanauskas,Mercyhurst,Northern Illinois,,2026,False,Portal committed,2026-07-11T12:09:26+00:00
barttorvik-2026-615,Myles Che,UNLV,Saint Mary's,,2026,False,Portal committed,2026-07-11T12:09:26+00:00
barttorvik-2026-694,Myles Colvin,Wake Forest,Cincinnati,,2026,False,Portal committed,2026-07-11T12:09:26+00:00
barttorvik-2026-3379,Myles Thompson,SIU Edwardsville,South Dakota St.,,2026,False,Portal committed,2026-07-11T12:09:26+00:00
barttorvik-2026-1221,Máximo García,Florida St.,Incarnate Word,,2026,False,Portal committed,2026-07-11T12:09:26+00:00
barttorvik-2026-2485,N.J. Nganga,Mercer,LeMoyne-Owen,,2026,False,Portal committed,2026-07-11T12:09:26+00:00
barttorvik-2026-2048,NaVaughn Long,Portland,Cal St. East Bay,,2026,False,Portal committed,2026-07-11T12:09:26+00:00
barttorvik-2026-765,Naas Cunningham,UNLV,Jacksonville St.,,2026,False,Portal committed,2026-07-11T12:09:26+00:00
barttorvik-2026-1241,Naithan George,Syracuse,Pittsburgh,,2026,False,Portal committed,2026-07-11T12:09:26+00:00
barttorvik-2026-1525,Najai Hines,Seton Hall,Connecticut,,2026,False,Portal committed,2026-07-11T12:09:26+00:00
barttorvik-2026-1242,Najimi George,New Haven,Samford,,2026,False,Portal committed,2026-07-11T12:09:26+00:00
barttorvik-2026-1454,Nas Hart,La Salle,Quinnipiac,,2026,False,Portal committed,2026-07-11T12:09:26+00:00
barttorvik-2026-3620,Nasir Whitlock,Lehigh,Georgia Tech,,2026,False,Portal committed,2026-07-11T12:09:26+00:00
barttorvik-2026-851,Nate Deer,Oakland,Canisius,,2026,False,Portal committed,2026-07-11T12:09:26+00:00
barttorvik-2026-1162,Nate Fouts,Le Moyne,Canisius,,2026,False,Portal committed,2026-07-11T12:09:26+00:00
barttorvik-2026-1218,Nate Garcia,Cal Baptist,Arizona St.,,2026,False,Portal committed,2026-07-11T12:09:26+00:00
barttorvik-2026-1710,Nate Johnson,Detroit Mercy,Alabama A&M,,2026,False,Portal committed,2026-07-11T12:09:26+00:00
barttorvik-2026-1590,Ned Hull,Elon,Virginia Tech,,2026,False,Portal committed,2026-07-11T12:09:26+00:00
barttorvik-2026-2762,Nehemiah Pollard,Western Washington,Portland St.,,2026,False,Portal committed,2026-07-11T12:09:26+00:00
barttorvik-2026-3434,Nehemiah Turner,Minnesota,Jacksonville,,2026,False,Portal committed,2026-07-11T12:09:26+00:00
barttorvik-2026-164,Neoklis Avdalas,Virginia Tech,North Carolina,,2026,False,Portal committed,2026-07-11T12:09:26+00:00
barttorvik-2026-355,Nic Book,USC Upstate,Northern St.,,2026,False,Portal committed,2026-07-11T12:09:26+00:00
barttorvik-2026-671,Nic Codie,Texas,SMU,,2026,False,Portal committed,2026-07-11T12:09:26+00:00
barttorvik-2026-874,Nicco DiGiulio,Canisius,Point Park,,2026,False,Portal committed,2026-07-11T12:09:26+00:00
barttorvik-2026-2380,Niccolo Moretti,Florida Atlantic,Lamar,,2026,False,Portal committed,2026-07-11T12:09:26+00:00
barttorvik-2026-1055,Nicholas Errica,Western Michigan,Charleston Southern,,2026,False,Portal committed,2026-07-11T12:09:26+00:00
barttorvik-2026-113,Nick Anderson,Rice,San Diego St.,,2026,False,Portal committed,2026-07-11T12:09:26+00:00
barttorvik-2026-931,Nick Dorn,Indiana,Miami FL,,2026,False,Portal committed,2026-07-11T12:09:26+00:00
barttorvik-2026-1684,Nick Janowski,St. Thomas,Davidson,,2026,False,Portal committed,2026-07-11T12:09:26+00:00
barttorvik-2026-1756,Nick Jones,Wagner,New Orleans,,2026,False,Portal committed,2026-07-11T12:09:26+00:00
barttorvik-2026-2710,Nick Petronio,Boston College,Delaware,,2026,False,Portal committed,2026-07-11T12:09:26+00:00
barttorvik-2026-2887,Nick Richart,Charlotte,Cal Baptist,,2026,False,Portal committed,2026-07-11T12:09:26+00:00
barttorvik-2026-3351,Nigel Thomas,Kennesaw St.,Alcorn St.,,2026,False,Portal committed,2026-07-11T12:09:26+00:00
barttorvik-2026-3688,Nikk Williams,N.M. Highlands,Jackson St.,,2026,False,Portal committed,2026-07-11T12:09:26+00:00
barttorvik-2026-921,Nikola Djapa,Colorado St.,Wright St.,,2026,False,Portal committed,2026-07-11T12:09:26+00:00
barttorvik-2026-624,Nikolaos Chitikoudis,Robert Morris,Xavier,,2026,False,Portal committed,2026-07-11T12:09:26+00:00
barttorvik-2026-1859,Nikolas Khamenia,Duke,Connecticut,,2026,False,Portal committed,2026-07-11T12:09:26+00:00
barttorvik-2026-798,Nilavan Daniels,Providence,William & Mary,,2026,False,Portal committed,2026-07-11T12:09:26+00:00
barttorvik-2026-715,Nils Cooper,UC Davis,Loyola Marymount,,2026,False,Portal committed,2026-07-11T12:09:26+00:00
barttorvik-2026-2086,Nils Machowski,Wofford,Connecticut,,2026,False,Portal committed,2026-07-11T12:09:26+00:00
barttorvik-2026-584,Nino Carter-Smith,Lake Superior St.,Northern Illinois,,2026,False,Portal committed,2026-07-11T12:09:26+00:00
barttorvik-2026-100,Noah Amenhauser,Oregon St.,Long Beach St.,,2026,False,Portal committed,2026-07-11T12:09:26+00:00
barttorvik-2026-267,Noah Bendinger,Boise St.,Montana,,2026,False,Portal committed,2026-07-11T12:09:26+00:00
barttorvik-2026-277,Noah Benny,Sam Houston St.,Alabama St.,,2026,False,Portal committed,2026-07-11T12:09:26+00:00
barttorvik-2026-1098,Noah Feddersen,North Dakota St.,Colorado,,2026,False,Portal committed,2026-07-11T12:09:26+00:00
barttorvik-2026-2272,Noah Meeusen,Arizona St.,DePaul,,2026,False,Portal committed,2026-07-11T12:09:26+00:00
barttorvik-2026-2507,Noah Norgaard,UNC Greensboro,Western Kentucky,,2026,False,Portal committed,2026-07-11T12:09:26+00:00
barttorvik-2026-2617,Noah Pagotto,East Texas A&M,Northern Kentucky,,2026,False,Portal committed,2026-07-11T12:09:26+00:00
barttorvik-2026-1628,Nojus Indrusaitis,Pittsburgh,California,,2026,False,Portal committed,2026-07-11T12:09:26+00:00
barttorvik-2026-1346,Nolan Groves,Texas Tech,Minnesota,,2026,False,Portal committed,2026-07-11T12:09:26+00:00
barttorvik-2026-2327,Nolan Minessale,St. Thomas,Marquette,,2026,False,Portal committed,2026-07-11T12:09:26+00:00
barttorvik-2026-2827,Nyle Ralph-Beyer,Sacred Heart,VCU,,2026,False,Portal committed,2026-07-11T12:09:26+00:00
barttorvik-2026-2457,Ofri Naveh,Oral Roberts,Middle Tennessee,,2026,False,Portal committed,2026-07-11T12:09:26+00:00
barttorvik-2026-3228,Ognjen Stankovic,Akron,Manhattan,,2026,False,Portal committed,2026-07-11T12:09:26+00:00
barttorvik-2026-1099,Okku Federiko,Drake,Northwestern,,2026,False,Portal committed,2026-07-11T12:09:26+00:00
barttorvik-2026-3289,Olavi Suutela,Oregon St.,UC San Diego,,2026,False,Portal committed,2026-07-11T12:09:26+00:00
barttorvik-2026-1094,Oliver Faubert,Saint Mary's,Maine,,2026,False,Portal committed,2026-07-11T12:09:26+00:00
barttorvik-2026-2900,Olivier Rioux,Florida,UC Irvine,,2026,False,Portal committed,2026-07-11T12:09:26+00:00
barttorvik-2026-307,Omaha Biliew,Wake Forest,Grand Canyon,,2026,False,Portal committed,2026-07-11T12:09:26+00:00
barttorvik-2026-3277,Omar Suleiman,Lake Superior St.,Eastern Michigan,,2026,False,Portal committed,2026-07-11T12:09:26+00:00
barttorvik-2026-3728,Omari Witherspoon,Pittsburgh,George Washington,,2026,False,Portal committed,2026-07-11T12:09:26+00:00
barttorvik-2026-2502,Onyx Nnani,South Florida,Bryant,,2026,False,Portal committed,2026-07-11T12:09:26+00:00
barttorvik-2026-1305,Osiris Grady,UC Riverside,Sacramento St.,,2026,False,Portal committed,2026-07-11T12:09:26+00:00
barttorvik-2026-1261,Oskar Giltay,Stanford,Connecticut,,2026,False,Portal committed,2026-07-11T12:09:26+00:00
barttorvik-2026-1220,Osmar Garcia-Araujo,Anderson,Liberty,,2026,False,Portal committed,2026-07-11T12:09:26+00:00
barttorvik-2026-1052,Oswin Erhunmwunse,Providence,Creighton,,2026,False,Portal committed,2026-07-11T12:09:26+00:00
barttorvik-2026-1941,Otto Landrum,Boston University,Point Loma,,2026,False,Portal committed,2026-07-11T12:09:26+00:00
barttorvik-2026-420,"Owen Bronston, Jr.",South Carolina St.,Cleveland St.,,2026,False,Portal committed,2026-07-11T12:09:26+00:00
barttorvik-2026-1182,Owen Freeman,Creighton,Auburn,,2026,False,Portal committed,2026-07-11T12:09:26+00:00
barttorvik-2026-2672,Owen Pawlikowski,Saint Leo,Tampa,,2026,False,Portal committed,2026-07-11T12:09:26+00:00
barttorvik-2026-2506,P.J. Noles,Lincoln Memorial,California (PA),,2026,False,Portal committed,2026-07-11T12:09:26+00:00
barttorvik-2026-1369,PJ Haggerty,Kansas St.,Texas A&M,,2026,False,Portal committed,2026-07-11T12:09:26+00:00
barttorvik-2026-2456,Pablo Navarro,Saint Martin's,Florida Southern,,2026,False,Portal committed,2026-07-11T12:09:26+00:00
barttorvik-2026-2804,Pace Prosser,Gannon,Siena,,2026,False,Portal committed,2026-07-11T12:09:26+00:00
barttorvik-2026-93,Papa Amadou Kante,Pittsburgh,Little Rock,,2026,False,Portal committed,2026-07-11T12:09:26+00:00
barttorvik-2026-2442,Pape N'Diaye,Xavier,Kansas St.,,2026,False,Portal committed,2026-07-11T12:09:26+00:00
barttorvik-2026-1803,Parby Kabamba,Marist,Radford,,2026,False,Portal committed,2026-07-11T12:09:26+00:00
barttorvik-2026-2630,Paris Papadatos,Saint Francis,Grand Valley State,,2026,False,Portal committed,2026-07-11T12:09:26+00:00
barttorvik-2026-131,Parker Applegate,Central Arkansas,Gannon,,2026,False,Portal committed,2026-07-11T12:09:26+00:00
barttorvik-2026-1188,Parker Friedrichsen,Davidson,Washington,,2026,False,Portal committed,2026-07-11T12:09:26+00:00
barttorvik-2026-1244,Parker Gerrits,Washington St.,Wyoming,,2026,False,Portal committed,2026-07-11T12:09:26+00:00
barttorvik-2026-1973,Parker LePla,UIndy,Grand Valley State,,2026,False,Portal committed,2026-07-11T12:09:26+00:00
barttorvik-2026-2941,Parker Robison,Chattanooga,Auburn Montgomery,,2026,False,Portal committed,2026-07-11T12:09:26+00:00
barttorvik-2026-773,Pat Curtin,Bucknell,IU Indy,,2026,False,Portal committed,2026-07-11T12:09:26+00:00
barttorvik-2026-2252,Paul McMillan IV,Grambling St.,Alabama St.,,2026,False,Portal committed,2026-07-11T12:09:26+00:00
barttorvik-2026-2423,Paulius Murauskas,Saint Mary's,Arizona St.,,2026,False,Portal committed,2026-07-11T12:09:26+00:00
barttorvik-2026-3259,Pavle Stosic,Pepperdine,Fairleigh Dickinson,,2026,False,Portal committed,2026-07-11T12:09:26+00:00
barttorvik-2026-3032,Pedro Santos,Tennessee Martin,Albany,,2026,False,Portal committed,2026-07-11T12:09:26+00:00
barttorvik-2026-2112,Petar Majstorovic,Long Beach St.,Pepperdine,,2026,False,Portal committed,2026-07-11T12:09:26+00:00
barttorvik-2026-194,Peter Bandelj,Cal Poly,Nevada,,2026,False,Portal committed,2026-07-11T12:09:26+00:00
barttorvik-2026-2745,Peteris Pinnis,Providence,Oregon St.,,2026,False,Portal committed,2026-07-11T12:09:26+00:00
barttorvik-2026-2150,Peyton Marshall,Georgia Tech,Charlotte,,2026,False,Portal committed,2026-07-11T12:09:26+00:00
barttorvik-2026-700,Pharaoh Compton,San Diego St.,Oregon,,2026,False,Portal committed,2026-07-11T12:09:26+00:00
barttorvik-2026-1269,Phoenix Glassnor,Toledo,Saint Peter's,,2026,False,Portal committed,2026-07-11T12:09:26+00:00
barttorvik-2026-1675,Ponce James,Delaware St.,North Carolina A&T,,2026,False,Portal committed,2026-07-11T12:09:26+00:00
barttorvik-2026-1634,Pop Isaacs,Texas A&M,Oklahoma,,2026,False,Portal committed,2026-07-11T12:09:26+00:00
barttorvik-2026-1623,Porter Ihnen,South Dakota,Northern St.,,2026,False,Portal committed,2026-07-11T12:09:26+00:00
barttorvik-2026-1620,Precious Idiaru,Gannon,IU Indy,,2026,False,Portal committed,2026-07-11T12:09:26+00:00
barttorvik-2026-2992,Preist Ryan,Cleveland St.,Canisius,,2026,False,Portal committed,2026-07-11T12:09:26+00:00
barttorvik-2026-721,Preston Copeland,Ball St.,Miami OH,,2026,False,Portal committed,2026-07-11T12:09:26+00:00
barttorvik-2026-991,Preston Edmead,Hofstra,N.C. State,,2026,False,Portal committed,2026-07-11T12:09:26+00:00
barttorvik-2026-3435,Preston Turner,Eastern Illinois,UTSA,,2026,False,Portal committed,2026-07-11T12:09:26+00:00
barttorvik-2026-2154,Qadir Martin,Mercyhurst,Fairfield,,2026,False,Portal committed,2026-07-11T12:09:26+00:00
barttorvik-2026-230,Quadri Bashiru,Longwood,Davidson,,2026,False,Portal committed,2026-07-11T12:09:26+00:00
barttorvik-2026-1969,Quan Lax,Austin Peay,North Alabama,,2026,False,Portal committed,2026-07-11T12:09:26+00:00
barttorvik-2026-286,Quante Berry,Memphis,Lamar,,2026,False,Portal committed,2026-07-11T12:09:26+00:00
barttorvik-2026-2258,Quaran McPherson,UAB,Louisiana Monroe,,2026,False,Portal committed,2026-07-11T12:09:26+00:00
barttorvik-2026-1571,Quel'Ron House,Southern Illinois,Texas St.,,2026,False,Portal committed,2026-07-11T12:09:26+00:00
barttorvik-2026-2877,Quentin Rhymes,Nebraska,Fresno St.,,2026,False,Portal committed,2026-07-11T12:09:26+00:00
barttorvik-2026-280,Quin Berger,Bucknell,Miami FL,,2026,False,Portal committed,2026-07-11T12:09:26+00:00
barttorvik-2026-75,Quincy Allen,Bryant,Southeastern Louisiana,,2026,False,Portal committed,2026-07-11T12:09:26+00:00
barttorvik-2026-217,Quintero Barnett,Walsh,Middle Tennessee,,2026,False,Portal committed,2026-07-11T12:09:26+00:00
barttorvik-2026-718,Quintin Cooper,Hampton,Odessa College,,2026,False,Portal committed,2026-07-11T12:09:26+00:00
barttorvik-2026-3020,Quinton Sanders,Lamar,Angelina College,,2026,False,Portal committed,2026-07-11T12:09:26+00:00
barttorvik-2026-3637,Quion Williams,Abilene Christian,Arkansas Pine Bluff,,2026,False,Portal committed,2026-07-11T12:09:26+00:00
barttorvik-2026-1880,R'Chaun King,Alabama St.,Southern,,2026,False,Portal committed,2026-07-11T12:09:26+00:00
barttorvik-2026-1328,RJ Greer,Davidson,UNC Greensboro,,2026,False,Portal committed,2026-07-11T12:09:26+00:00
barttorvik-2026-1716,RJ Johnson,Kennesaw St.,Mississippi St.,,2026,False,Portal committed,2026-07-11T12:09:26+00:00
barttorvik-2026-1758,RJ Jones,TCU,Washington St.,,2026,False,Portal committed,2026-07-11T12:09:26+00:00
barttorvik-2026-1827,RJ Keene,Boise St.,N.C. State,,2026,False,Portal committed,2026-07-11T12:09:26+00:00
barttorvik-2026-3168,RJ Smith,DePaul,UC Santa Barbara,,2026,False,Portal committed,2026-07-11T12:09:26+00:00
barttorvik-2026-3313,RJ Taylor,Northern Iowa,Oakland,,2026,False,Portal committed,2026-07-11T12:09:26+00:00
barttorvik-2026-1771,RaSheed Jones,Coastal Carolina,Rutgers,,2026,False,Portal committed,2026-07-11T12:09:26+00:00
barttorvik-2026-219,Rahmir Barno,Florida Gulf Coast,UC San Diego,,2026,False,Portal committed,2026-07-11T12:09:26+00:00
barttorvik-2026-2167,Ralph Martino Jr.,Saint Francis,Florida A&M,,2026,False,Portal committed,2026-07-11T12:09:26+00:00
barttorvik-2026-291,Ramel Bethea,Green Bay,The Citadel,,2026,False,Portal committed,2026-07-11T12:09:26+00:00
barttorvik-2026-947,Ramere Draper,Claflin,Western Michigan,,2026,False,Portal committed,2026-07-11T12:09:26+00:00
barttorvik-2026-3063,Ramone Seals,Kennesaw St.,FIU,,2026,False,Portal committed,2026-07-11T12:09:26+00:00
barttorvik-2026-3681,Rashaad Williams,Seton Hill,Georgia Southern,,2026,False,Portal committed,2026-07-11T12:09:26+00:00
barttorvik-2026-1630,Rashawn Inglemon,Anderson,Campbell,,2026,False,Portal committed,2026-07-11T12:09:26+00:00
barttorvik-2026-1335,Rayvon Griffith,Kent St.,Cleveland St.,,2026,False,Portal committed,2026-07-11T12:09:26+00:00
barttorvik-2026-2820,Raúl Pérez,Mount Olive,Ohio Dominican,,2026,False,Portal committed,2026-07-11T12:09:26+00:00
barttorvik-2026-3487,Raúl Villar,Charlotte,Elon,,2026,False,Portal committed,2026-07-11T12:09:26+00:00
barttorvik-2026-1316,ReJuan Gray,District of Columbia,Frostburg St.,,2026,False,Portal committed,2026-07-11T12:09:26+00:00
barttorvik-2026-3373,Redd Thompson Jr.,Longwood,Mount St. Mary's,,2026,False,Portal committed,2026-07-11T12:09:26+00:00
barttorvik-2026-2309,Reese Miller,William & Mary,UTEP,,2026,False,Portal committed,2026-07-11T12:09:26+00:00
barttorvik-2026-589,Reid Cason,East Carolina,UTEP,,2026,False,Portal committed,2026-07-11T12:09:26+00:00
barttorvik-2026-3192,Renars Sondors,Louisiana Monroe,Wyoming,,2026,False,Portal committed,2026-07-11T12:09:26+00:00
barttorvik-2026-3255,Rex Stirling,Wofford,Jacksonville,,2026,False,Portal committed,2026-07-11T12:09:26+00:00
barttorvik-2026-3284,Rex Sunderland,Stonehill,Utah Tech,,2026,False,Portal committed,2026-07-11T12:09:26+00:00
barttorvik-2026-1332,Riccardo Greppi,Wisconsin,Sam Houston St.,,2026,False,Portal committed,2026-07-11T12:09:26+00:00
barttorvik-2026-226,Rich Barron,Providence,Toledo,,2026,False,Portal committed,2026-07-11T12:09:26+00:00
barttorvik-2026-412,Rich Brisco,Akron,Rider,,2026,False,Portal committed,2026-07-11T12:09:26+00:00
barttorvik-2026-2958,Rich Rolf,Youngstown St.,Miami OH,,2026,False,Portal committed,2026-07-11T12:09:26+00:00
barttorvik-2026-1295,Richard Goods,Stony Brook,South Florida,,2026,False,Portal committed,2026-07-11T12:09:26+00:00
barttorvik-2026-2243,Ricky McKenzie,Marist,Eastern Florida State College,,2026,False,Portal committed,2026-07-11T12:09:26+00:00
barttorvik-2026-3439,Ridvan Tutic,Stonehill,Sacramento St.,,2026,False,Portal committed,2026-07-11T12:09:26+00:00
barttorvik-2026-2454,Ries Naugle,Bloomsburg,USC Upstate,,2026,False,Portal committed,2026-07-11T12:09:26+00:00
barttorvik-2026-3474,Rihards Vavers,Washington St.,Memphis,,2026,False,Portal committed,2026-07-11T12:09:26+00:00
barttorvik-2026-79,Riley Allenspach,George Mason,Cincinnati,,2026,False,Portal committed,2026-07-11T12:09:26+00:00
barttorvik-2026-2528,Ring Nyeri,Northern Colorado,Wake Forest,,2026,False,Portal committed,2026-07-11T12:09:26+00:00
barttorvik-2026-884,Rob Diaz,Long Beach St.,North Dakota St.,,2026,False,Portal committed,2026-07-11T12:09:26+00:00
barttorvik-2026-1985,"Rob Lee, Jr.",Lamar,Western Michigan,,2026,False,Portal committed,2026-07-11T12:09:26+00:00
barttorvik-2026-736,Robert Cowherd,Southern Miss,Louisiana Monroe,,2026,False,Portal committed,2026-07-11T12:09:26+00:00
barttorvik-2026-817,Robert Davis Jr.,Old Dominion,Troy,,2026,False,Portal committed,2026-07-11T12:09:26+00:00
barttorvik-2026-1701,Robert Jennings,Oklahoma St.,Maryland,,2026,False,Portal committed,2026-07-11T12:09:26+00:00
barttorvik-2026-3455,Robert Vaihola,Minnesota,San Jose St.,,2026,False,Portal committed,2026-07-11T12:09:26+00:00
barttorvik-2026-335,Roberts Blums,Davidson,Penn St.,,2026,False,Portal committed,2026-07-11T12:09:26+00:00
barttorvik-2026-108,Roddie Anderson III,Xavier,Seton Hall,,2026,False,Portal committed,2026-07-11T12:09:26+00:00
barttorvik-2026-431,Rodney Brown Jr.,Loyola Marymount,Seton Hall,,2026,False,Portal committed,2026-07-11T12:09:26+00:00
barttorvik-2026-67,Rolyns Aligbe,Southern Illinois,Xavier,,2026,False,Portal committed,2026-07-11T12:09:26+00:00
barttorvik-2026-3138,Roman Siulepa,Pittsburgh,Mississippi,,2026,False,Portal committed,2026-07-11T12:09:26+00:00
barttorvik-2026-1704,Ronald Jessamy,Cal St. Bakersfield,Texas St.,,2026,False,Portal committed,2026-07-11T12:09:26+00:00
barttorvik-2026-1512,Rondae Hill,Southern,Henderson St.,,2026,False,Portal committed,2026-07-11T12:09:26+00:00
barttorvik-2026-1449,Ronnie Harrison,East Texas A&M,Washington St.,,2026,False,Portal committed,2026-07-11T12:09:26+00:00
barttorvik-2026-315,Rontavious Blackshear,Youngstown St.,Niagara,,2026,False,Portal committed,2026-07-11T12:09:26+00:00
barttorvik-2026-552,Ross Candelino,Lipscomb,Fresno St.,,2026,False,Portal committed,2026-07-11T12:09:26+00:00
barttorvik-2026-462,Rowan Brumbaugh,Tulane,SMU,,2026,False,Portal committed,2026-07-11T12:09:26+00:00
barttorvik-2026-1017,Rrezon Elezaj,Connecticut,Appalachian St.,,2026,False,Portal committed,2026-07-11T12:09:26+00:00
barttorvik-2026-362,Ruben Bos,Spring Hill,Cedarville,,2026,False,Portal committed,2026-07-11T12:09:26+00:00
barttorvik-2026-926,Ruben Dominguez,Texas A&M,Xavier,,2026,False,Portal committed,2026-07-11T12:09:26+00:00
barttorvik-2026-39,Ryan Agarwal,Stanford,Loyola Chicago,,2026,False,Portal committed,2026-07-11T12:09:26+00:00
barttorvik-2026-247,Ryan Beasley,San Francisco,Washington,,2026,False,Portal committed,2026-07-11T12:09:26+00:00
barttorvik-2026-333,Ryan Blount,Tampa,Tulane,,2026,False,Portal committed,2026-07-11T12:09:26+00:00
barttorvik-2026-1482,Ryan Heath,Daemen,St. Bonaventure,,2026,False,Portal committed,2026-07-11T12:09:26+00:00
barttorvik-2026-1666,"Ryan Jackson, Jr.",William & Mary,UTEP,,2026,False,Portal committed,2026-07-11T12:09:26+00:00
barttorvik-2026-1807,Ryan Kalambay,Detroit Mercy,St. Bonaventure,,2026,False,Portal committed,2026-07-11T12:09:26+00:00
barttorvik-2026-1932,Ryan Lafferty,St. Thomas,Idaho,,2026,False,Portal committed,2026-07-11T12:09:26+00:00
barttorvik-2026-2519,Ryan Nutter,Marshall,Lincoln Memorial,,2026,False,Portal committed,2026-07-11T12:09:26+00:00
barttorvik-2026-2714,Ryan Pettis,Fordham,Wagner,,2026,False,Portal committed,2026-07-11T12:09:26+00:00
barttorvik-2026-2786,Ryan Prather Jr.,Robert Morris,Iowa St.,,2026,False,Portal committed,2026-07-11T12:09:26+00:00
barttorvik-2026-2997,Ryan Sabol,Buffalo,Providence,,2026,False,Portal committed,2026-07-11T12:09:26+00:00
barttorvik-2026-3197,Ryan Soulis,Columbia,Northwestern,,2026,False,Portal committed,2026-07-11T12:09:26+00:00
barttorvik-2026-3791,Ryan Zan,Fairfield,New Hampshire,,2026,False,Portal committed,2026-07-11T12:09:26+00:00
barttorvik-2026-387,Ryder Bradley,St. Edward's,Oakland,,2026,False,Portal committed,2026-07-11T12:09:26+00:00
barttorvik-2026-1193,Ryder Frost,Notre Dame,George Washington,,2026,False,Portal committed,2026-07-11T12:09:26+00:00
barttorvik-2026-2709,Rytis Petraitis,California,New Mexico,,2026,False,Portal committed,2026-07-11T12:09:26+00:00
barttorvik-2026-1614,Sadiku Ibine Ayo,St. John's,Iona,,2026,False,Portal committed,2026-07-11T12:09:26+00:00
barttorvik-2026-89,Salih Altuntas,Miami FL,Saint Mary's,,2026,False,Portal committed,2026-07-11T12:09:26+00:00
barttorvik-2026-1741,Sam Johnson,Cedarville,Wright St.,,2026,False,Portal committed,2026-07-11T12:09:26+00:00
barttorvik-2026-2584,Sam Orme,Belmont,Nebraska,,2026,False,Portal committed,2026-07-11T12:09:26+00:00
barttorvik-2026-3532,Sam Walters,SMU,Troy,,2026,False,Portal committed,2026-07-11T12:09:26+00:00
barttorvik-2026-3774,Samet Yigitoglu,SMU,Indiana,,2026,False,Portal committed,2026-07-11T12:09:26+00:00
barttorvik-2026-533,Samis Calderon,Kansas,Butler,,2026,False,Portal committed,2026-07-11T12:09:26+00:00
barttorvik-2026-59,Samson Aletan,Yale,Providence,,2026,False,Portal committed,2026-07-11T12:09:26+00:00
barttorvik-2026-2871,Samson Reilly,Quinnipiac,Sacred Heart,,2026,False,Portal committed,2026-07-11T12:09:26+00:00
barttorvik-2026-1524,Samuel Hincapie,Le Moyne,North Dakota,,2026,False,Portal committed,2026-07-11T12:09:26+00:00
barttorvik-2026-2512,Samuel Nosakhare,Quinnipiac,Gardner Webb,,2026,False,Portal committed,2026-07-11T12:09:26+00:00
barttorvik-2026-1194,Sananda Fru,Louisville,Marquette,,2026,False,Portal committed,2026-07-11T12:09:26+00:00
barttorvik-2026-3420,Santiago Trouet,Arizona St.,Mississippi,,2026,False,Portal committed,2026-07-11T12:09:26+00:00
barttorvik-2026-635,Sasa Ciani,Penn St.,Sacramento St.,,2026,False,Portal committed,2026-07-11T12:09:26+00:00
barttorvik-2026-2295,Scotty Middleton,Tulane,San Jose St.,,2026,False,Portal committed,2026-07-11T12:09:26+00:00
barttorvik-2026-323,Sean Blake,Vermont,Ball St.,,2026,False,Portal committed,2026-07-11T12:09:26+00:00
barttorvik-2026-324,Sean Blakely Drummond,San Francisco,Oregon St.,,2026,False,Portal committed,2026-07-11T12:09:26+00:00
barttorvik-2026-1020,Sean Elkinton,Louisiana,St. Edward's,,2026,False,Portal committed,2026-07-11T12:09:26+00:00
barttorvik-2026-1760,Sean Jones,Marquette,Toledo,,2026,False,Portal committed,2026-07-11T12:09:26+00:00
barttorvik-2026-2043,Sean Logan,Davidson,Saint Joseph's,,2026,False,Portal committed,2026-07-11T12:09:26+00:00
barttorvik-2026-2777,Sean Pouedet,Dayton,Cal St. Bakersfield,,2026,False,Portal committed,2026-07-11T12:09:26+00:00
barttorvik-2026-3459,Sean Van Dorn Jr.,Georgia Southern,Southern,,2026,False,Portal committed,2026-07-11T12:09:26+00:00
barttorvik-2026-48,Sebastian Akins,Wake Forest,Washington St.,,2026,False,Portal committed,2026-07-11T12:09:26+00:00
barttorvik-2026-1457,Sebastian Hartmann,Chattanooga,UMKC,,2026,False,Portal committed,2026-07-11T12:09:26+00:00
barttorvik-2026-2088,Sebastian Mack,Missouri,UNLV,,2026,False,Portal committed,2026-07-11T12:09:26+00:00
barttorvik-2026-2831,Sebastian Rancik,Colorado,Florida St.,,2026,False,Portal committed,2026-07-11T12:09:26+00:00
barttorvik-2026-2931,Sebastian Robinson,NJIT,Texas A&M Corpus Chris,,2026,False,Portal committed,2026-07-11T12:09:26+00:00
barttorvik-2026-3388,Sebastian Tidor,Portland St.,Prairie View A&M,,2026,False,Portal committed,2026-07-11T12:09:26+00:00
barttorvik-2026-3696,Sebastian Williams-Adams,Auburn,Vanderbilt,,2026,False,Portal committed,2026-07-11T12:09:26+00:00
barttorvik-2026-1909,Sekou Konneh,Milwaukee,San Diego,,2026,False,Portal committed,2026-07-11T12:09:26+00:00
barttorvik-2026-293,Semaj Bethea,Bloomfield,Holy Family,,2026,False,Portal committed,2026-07-11T12:09:26+00:00
barttorvik-2026-2375,Sentinel Moore,Anderson,Campbell,,2026,False,Portal committed,2026-07-11T12:09:26+00:00
barttorvik-2026-2092,Sergej Macura,Mississippi St.,UCLA,,2026,False,Portal committed,2026-07-11T12:09:26+00:00
barttorvik-2026-451,Seth Brown,Fresno Pacific,Gardner Webb,,2026,False,Portal committed,2026-07-11T12:09:26+00:00
barttorvik-2026-1582,Seth Hubbard,Milwaukee,Hampton,,2026,False,Portal committed,2026-07-11T12:09:26+00:00
barttorvik-2026-2470,Seth Ned,Northwestern St.,Lake St.,,2026,False,Portal committed,2026-07-11T12:09:26+00:00
barttorvik-2026-3413,Seydou Traore,Utah,West Virginia,,2026,False,Portal committed,2026-07-11T12:09:26+00:00
barttorvik-2026-1956,Shadrak Lasu,LIU,Eastern Kentucky,,2026,False,Portal committed,2026-07-11T12:09:26+00:00
barttorvik-2026-1588,Shamarrie Hugie,Marshall,Austin Peay,,2026,False,Portal committed,2026-07-11T12:09:26+00:00
barttorvik-2026-325,Shane Blakeney,Drexel,South Carolina,,2026,False,Portal committed,2026-07-11T12:09:26+00:00
barttorvik-2026-1938,Shane Lancaster,Alcorn St.,North Carolina A&T,,2026,False,Portal committed,2026-07-11T12:09:26+00:00
barttorvik-2026-3242,Shane Stevensen,Roosevelt,Life (GA),,2026,False,Portal committed,2026-07-11T12:09:26+00:00
barttorvik-2026-3780,Sharron Young,Akron,Western Kentucky,,2026,False,Portal committed,2026-07-11T12:09:26+00:00
barttorvik-2026-147,Shaun Arnold,UIndy,Tennessee Tech,,2026,False,Portal committed,2026-07-11T12:09:26+00:00
barttorvik-2026-2685,Sheek Pearson,Marquette,Saint Louis,,2026,False,Portal committed,2026-07-11T12:09:26+00:00
barttorvik-2026-1499,Shelton Henton,Colorado School of Mines,Lafayette,,2026,False,Portal committed,2026-07-11T12:09:26+00:00
barttorvik-2026-985,Shey Eberwein,South Dakota,UTSA,,2026,False,Portal committed,2026-07-11T12:09:26+00:00
barttorvik-2026-2,Shon Abaev,Cincinnati,Florida St.,,2026,False,Portal committed,2026-07-11T12:09:26+00:00
barttorvik-2026-3430,Shon Tupuola,Valparaiso,Murray St.,,2026,False,Portal committed,2026-07-11T12:09:26+00:00
barttorvik-2026-1351,Sidi Gueye,Arizona,Santa Clara,,2026,False,Portal committed,2026-07-11T12:09:26+00:00
barttorvik-2026-3629,Simeon Wilcher,Texas,Seton Hall,,2026,False,Portal committed,2026-07-11T12:09:26+00:00
barttorvik-2026-2994,Simm Saadi,Wyoming,Central Arkansas,,2026,False,Portal committed,2026-07-11T12:09:26+00:00
barttorvik-2026-2110,Simon Majok,Memphis,Nevada,,2026,False,Portal committed,2026-07-11T12:09:26+00:00
barttorvik-2026-1639,Sir Issac Herron,Louisiana Tech,Temple,,2026,False,Portal committed,2026-07-11T12:09:26+00:00
barttorvik-2026-2147,Sir Marius Jones,New Mexico,Weber St.,,2026,False,Portal committed,2026-07-11T12:09:26+00:00
barttorvik-2026-2349,Sir Mohammed,Notre Dame,Penn,,2026,False,Portal committed,2026-07-11T12:09:26+00:00
barttorvik-2026-535,Solomon Callaghan,Wright St.,Utah St.,,2026,False,Portal committed,2026-07-11T12:09:26+00:00
barttorvik-2026-780,Somto Cyril,Georgia,Miami FL,,2026,False,Portal committed,2026-07-11T12:09:26+00:00
barttorvik-2026-3708,Sonny Wilson,Toledo,South Florida,,2026,False,Portal committed,2026-07-11T12:09:26+00:00
barttorvik-2026-3123,Spence Sims,Gardner Webb,Winthrop,,2026,False,Portal committed,2026-07-11T12:09:26+00:00
barttorvik-2026-3596,Spence Wewe,Quinnipiac,Hofstra,,2026,False,Portal committed,2026-07-11T12:09:26+00:00
barttorvik-2026-1024,Spencer Elliott,Charlotte,UNC Wilmington,,2026,False,Portal committed,2026-07-11T12:09:26+00:00
barttorvik-2026-2106,Spencer Mahoney,Temple,Denver,,2026,False,Portal committed,2026-07-11T12:09:26+00:00
barttorvik-2026-3139,Stas Sivka,George Mason,William & Mary,,2026,False,Portal committed,2026-07-11T12:09:26+00:00
barttorvik-2026-2274,Steele Meister,Findlay,Mount Vernon Nazarene University,,2026,False,Portal committed,2026-07-11T12:09:26+00:00
barttorvik-2026-3477,Steele Venters,Gonzaga,Washington,,2026,False,Portal committed,2026-07-11T12:09:26+00:00
barttorvik-2026-3814,Stef van Bussel,Duquesne,South Dakota,,2026,False,Portal committed,2026-07-11T12:09:26+00:00
barttorvik-2026-636,Stefan Cicic,Pepperdine,Mississippi,,2026,False,Portal committed,2026-07-11T12:09:26+00:00
barttorvik-2026-3453,Stefan Vaaks,Providence,Illinois,,2026,False,Portal committed,2026-07-11T12:09:26+00:00
barttorvik-2026-3515,Stephaun Walker,Old Dominion,Alabama A&M,,2026,False,Portal committed,2026-07-11T12:09:26+00:00
barttorvik-2026-2569,Stephen Olowoniyi,Oregon St.,Duquesne,,2026,False,Portal committed,2026-07-11T12:09:26+00:00
barttorvik-2026-3188,Steven Solano,Saint Joseph's,Delaware,,2026,False,Portal committed,2026-07-11T12:09:26+00:00
barttorvik-2026-1012,Stevie Elam,Milwaukee,Miami OH,,2026,False,Portal committed,2026-07-11T12:09:26+00:00
barttorvik-2026-1050,Stewart Erhart,Fort Lewis,Green Bay,,2026,False,Portal committed,2026-07-11T12:09:26+00:00
barttorvik-2026-2729,Styles Phipps,Pepperdine,Nevada,,2026,False,Portal committed,2026-07-11T12:09:26+00:00
barttorvik-2026-1996,T.J. Lewis,USC Upstate,Francis Marion,,2026,False,Portal committed,2026-07-11T12:09:26+00:00
barttorvik-2026-222,T.O. Barrett,Missouri,Vanderbilt,,2026,False,Portal committed,2026-07-11T12:09:26+00:00
barttorvik-2026-493,TJ Burch,Wright St.,Utah,,2026,False,Portal committed,2026-07-11T12:09:26+00:00
barttorvik-2026-534,TJ Caldwell,Arkansas St.,UAB,,2026,False,Portal committed,2026-07-11T12:09:26+00:00
barttorvik-2026-2444,TJ Nadeau,Detroit Mercy,Tulane,,2026,False,Portal committed,2026-07-11T12:09:26+00:00
barttorvik-2026-2928,TJ Robinson,Saint Peter's,Longwood,,2026,False,Portal committed,2026-07-11T12:09:26+00:00
barttorvik-2026-3231,Tahj Staveskie,Incarnate Word,Akron,,2026,False,Portal committed,2026-07-11T12:09:26+00:00
barttorvik-2026-2715,Tahlan Pettway,Western Carolina,UNC Wilmington,,2026,False,Portal committed,2026-07-11T12:09:26+00:00
barttorvik-2026-608,Taison Chatman,Ohio St.,Utah,,2026,False,Portal committed,2026-07-11T12:09:26+00:00
barttorvik-2026-469,Taj Bryant,Sacred Heart,Wagner,,2026,False,Portal committed,2026-07-11T12:09:26+00:00
barttorvik-2026-844,Taj DeGourville,San Diego St.,Nebraska,,2026,False,Portal committed,2026-07-11T12:09:26+00:00
barttorvik-2026-2137,Taj Manning,Kansas St.,Iowa St.,,2026,False,Portal committed,2026-07-11T12:09:26+00:00
barttorvik-2026-3531,Taj Walters,Northern Illinois,Little Rock,,2026,False,Portal committed,2026-07-11T12:09:26+00:00
barttorvik-2026-1759,Tajae Jones,Siena,Wagner,,2026,False,Portal committed,2026-07-11T12:09:26+00:00
barttorvik-2026-3117,Tajuan Simpkins,Seton Hall,Mississippi St.,,2026,False,Portal committed,2026-07-11T12:09:26+00:00
barttorvik-2026-1108,Tameron Ferguson,Augustana,Arkansas St.,,2026,False,Portal committed,2026-07-11T12:09:26+00:00
barttorvik-2026-3775,Tan Yildizoglu,VMI,Siena,,2026,False,Portal committed,2026-07-11T12:09:26+00:00
barttorvik-2026-821,Tanner Davis,Utah Tech,Utah Valley,,2026,False,Portal committed,2026-07-11T12:09:26+00:00
barttorvik-2026-1474,Tanner Hayhurst,Southern Utah,Western Michigan,,2026,False,Portal committed,2026-07-11T12:09:26+00:00
barttorvik-2026-3341,Tanner Thomas,Loyola Marymount,Hofstra,,2026,False,Portal committed,2026-07-11T12:09:26+00:00
barttorvik-2026-1294,Tasman Goodrick,Siena,Syracuse,,2026,False,Portal committed,2026-07-11T12:09:26+00:00
barttorvik-2026-2223,Tate McCubbin,Austin Peay,Northern Iowa,,2026,False,Portal committed,2026-07-11T12:09:26+00:00
barttorvik-2026-720,Tavaj Cope,New Orleans,Tarleton St.,,2026,False,Portal committed,2026-07-11T12:09:26+00:00
barttorvik-2026-2372,Taye Moore,Mo.-St. Louis,Western Illinois,,2026,False,Portal committed,2026-07-11T12:09:26+00:00
barttorvik-2026-769,Tayeshawn Cunningham-Pemberton,Assumption,Quinnipiac,,2026,False,Portal committed,2026-07-11T12:09:26+00:00
barttorvik-2026-342,Taylor Bol Bowen,Alabama,Oregon,,2026,False,Portal committed,2026-07-11T12:09:26+00:00
barttorvik-2026-1447,"Tee Harris, Jr.",Wheeling,Winthrop,,2026,False,Portal committed,2026-07-11T12:09:26+00:00
barttorvik-2026-2826,Tennessee Rainwater,Le Moyne,Mercyhurst,,2026,False,Portal committed,2026-07-11T12:09:26+00:00
barttorvik-2026-135,Terrance Arceneaux,N.C. State,George Washington,,2026,False,Portal committed,2026-07-11T12:09:26+00:00
barttorvik-2026-915,Terrance Dixon Jr.,Southern,Georgia St.,,2026,False,Portal committed,2026-07-11T12:09:26+00:00
barttorvik-2026-1151,"Terrance Ford, Jr.",Tulsa,UNLV,,2026,False,Portal committed,2026-07-11T12:09:26+00:00
barttorvik-2026-3746,Terrell Wright,Newman,Central Oklahoma,,2026,False,Portal committed,2026-07-11T12:09:26+00:00
barttorvik-2026-436,Terrence Brown,Utah,North Carolina,,2026,False,Portal committed,2026-07-11T12:09:26+00:00
barttorvik-2026-1514,Terrence Hill Jr.,VCU,Tennessee,,2026,False,Portal committed,2026-07-11T12:09:26+00:00
barttorvik-2026-701,"Terry Coner, Jr.",Okla. Baptist,Cal Baptist,,2026,False,Portal committed,2026-07-11T12:09:26+00:00
barttorvik-2026-2254,Terry McMorris,Eastern Illinois,San Diego,,2026,False,Portal committed,2026-07-11T12:09:26+00:00
barttorvik-2026-3272,Thiago Sucatzky,FIU,Stetson,,2026,False,Portal committed,2026-07-11T12:09:26+00:00
barttorvik-2026-71,Thomas Allard,Alabama Huntsville,Penn St.,,2026,False,Portal committed,2026-07-11T12:09:26+00:00
barttorvik-2026-236,Thomas Bassong,Florida St.,Mississippi St.,,2026,False,Portal committed,2026-07-11T12:09:26+00:00
barttorvik-2026-892,Thomas Diew,Jamestown,Minnesota State,,2026,False,Portal committed,2026-07-11T12:09:26+00:00
barttorvik-2026-943,Thomas Dowd,Troy,Auburn,,2026,False,Portal committed,2026-07-11T12:09:26+00:00
barttorvik-2026-2462,Thomas Ndong,Cal Baptist,Saint Mary's,,2026,False,Portal committed,2026-07-11T12:09:26+00:00
barttorvik-2026-882,Tiefing Diawara,Syracuse,South Florida,,2026,False,Portal committed,2026-07-11T12:09:26+00:00
barttorvik-2026-3267,Tiernan Stynes,Quincy,Cal St. Fullerton,,2026,False,Portal committed,2026-07-11T12:09:26+00:00
barttorvik-2026-2536,Tim Oboh,Buffalo,Penn St.,,2026,False,Portal committed,2026-07-11T12:09:26+00:00
barttorvik-2026-2764,Timeo Pons,New Mexico,Abilene Christian,,2026,False,Portal committed,2026-07-11T12:09:26+00:00
barttorvik-2026-2982,Timofei Rudovskii,Bryant,Pittsburgh,,2026,False,Portal committed,2026-07-11T12:09:26+00:00
barttorvik-2026-2124,Timotej Malovec,Miami FL,Kansas St.,,2026,False,Portal committed,2026-07-11T12:09:26+00:00
barttorvik-2026-862,Tito Deng,Jacksonville,Charleston Southern,,2026,False,Portal committed,2026-07-11T12:09:26+00:00
barttorvik-2026-3012,Tolu Samuels,Southern Indiana,Northern Illinois,,2026,False,Portal committed,2026-07-11T12:09:26+00:00
barttorvik-2026-3384,Tomas Thrastarson,Washington St.,Seattle,,2026,False,Portal committed,2026-07-11T12:09:26+00:00
barttorvik-2026-485,Tomislav Buljan,New Mexico,Maryland,,2026,False,Portal committed,2026-07-11T12:09:26+00:00
barttorvik-2026-951,Tony Duckett,Saint Mary's,UC Riverside,,2026,False,Portal committed,2026-07-11T12:09:26+00:00
barttorvik-2026-86,Torey Alston,Middle Tennessee,VCU,,2026,False,Portal committed,2026-07-11T12:09:26+00:00
barttorvik-2026-3772,Tounde Yessoufou,Baylor,St. John's,,2026,False,Portal committed,2026-07-11T12:09:26+00:00
barttorvik-2026-3372,Trajan Thompson,Denver,West Florida,,2026,False,Portal committed,2026-07-11T12:09:26+00:00
barttorvik-2026-1726,Trap Johnson,UC San Diego,VMI,,2026,False,Portal committed,2026-07-11T12:09:26+00:00
barttorvik-2026-473,Travelle Bryson,Howard,Western Carolina,,2026,False,Portal committed,2026-07-11T12:09:26+00:00
barttorvik-2026-2703,Travis Perry,Mississippi,Dayton,,2026,False,Portal committed,2026-07-11T12:09:26+00:00
barttorvik-2026-3406,Travis Torain,Austin Peay,Fairleigh Dickinson,,2026,False,Portal committed,2026-07-11T12:09:26+00:00
barttorvik-2026-1467,Tre Hawkins,Goldey-Beacom,Delaware St.,,2026,False,Portal committed,2026-07-11T12:09:26+00:00
barttorvik-2026-2247,Tre McKinnon,Appalachian St.,Saint Leo,,2026,False,Portal committed,2026-07-11T12:09:26+00:00
barttorvik-2026-2508,Tre Norman,Marquette,Milwaukee,,2026,False,Portal committed,2026-07-11T12:09:26+00:00
barttorvik-2026-2783,Tre Powell,Goldey-Beacom,Chattanooga,,2026,False,Portal committed,2026-07-11T12:09:26+00:00
barttorvik-2026-3129,Tre Singleton,Northwestern,Iowa St.,,2026,False,Portal committed,2026-07-11T12:09:26+00:00
barttorvik-2026-3090,Tre'shawn Sheppard,LIU,Clark Atlanta,,2026,False,Portal committed,2026-07-11T12:09:26+00:00
barttorvik-2026-2296,Trent Middleton Jr.,North Carolina A&T,Louisiana,,2026,False,Portal committed,2026-07-11T12:09:26+00:00
barttorvik-2026-2398,Trent Mosquera,Le Moyne,Tennessee Tech,,2026,False,Portal committed,2026-07-11T12:09:26+00:00
barttorvik-2026-1990,Trevan Leonhardt,Utah Valley,Nebraska,,2026,False,Portal committed,2026-07-11T12:09:26+00:00
barttorvik-2026-576,Trevian Carson,North Dakota St.,Cincinnati,,2026,False,Portal committed,2026-07-11T12:09:26+00:00
barttorvik-2026-1930,Trevion LaBeaux,East Carolina,Western Kentucky,,2026,False,Portal committed,2026-07-11T12:09:26+00:00
barttorvik-2026-329,Trevon Blassingame,Idaho,William & Mary,,2026,False,Portal committed,2026-07-11T12:09:26+00:00
barttorvik-2026-2681,Trevon Payton,Arkansas Pine Bluff,Bradley,,2026,False,Portal committed,2026-07-11T12:09:26+00:00
barttorvik-2026-289,Trevor Best,Arizona St.,East Carolina,,2026,False,Portal committed,2026-07-11T12:09:26+00:00
barttorvik-2026-1173,Trevor Frank,Dallas Baptist,Portland St.,,2026,False,Portal committed,2026-07-11T12:09:26+00:00
barttorvik-2026-1494,Trevor Hennig,Weber St.,East Tennessee St.,,2026,False,Portal committed,2026-07-11T12:09:26+00:00
barttorvik-2026-2759,Trevor Polite,Northern Michigan,Northern Illinois,,2026,False,Portal committed,2026-07-11T12:09:26+00:00
barttorvik-2026-163,Trey Autry,George Washington,Wisconsin,,2026,False,Portal committed,2026-07-11T12:09:26+00:00
barttorvik-2026-433,Trey Brown,Maryland Eastern Shore,North Carolina Central,,2026,False,Portal committed,2026-07-11T12:09:26+00:00
barttorvik-2026-529,Trey Cady,North Florida,Denver,,2026,False,Portal committed,2026-07-11T12:09:26+00:00
barttorvik-2026-1565,Trey Horton,UTEP,Lincoln Memorial,,2026,False,Portal committed,2026-07-11T12:09:26+00:00
barttorvik-2026-1891,Trey Kleitz,Roberts Wesleyan,Houghton,,2026,False,Portal committed,2026-07-11T12:09:26+00:00
barttorvik-2026-2002,Trey Lewis,Western Michigan,Ball St.,,2026,False,Portal committed,2026-07-11T12:09:26+00:00
barttorvik-2026-2399,Trey Moss,George Washington,La Salle,,2026,False,Portal committed,2026-07-11T12:09:26+00:00
barttorvik-2026-2658,Trey Patterson,Rice,Saint Peter's,,2026,False,Portal committed,2026-07-11T12:09:26+00:00
barttorvik-2026-2701,Trey Perry,Miami OH,Coastal Carolina,,2026,False,Portal committed,2026-07-11T12:09:26+00:00
barttorvik-2026-2713,Trey Pettigrew,Johnson C. Smith,Morgan St.,,2026,False,Portal committed,2026-07-11T12:09:26+00:00
barttorvik-2026-3055,Trey Scott III,Georgia St.,Charleston,,2026,False,Portal committed,2026-07-11T12:09:26+00:00
barttorvik-2026-3113,Trey Simmons,Frostburg St.,Bowling Green,,2026,False,Portal committed,2026-07-11T12:09:26+00:00
barttorvik-2026-109,Treyson Anderson,North Dakota St.,Butler,,2026,False,Portal committed,2026-07-11T12:09:26+00:00
barttorvik-2026-2094,Treyvon Maddox,Miami FL,UNC Wilmington,,2026,False,Portal committed,2026-07-11T12:09:26+00:00
barttorvik-2026-251,Tristan Beckford,South Florida,Bowling Green,,2026,False,Portal committed,2026-07-11T12:09:26+00:00
barttorvik-2026-1343,Tristan Gross,Mercer,Radford,,2026,False,Portal committed,2026-07-11T12:09:26+00:00
barttorvik-2026-1150,Tristian Ford,Murray St.,Dayton,,2026,False,Portal committed,2026-07-11T12:09:26+00:00
barttorvik-2026-3554,Tru Washington,Miami FL,Xavier,,2026,False,Portal committed,2026-07-11T12:09:26+00:00
barttorvik-2026-527,Truman Byrne,Central Arkansas,Lipscomb,,2026,False,Portal committed,2026-07-11T12:09:26+00:00
barttorvik-2026-661,Truman Claytor IV,Little Rock,Georgia Southern,,2026,False,Portal committed,2026-07-11T12:09:26+00:00
barttorvik-2026-114,Tucker Anderson,Utah St.,Central Arkansas,,2026,False,Portal committed,2026-07-11T12:09:26+00:00
barttorvik-2026-3407,Tucker Tornatta,Valparaiso,Bellarmine,,2026,False,Portal committed,2026-07-11T12:09:26+00:00
barttorvik-2026-3454,Tunde Vahlberg Fasasi,William & Mary,New Mexico,,2026,False,Portal committed,2026-07-11T12:09:26+00:00
barttorvik-2026-298,Ty Bevins,George Washington,Rider,,2026,False,Portal committed,2026-07-11T12:09:26+00:00
barttorvik-2026-823,Ty Davis,Creighton,Samford,,2026,False,Portal committed,2026-07-11T12:09:26+00:00
barttorvik-2026-1169,Ty Francis,Northeastern,Le Moyne,,2026,False,Portal committed,2026-07-11T12:09:26+00:00
barttorvik-2026-2689,Ty Pence,Illinois St.,Akron,,2026,False,Portal committed,2026-07-11T12:09:26+00:00
barttorvik-2026-2946,Ty Rodgers,Illinois,Boise St.,,2026,False,Portal committed,2026-07-11T12:09:26+00:00
barttorvik-2026-3488,Ty Virgil,Pepperdine,Idaho St.,,2026,False,Portal committed,2026-07-11T12:09:26+00:00
barttorvik-2026-682,Ty'Reek Coleman,Illinois St.,Iowa,,2026,False,Portal committed,2026-07-11T12:09:26+00:00
barttorvik-2026-174,Tybo Bailey,East Carolina,Southeastern Louisiana,,2026,False,Portal committed,2026-07-11T12:09:26+00:00
barttorvik-2026-2225,Tycen McDaniels,Alcorn St.,UT Arlington,,2026,False,Portal committed,2026-07-11T12:09:26+00:00
barttorvik-2026-1997,Tylan Lewis,Abilene Christian,Trevecca Nazarene,,2026,False,Portal committed,2026-07-11T12:09:26+00:00
barttorvik-2026-2898,Tylen Riley,Tulsa,Cincinnati,,2026,False,Portal committed,2026-07-11T12:09:26+00:00
barttorvik-2026-253,Tyler Behrend,Tulsa,Grand Canyon,,2026,False,Portal committed,2026-07-11T12:09:26+00:00
barttorvik-2026-295,Tyler Betsey,Syracuse,BYU,,2026,False,Portal committed,2026-07-11T12:09:26+00:00
barttorvik-2026-366,Tyler Boston,Holy Cross,Seattle,,2026,False,Portal committed,2026-07-11T12:09:26+00:00
barttorvik-2026-1345,Tyler Grove,Indiana (PA),Walsh,,2026,False,Portal committed,2026-07-11T12:09:26+00:00
barttorvik-2026-1427,Tyler Harris,Vanderbilt,UNLV,,2026,False,Portal committed,2026-07-11T12:09:26+00:00
barttorvik-2026-1492,Tyler Hendricks,Utah Valley,Oklahoma,,2026,False,Portal committed,2026-07-11T12:09:26+00:00
barttorvik-2026-1573,Tyler Houser,Delaware,Chattanooga,,2026,False,Portal committed,2026-07-11T12:09:26+00:00
barttorvik-2026-1635,Tyler Isaak,Montana,Concordia Irvine,,2026,False,Portal committed,2026-07-11T12:09:26+00:00
barttorvik-2026-1653,Tyler Jackson,Eastern Kentucky,Hampton,,2026,False,Portal committed,2026-07-11T12:09:26+00:00
barttorvik-2026-1919,Tyler Kropp,Northwestern,Washington St.,,2026,False,Portal committed,2026-07-11T12:09:26+00:00
barttorvik-2026-1977,Tyler Lee,Central Arkansas,Lincoln Memorial,,2026,False,Portal committed,2026-07-11T12:09:26+00:00
barttorvik-2026-2078,Tyler Lundblade,Belmont,Tennessee,,2026,False,Portal committed,2026-07-11T12:09:26+00:00
barttorvik-2026-2246,Tyler McKinley,Cincinnati,Charlotte,,2026,False,Portal committed,2026-07-11T12:09:26+00:00
barttorvik-2026-2407,Tyler Mrus,BYU,The Citadel,,2026,False,Portal committed,2026-07-11T12:09:26+00:00
barttorvik-2026-2646,Tyler Parrish,UIndy,Winthrop,,2026,False,Portal committed,2026-07-11T12:09:26+00:00
barttorvik-2026-2959,Tyler Rolison,Nevada,Southeastern Louisiana,,2026,False,Portal committed,2026-07-11T12:09:26+00:00
barttorvik-2026-3326,Tyler Tejada,Towson,Cincinnati,,2026,False,Portal committed,2026-07-11T12:09:26+00:00
barttorvik-2026-3502,Tyler Wagner,Austin Peay,North Dakota,,2026,False,Portal committed,2026-07-11T12:09:26+00:00
barttorvik-2026-3579,Tylik Weeks,Southern Miss,Memphis,,2026,False,Portal committed,2026-07-11T12:09:26+00:00
barttorvik-2026-1786,Tylis Jordan,Mississippi,Georgia Tech,,2026,False,Portal committed,2026-07-11T12:09:26+00:00
barttorvik-2026-609,Tylon Chatman,Lee,UNC Asheville,,2026,False,Portal committed,2026-07-11T12:09:26+00:00
barttorvik-2026-1093,Tyonne Farrell,Morehead St.,Nicholls St.,,2026,False,Portal committed,2026-07-11T12:09:26+00:00
barttorvik-2026-2171,Tyran Mason,UT Arlington,East Tennessee St.,,2026,False,Portal committed,2026-07-11T12:09:26+00:00
barttorvik-2026-1025,Tyrese Elliott,West Alabama,Mississippi Valley St.,,2026,False,Portal committed,2026-07-11T12:09:26+00:00
barttorvik-2026-2897,Tyrone Riley IV,San Francisco,Oregon,,2026,False,Portal committed,2026-07-11T12:09:26+00:00
barttorvik-2026-137,Tyshawn Archie,McNeese St.,Texas A&M,,2026,False,Portal committed,2026-07-11T12:09:26+00:00
barttorvik-2026-3074,Tyson Sexton,Montevallo,Auburn Montgomery,,2026,False,Portal committed,2026-07-11T12:09:26+00:00
barttorvik-2026-2647,Tyus Parrish-Tillman,Biola,UC Riverside,,2026,False,Portal committed,2026-07-11T12:09:26+00:00
barttorvik-2026-442,T’Johnn Brown,McNeese St.,UT Rio Grande Valley,,2026,False,Portal committed,2026-07-11T12:09:26+00:00
barttorvik-2026-1687,Ugnius Jarusevicius,Nebraska,Arizona,,2026,False,Portal committed,2026-07-11T12:09:26+00:00
barttorvik-2026-491,Uzziah Buntyn,South Dakota,Northern Illinois,,2026,False,Portal committed,2026-07-11T12:09:26+00:00
barttorvik-2026-3807,Vangelis Zougris,Louisville,Saint Mary's,,2026,False,Portal committed,2026-07-11T12:09:26+00:00
barttorvik-2026-80,Vasean Allette,UTSA,LIU,,2026,False,Portal committed,2026-07-11T12:09:26+00:00
barttorvik-2026-13,Veniamin Abosi,San Francisco,UC Davis,,2026,False,Portal committed,2026-07-11T12:09:26+00:00
barttorvik-2026-127,Vere Anthony,New Haven,Jefferson,,2026,False,Portal committed,2026-07-11T12:09:26+00:00
barttorvik-2026-691,Vernon Collins,Western Carolina,UNC Greensboro,,2026,False,Portal committed,2026-07-11T12:09:26+00:00
barttorvik-2026-3792,Vice Zanki,Niagara,La Salle,,2026,False,Portal committed,2026-07-11T12:09:26+00:00
barttorvik-2026-2677,Victor Payne,Saint Francis,Central Connecticut,,2026,False,Portal committed,2026-07-11T12:09:26+00:00
barttorvik-2026-3456,Victor Valdes,Troy,Georgia Tech,,2026,False,Portal committed,2026-07-11T12:09:26+00:00
barttorvik-2026-2576,Victory Onuetu,Hofstra,Wisconsin,,2026,False,Portal committed,2026-07-11T12:09:26+00:00
barttorvik-2026-3467,Viljami Vartiainen,Weber St.,UC Santa Barbara,,2026,False,Portal committed,2026-07-11T12:09:26+00:00
barttorvik-2026-1216,Villiam Garcia Adsten,Drexel,Maine,,2026,False,Portal committed,2026-07-11T12:09:26+00:00
barttorvik-2026-2479,Vincent Neugebauer,Florida Atlantic,Belmont,,2026,False,Portal committed,2026-07-11T12:09:26+00:00
barttorvik-2026-613,Vinny Chaudhri,George Washington,Wake Forest,,2026,False,Portal committed,2026-07-11T12:09:26+00:00
barttorvik-2026-3105,Vinny Sigona,East Texas A&M,Canisius,,2026,False,Portal committed,2026-07-11T12:09:26+00:00
barttorvik-2026-2699,Vito Perkovic,East Carolina,Portland,,2026,False,Portal committed,2026-07-11T12:09:26+00:00
barttorvik-2026-363,Vuk Boskovic,San Diego,Bethune Cookman,,2026,False,Portal committed,2026-07-11T12:09:26+00:00
barttorvik-2026-3400,Vukasin Todorovic,Green Bay,Niagara,,2026,False,Portal committed,2026-07-11T12:09:26+00:00
barttorvik-2026-158,Walker Asp,Northern Colorado,Colorado Mesa,,2026,False,Portal committed,2026-07-11T12:09:26+00:00
barttorvik-2026-3395,Walker Timme,Northern Arizona,Alaska Anchorage,,2026,False,Portal committed,2026-07-11T12:09:26+00:00
barttorvik-2026-549,Walter Campbell,Lincoln Memorial,New Orleans,,2026,False,Portal committed,2026-07-11T12:09:26+00:00
barttorvik-2026-3333,Waqo Tessema,Cleveland St.,USC Upstate,,2026,False,Portal committed,2026-07-11T12:09:26+00:00
barttorvik-2026-1044,Wes Enis,South Florida,Creighton,,2026,False,Portal committed,2026-07-11T12:09:26+00:00
barttorvik-2026-1797,Wilguens Jr. Exacte,Drake,Mount St. Mary's,,2026,False,Portal committed,2026-07-11T12:09:26+00:00
barttorvik-2026-70,Will Aljancic,Holy Cross,Flagler,,2026,False,Portal committed,2026-07-11T12:09:26+00:00
barttorvik-2026-813,Will Davies,Saint Anselm,Vermont,,2026,False,Portal committed,2026-07-11T12:09:26+00:00
barttorvik-2026-913,Will Dixion III,Northern Colorado,CarolinaU,,2026,False,Portal committed,2026-07-11T12:09:26+00:00
barttorvik-2026-1163,Will Fowler,Converse,Canisius,,2026,False,Portal committed,2026-07-11T12:09:26+00:00
barttorvik-2026-1562,Will Hornseth,Northern Iowa,Utah St.,,2026,False,Portal committed,2026-07-11T12:09:26+00:00
barttorvik-2026-1928,Will Kuykendall,Baylor,Alaska Anchorage,,2026,False,Portal committed,2026-07-11T12:09:26+00:00
barttorvik-2026-2066,Will Lovings-Watts,Union (NY),Chicago St.,,2026,False,Portal committed,2026-07-11T12:09:26+00:00
barttorvik-2026-2212,Will McClendon,North Texas,Pepperdine,,2026,False,Portal committed,2026-07-11T12:09:26+00:00
barttorvik-2026-3100,Will Shortt,Niagara,Northern Kentucky,,2026,False,Portal committed,2026-07-11T12:09:26+00:00
barttorvik-2026-1285,William Gonzalez,Bethune Cookman,Seminole State College,,2026,False,Portal committed,2026-07-11T12:09:26+00:00
barttorvik-2026-1593,William Humer,Northern Colorado,Barry,,2026,False,Portal committed,2026-07-11T12:09:26+00:00
barttorvik-2026-1857,William Kermoury,Northeastern,UNC Wilmington,,2026,False,Portal committed,2026-07-11T12:09:26+00:00
barttorvik-2026-2659,William Patterson,New Orleans,Wagner,,2026,False,Portal committed,2026-07-11T12:09:26+00:00
barttorvik-2026-3297,William Sydnor,Manhattan,Rutgers,,2026,False,Portal committed,2026-07-11T12:09:26+00:00
barttorvik-2026-1670,Wilson Jacques,Fresno St.,DePaul,,2026,False,Portal committed,2026-07-11T12:09:26+00:00
barttorvik-2026-2312,Win Miller,Belmont,Samford,,2026,False,Portal committed,2026-07-11T12:09:26+00:00
barttorvik-2026-1306,Winters Grady,Michigan,Minnesota,,2026,False,Portal committed,2026-07-11T12:09:26+00:00
barttorvik-2026-3416,Wyatt Triestman,Eckerd,Maine,,2026,False,Portal committed,2026-07-11T12:09:26+00:00
barttorvik-2026-857,Wylee Delorme,North Dakota,Jamestown,,2026,False,Portal committed,2026-07-11T12:09:26+00:00
barttorvik-2026-54,Xander Alarie,Northeastern,Bradley,,2026,False,Portal committed,2026-07-11T12:09:26+00:00
barttorvik-2026-2746,Xander Pintelon,Florida Atlantic,Wake Forest,,2026,False,Portal committed,2026-07-11T12:09:26+00:00
barttorvik-2026-3578,Xander Wedlow,St. Bonaventure,Texas Southern,,2026,False,Portal committed,2026-07-11T12:09:26+00:00
barttorvik-2026-18,Xavier Abreu,Northeastern,Charleston,,2026,False,Portal committed,2026-07-11T12:09:26+00:00
barttorvik-2026-429,Xavier Brown,South Florida,UNC Wilmington,,2026,False,Portal committed,2026-07-11T12:09:26+00:00
barttorvik-2026-3212,Xavier Spencer,UMass Lowell,Lindenwood,,2026,False,Portal committed,2026-07-11T12:09:26+00:00
barttorvik-2026-3366,Xavier Thomas,Saginaw Valley,Lindenwood,,2026,False,Portal committed,2026-07-11T12:09:26+00:00
barttorvik-2026-3230,Xavion Staton,BYU,Oregon St.,,2026,False,Portal committed,2026-07-11T12:09:26+00:00
barttorvik-2026-3757,Yaak Yaak,Oregon St.,Oklahoma,,2026,False,Portal committed,2026-07-11T12:09:26+00:00
barttorvik-2026-850,Yel Deeng,Norfolk St.,Angelo St.,,2026,False,Portal committed,2026-07-11T12:09:26+00:00
barttorvik-2026-3546,Yesan Warren,Cal St. Fullerton,Southern Indiana,,2026,False,Portal committed,2026-07-11T12:09:26+00:00
barttorvik-2026-282,Yoav Berman,Queens,Duquesne,,2026,False,Portal committed,2026-07-11T12:09:26+00:00
barttorvik-2026-3137,Yohann Sissoko,Florida Atlantic,Long Beach St.,,2026,False,Portal committed,2026-07-11T12:09:26+00:00
barttorvik-2026-1994,Yonatan Levy,Pepperdine,Chattanooga,,2026,False,Portal committed,2026-07-11T12:09:26+00:00
barttorvik-2026-880,Yoro Diallo,UVA Wise,Notre Dame,,2026,False,Portal committed,2026-07-11T12:09:26+00:00
barttorvik-2026-1192,Youri Fritz,Northeastern,Pepperdine,,2026,False,Portal committed,2026-07-11T12:09:26+00:00
barttorvik-2026-3760,Yuto Yamanouchi-Williams,Oral Roberts,Southern Indiana,,2026,False,Portal committed,2026-07-11T12:09:26+00:00
barttorvik-2026-1579,Zach Howell,Drury,Bowling Green,,2026,False,Portal committed,2026-07-11T12:09:26+00:00
barttorvik-2026-2720,Zach Philipkoski,Daemen,St. Bonaventure,,2026,False,Portal committed,2026-07-11T12:09:26+00:00
barttorvik-2026-1733,Zachary Johnson,UCF,USC Upstate,,2026,False,Portal committed,2026-07-11T12:09:26+00:00
barttorvik-2026-640,Zachiah Clark,UC Santa Barbara,William & Mary,,2026,False,Portal committed,2026-07-11T12:09:26+00:00
barttorvik-2026-811,Zack Davidson,Northern Arizona,Hawaii,,2026,False,Portal committed,2026-07-11T12:09:26+00:00
barttorvik-2026-2071,Zaide Lowery,Marquette,Dayton,,2026,False,Portal committed,2026-07-11T12:09:26+00:00
barttorvik-2026-3585,Zamoku Weluche-Ume,North Carolina A&T,Old Dominion,,2026,False,Portal committed,2026-07-11T12:09:26+00:00
barttorvik-2026-1132,Zavier Fitch,Wagner,UNC Greensboro,,2026,False,Portal committed,2026-07-11T12:09:26+00:00
barttorvik-2026-1878,Zaxton King,Missouri St.,Illinois St.,,2026,False,Portal committed,2026-07-11T12:09:26+00:00
barttorvik-2026-1508,Zayden High,North Carolina,South Florida,,2026,False,Portal committed,2026-07-11T12:09:26+00:00
barttorvik-2026-988,Zine Eddine Bedri,Columbia,San Jose St.,,2026,False,Portal committed,2026-07-11T12:09:26+00:00
barttorvik-2026-3070,Zion Sensley,UC Santa Barbara,Loyola Marymount,,2026,False,Portal committed,2026-07-11T12:09:26+00:00
barttorvik-2026-3227,Zion Stanford,Villanova,Towson,,2026,False,Portal committed,2026-07-11T12:09:26+00:00
barttorvik-2026-3628,Zion Wilburn,Samford,Georgia St.,,2026,False,Portal committed,2026-07-11T12:09:26+00:00
barttorvik-2026-878,Zoom Diallo,Washington,Kentucky,,2026,False,Portal committed,2026-07-11T12:09:26+00:00
barttorvik-2026-1659,Zundrá Jackson,Coker,UIndy,,2026,False,Portal committed,2026-07-11T12:09:26+00:00
